# This file uses centimeters as units for non-parametric coordinates.

mtllib peeper.mtl
g default
v -1.579208 9.266507 0.453685
v -1.125872 9.266507 0.489110
v -1.352540 9.660303 0.471398
v -1.352540 9.135241 0.471398
v -1.125872 9.529038 0.489110
v -1.579208 9.529038 0.453685
v -1.352540 9.397772 0.471398
v -1.614273 9.397772 0.450945
v -1.483407 9.170413 0.461171
v -1.352540 9.266507 0.471398
v -1.465874 9.463405 0.462541
v -1.468626 9.332139 0.497759
v -1.221673 9.170413 0.481624
v -1.090807 9.397772 0.491851
v -1.239206 9.463405 0.480254
v -1.239206 9.332139 0.480254
v -1.221673 9.625131 0.481624
v -1.483407 9.625131 0.461171
v -1.352540 9.529038 0.471398
v -1.522541 9.496221 0.458113
v -1.605355 9.465720 0.451642
v -1.540073 9.364956 0.456743
v -1.465874 9.397772 0.462541
v -1.531307 9.430589 0.457428
v -1.605355 9.329824 0.451642
v -1.537613 9.212135 0.456935
v -1.477392 9.251276 0.497074
v -1.535690 9.291708 0.457086
v -1.420281 9.144186 0.466104
v -1.352540 9.200874 0.471398
v -1.411959 9.299323 0.502187
v -1.416342 9.226075 0.501844
v -1.352540 9.332139 0.471398
v -1.409207 9.430589 0.466970
v -1.409207 9.364956 0.466970
v -1.284798 9.144186 0.476691
v -1.230440 9.251276 0.480939
v -1.295873 9.299323 0.475826
v -1.291490 9.226075 0.476168
v -1.167466 9.212135 0.485860
v -1.099725 9.329824 0.491154
v -1.165006 9.364956 0.486052
v -1.169389 9.291708 0.485710
v -1.099725 9.465720 0.491154
v -1.182539 9.496221 0.484682
v -1.239206 9.397772 0.480254
v -1.173773 9.430589 0.485367
v -1.295873 9.430589 0.475826
v -1.295873 9.364956 0.475826
v -1.167466 9.583410 0.485860
v -1.287107 9.577084 0.476511
v -1.295873 9.496221 0.475826
v -1.234823 9.536653 0.480597
v -1.284798 9.651358 0.476691
v -1.420281 9.651358 0.466104
v -1.417973 9.577084 0.466285
v -1.352540 9.609901 0.471398
v -1.537613 9.583410 0.456935
v -1.409207 9.496221 0.466970
v -1.470257 9.536653 0.462199
v -1.352540 9.463405 0.471398
v -1.468630 9.397772 0.497814
v -1.468630 9.463405 0.497814
v -1.525297 9.496221 0.493385
v -1.534063 9.430589 0.492700
v -1.584288 9.529038 0.518704
v -1.610436 9.465720 0.516661
v -1.619354 9.397772 0.515964
v -1.542830 9.364956 0.492015
v -1.468630 9.332139 0.497814
v -1.610436 9.329824 0.516661
v -1.538447 9.291708 0.492358
v -1.584288 9.266507 0.518704
v -1.542694 9.212135 0.521954
v -1.488487 9.170413 0.526190
v -1.477396 9.251276 0.497129
v -1.425362 9.144186 0.531123
v -1.416346 9.226075 0.501899
v -1.357621 9.135241 0.536416
v -1.355296 9.200874 0.506670
v -1.355296 9.266507 0.506670
v -1.411963 9.299323 0.502242
v -1.355296 9.332139 0.506670
v -1.411963 9.364956 0.502242
v -1.355296 9.397772 0.506670
v -1.411963 9.430589 0.502242
v -1.298629 9.299323 0.511098
v -1.294246 9.226075 0.511441
v -1.289879 9.144186 0.541710
v -1.226754 9.170413 0.546643
v -1.233196 9.251276 0.516211
v -1.241962 9.332139 0.515526
v -1.172547 9.212135 0.550879
v -1.172146 9.291708 0.520982
v -1.130953 9.266507 0.554129
v -1.104806 9.329824 0.556172
v -1.095887 9.397772 0.556869
v -1.167763 9.364956 0.521324
v -1.104806 9.465720 0.556172
v -1.176529 9.430589 0.520639
v -1.130953 9.529038 0.554129
v -1.185295 9.496221 0.519954
v -1.241962 9.463405 0.515526
v -1.241962 9.397772 0.515526
v -1.298629 9.430589 0.511098
v -1.298629 9.364956 0.511098
v -1.298629 9.496221 0.511098
v -1.237579 9.536653 0.515869
v -1.172547 9.583410 0.550879
v -1.226754 9.625131 0.546643
v -1.289863 9.577084 0.511783
v -1.355296 9.529038 0.506670
v -1.289879 9.651358 0.541710
v -1.355296 9.609901 0.506670
v -1.357621 9.660303 0.536417
v -1.425362 9.651358 0.531123
v -1.488487 9.625131 0.526190
v -1.420730 9.577084 0.501557
v -1.542694 9.583410 0.521954
v -1.473013 9.536653 0.497471
v -1.411963 9.496221 0.502242
v -1.355296 9.463405 0.506670
vt 0.066987 0.250000
vt 0.933013 0.250000
vt 0.500000 1.000000
vt 0.500000 0.000000
vt 0.933013 0.750000
vt 0.066987 0.750000
vt 0.500000 0.500000
vt 0.000000 0.500000
vt 0.250000 0.066987
vt 0.500000 0.250000
vt 0.283494 0.625000
vt 0.283494 0.375000
vt 0.750000 0.066987
vt 1.000000 0.500000
vt 0.716506 0.625000
vt 0.716506 0.375000
vt 0.750000 0.933013
vt 0.250000 0.933013
vt 0.500000 0.750000
vt 0.175240 0.687500
vt 0.017037 0.629409
vt 0.141747 0.437500
vt 0.283494 0.500000
vt 0.158494 0.562500
vt 0.017037 0.370590
vt 0.146447 0.146447
vt 0.266747 0.220994
vt 0.150120 0.297997
vt 0.370591 0.017037
vt 0.500000 0.125000
vt 0.391747 0.312500
vt 0.383373 0.172997
vt 0.500000 0.375000
vt 0.391747 0.562500
vt 0.391747 0.437500
vt 0.629410 0.017037
vt 0.733253 0.220994
vt 0.608253 0.312500
vt 0.616627 0.172997
vt 0.853553 0.146447
vt 0.982963 0.370591
vt 0.858253 0.437500
vt 0.849880 0.297997
vt 0.982963 0.629410
vt 0.824759 0.687500
vt 0.716506 0.500000
vt 0.841506 0.562500
vt 0.608253 0.562500
vt 0.608253 0.437500
vt 0.853553 0.853553
vt 0.625000 0.841506
vt 0.608253 0.687500
vt 0.724880 0.764503
vt 0.629409 0.982963
vt 0.370590 0.982963
vt 0.375000 0.841506
vt 0.500000 0.904006
vt 0.146447 0.853553
vt 0.391747 0.687500
vt 0.275120 0.764503
vt 0.500000 0.625000
vt 0.283494 0.500000
vt 0.283494 0.625000
vt 0.175240 0.687500
vt 0.158494 0.562500
vt 0.066987 0.750000
vt 0.017037 0.629409
vt 0.000000 0.500000
vt 0.141747 0.437500
vt 0.283494 0.375000
vt 0.017037 0.370590
vt 0.150120 0.297997
vt 0.066987 0.250000
vt 0.146447 0.146447
vt 0.250000 0.066987
vt 0.266747 0.220994
vt 0.370591 0.017037
vt 0.383373 0.172997
vt 0.500000 0.000000
vt 0.500000 0.125000
vt 0.500000 0.250000
vt 0.391747 0.312500
vt 0.500000 0.375000
vt 0.391747 0.437500
vt 0.500000 0.500000
vt 0.391747 0.562500
vt 0.608253 0.312500
vt 0.616627 0.172997
vt 0.629410 0.017037
vt 0.750000 0.066987
vt 0.733253 0.220994
vt 0.716506 0.375000
vt 0.853553 0.146447
vt 0.849880 0.297997
vt 0.933013 0.250000
vt 0.982963 0.370591
vt 1.000000 0.500000
vt 0.858253 0.437500
vt 0.982963 0.629410
vt 0.841506 0.562500
vt 0.933013 0.750000
vt 0.824759 0.687500
vt 0.716506 0.625000
vt 0.716506 0.500000
vt 0.608253 0.562500
vt 0.608253 0.437500
vt 0.608253 0.687500
vt 0.724880 0.764503
vt 0.853553 0.853553
vt 0.750000 0.933013
vt 0.625000 0.841506
vt 0.500000 0.750000
vt 0.629409 0.982963
vt 0.500000 0.904006
vt 0.500000 1.000000
vt 0.370590 0.982963
vt 0.250000 0.933013
vt 0.375000 0.841506
vt 0.146447 0.853553
vt 0.275120 0.764503
vt 0.391747 0.687500
vt 0.500000 0.625000
vt 0.066987 0.750000
vt 0.017037 0.629409
vt 0.000000 0.500000
vt 0.017037 0.370590
vt 0.066987 0.250000
vt 0.146447 0.146447
vt 0.250000 0.066987
vt 0.370591 0.017037
vt 0.500000 0.000000
vt 0.629410 0.017037
vt 0.750000 0.066987
vt 0.853553 0.146447
vt 0.933013 0.250000
vt 0.982963 0.370591
vt 1.000000 0.500000
vt 0.982963 0.629410
vt 0.933013 0.750000
vt 0.853553 0.853553
vt 0.750000 0.933013
vt 0.629409 0.982963
vt 0.500000 1.000000
vt 0.370590 0.982963
vt 0.250000 0.933013
vt 0.146447 0.853553
vn -0.077906 -0.000000 0.996961
vn -0.077906 0.000000 0.996961
vn 0.142915 -0.126414 0.981629
vn 0.126006 -0.038180 0.991294
vn 0.248113 -0.185578 0.950789
vn 0.288349 -0.075649 0.954532
vn 0.295892 -0.017223 0.955066
vn 0.137190 0.001728 0.990543
vn -0.077906 0.000000 0.996961
vn 0.336366 0.083122 0.938056
vn 0.154238 0.132816 0.979066
vn 0.372782 0.254706 0.892277
vn 0.204542 0.312145 0.927754
vn 0.096884 0.328520 0.939515
vn 0.032036 0.184415 0.982326
vn 0.042665 0.351184 0.935334
vn -0.008075 0.194764 0.980817
vn -0.072341 0.371157 0.925748
vn -0.075375 0.252828 0.964571
vn -0.077906 -0.000000 0.996961
vn -0.077906 -0.000000 0.996961
vn -0.077906 -0.000000 0.996961
vn -0.077906 -0.000000 0.996961
vn -0.077906 -0.000000 0.996961
vn -0.077906 -0.000000 0.996961
vn -0.077906 0.000000 0.996961
vn -0.144382 0.194764 0.970165
vn -0.187441 0.351184 0.917352
vn -0.241651 0.328520 0.913061
vn -0.184240 0.184415 0.965426
vn -0.077906 -0.000000 0.996961
vn -0.346176 0.312145 0.884719
vn -0.304453 0.132816 0.943222
vn -0.506862 0.254706 0.823538
vn -0.478000 0.083122 0.874418
vn -0.440659 -0.017223 0.897509
vn -0.289394 0.001728 0.957208
vn -0.433124 -0.075650 0.898154
vn -0.278463 -0.038180 0.959688
vn -0.392796 -0.185578 0.900706
vn -0.293665 -0.126414 0.947513
vn -0.077906 -0.000000 0.996961
vn -0.077906 -0.000000 0.996961
vn -0.077906 0.000000 0.996961
vn -0.077906 0.000000 0.996961
vn -0.077906 0.000000 0.996961
vn -0.210310 -0.156584 0.965013
vn -0.318071 -0.275534 0.907145
vn -0.271391 -0.311296 0.910737
vn -0.181256 -0.186143 0.965659
vn -0.077906 0.000000 0.996961
vn -0.202641 -0.395267 0.895936
vn -0.075107 -0.265633 0.961144
vn -0.067040 -0.509412 0.857907
vn 0.061008 -0.395267 0.916538
vn 0.126625 -0.311297 0.941839
vn 0.029051 -0.186143 0.982093
vn 0.173296 -0.275534 0.945542
vn 0.057853 -0.156584 0.985969
vn -0.077906 0.000000 0.996961
vn -0.077906 0.000000 0.996961
vn 0.071021 -0.183202 -0.980506
vn 0.101791 -0.054652 -0.993303
vn 0.077906 -0.000000 -0.996961
vn 0.077906 -0.000000 -0.996961
vn 0.077906 -0.000000 -0.996961
vn 0.077906 -0.000000 -0.996961
vn 0.207296 -0.078371 -0.975134
vn 0.077906 -0.000000 -0.996961
vn 0.190914 -0.195396 -0.961963
vn 0.348230 0.027895 -0.936994
vn 0.077906 -0.000000 -0.996961
vn 0.408437 0.145704 -0.901083
vn 0.077906 -0.000000 -0.996961
vn 0.329163 0.139828 -0.933863
vn 0.315819 0.310433 -0.896599
vn -0.059095 0.188107 -0.980369
vn 0.044754 0.311000 -0.949356
vn -0.091593 0.081823 -0.992429
vn -0.025275 0.122848 -0.992104
vn -0.196421 -0.147216 -0.969405
vn -0.188150 -0.036754 -0.981452
vn -0.100418 -0.212759 -0.971931
vn -0.075782 -0.088293 -0.993208
vn 0.077906 -0.000000 -0.996961
vn 0.077906 -0.000000 -0.996961
vn 0.077906 -0.000000 -0.996961
vn 0.077906 -0.000000 -0.996961
vn 0.077906 -0.000000 -0.996961
vn 0.077906 -0.000000 -0.996961
vn 0.077906 -0.000000 -0.996961
vn 0.077906 -0.000000 -0.996961
vn 0.077906 -0.000000 -0.996961
vn 0.077906 -0.000000 -0.996961
vn 0.077906 -0.000000 -0.996961
vn 0.077906 -0.000000 -0.996961
vn 0.077906 -0.000000 -0.996961
vn 0.077906 -0.000000 -0.996961
vn 0.077906 -0.000000 -0.996961
vn 0.077906 -0.000000 -0.996961
vn 0.077906 -0.000000 -0.996961
vn 0.077906 -0.000000 -0.996961
vn 0.077906 -0.000000 -0.996961
vn 0.077906 -0.000000 -0.996961
vn 0.077906 -0.000000 -0.996961
vn 0.077906 -0.000000 -0.996961
vn 0.077906 -0.000000 -0.996961
vn 0.077906 -0.000000 -0.996961
vn 0.077906 -0.000000 -0.996961
vn 0.077906 -0.000000 -0.996961
vn 0.077906 -0.000000 -0.996961
vn 0.077906 -0.000000 -0.996961
vn 0.077906 -0.000000 -0.996961
vn 0.077906 -0.000000 -0.996961
vn 0.077906 -0.000000 -0.996961
vn 0.077906 -0.000000 -0.996961
vn 0.077906 -0.000000 -0.996961
vn 0.077906 -0.000000 -0.996961
vn 0.077906 -0.000000 -0.996961
vn 0.077906 -0.000000 -0.996961
vn 0.077906 -0.000000 -0.996961
vn 0.077906 -0.000000 -0.996961
vn -0.863393 0.500000 -0.067469
vn -0.962990 0.258819 -0.075252
vn -0.962990 0.258819 -0.075252
vn -0.863393 0.500000 -0.067469
vn -0.996961 -0.000000 -0.077906
vn -0.996961 -0.000000 -0.077906
vn -0.962990 -0.258819 -0.075252
vn -0.962990 -0.258819 -0.075252
vn -0.863393 -0.500000 -0.067469
vn -0.863393 -0.500000 -0.067469
vn -0.704958 -0.707107 -0.055088
vn -0.704958 -0.707107 -0.055088
vn -0.498480 -0.866025 -0.038953
vn -0.498480 -0.866025 -0.038953
vn -0.258032 -0.965926 -0.020164
vn -0.258032 -0.965926 -0.020164
vn 0.000000 -1.000000 0.000000
vn 0.000000 -1.000000 0.000000
vn 0.258033 -0.965926 0.020164
vn 0.258033 -0.965926 0.020164
vn 0.498480 -0.866025 0.038953
vn 0.498481 -0.866025 0.038953
vn 0.704958 -0.707107 0.055088
vn 0.704958 -0.707107 0.055088
vn 0.863393 -0.500000 0.067469
vn 0.863393 -0.500000 0.067469
vn 0.962990 -0.258819 0.075252
vn 0.962990 -0.258819 0.075252
vn 0.996961 0.000000 0.077906
vn 0.996961 0.000000 0.077906
vn 0.962990 0.258819 0.075252
vn 0.962990 0.258819 0.075252
vn 0.863393 0.500000 0.067469
vn 0.863393 0.500000 0.067469
vn 0.704957 0.707107 0.055088
vn 0.704957 0.707107 0.055088
vn 0.498480 0.866026 0.038953
vn 0.498480 0.866026 0.038953
vn 0.258032 0.965926 0.020164
vn 0.258032 0.965926 0.020164
vn -0.000000 1.000000 -0.000000
vn -0.000000 1.000000 -0.000000
vn -0.258032 0.965926 -0.020164
vn -0.258032 0.965926 -0.020164
vn -0.498480 0.866025 -0.038953
vn -0.498480 0.866025 -0.038953
vn -0.704958 0.707107 -0.055088
vn -0.704958 0.707107 -0.055088
s 1
g pDisc1
usemtl aiLambert2SG
f 62/23/1 63/11/2 64/20/3 65/24/4
f 64/20/3 66/123/5 67/124/6 65/24/4
f 67/124/6 68/125/7 69/22/8 65/24/4
f 69/22/8 70/12/9 62/23/1 65/24/4
f 69/22/8 68/125/7 71/126/10 72/28/11
f 71/126/10 73/127/12 74/128/13 72/28/11
f 74/128/13 75/129/14 76/27/15 72/28/11
f 76/27/15 70/12/9 69/22/8 72/28/11
f 76/27/15 75/129/14 77/130/16 78/32/17
f 77/130/16 79/131/18 80/30/19 78/32/17
f 80/30/19 81/10/20 82/31/21 78/32/17
f 82/31/21 70/12/9 76/27/15 78/32/17
f 82/31/21 81/10/20 83/33/22 84/35/23
f 83/33/22 85/7/24 86/34/25 84/35/23
f 86/34/25 63/11/2 62/23/1 84/35/23
f 62/23/1 70/12/9 82/31/21 84/35/23
f 87/38/26 81/10/20 80/30/19 88/39/27
f 80/30/19 79/131/18 89/132/28 88/39/27
f 89/132/28 90/133/29 91/37/30 88/39/27
f 91/37/30 92/16/31 87/38/26 88/39/27
f 91/37/30 90/133/29 93/134/32 94/43/33
f 93/134/32 95/135/34 96/136/35 94/43/33
f 96/136/35 97/137/36 98/42/37 94/43/33
f 98/42/37 92/16/31 91/37/30 94/43/33
f 98/42/37 97/137/36 99/138/38 100/47/39
f 99/138/38 101/139/40 102/45/41 100/47/39
f 102/45/41 103/15/42 104/46/43 100/47/39
f 104/46/43 92/16/31 98/42/37 100/47/39
f 104/46/43 103/15/42 105/48/44 106/49/45
f 105/48/44 85/7/24 83/33/22 106/49/45
f 83/33/22 81/10/20 87/38/26 106/49/45
f 87/38/26 92/16/31 104/46/43 106/49/45
f 107/52/46 103/15/42 102/45/41 108/53/47
f 102/45/41 101/139/40 109/140/48 108/53/47
f 109/140/48 110/141/49 111/51/50 108/53/47
f 111/51/50 112/19/51 107/52/46 108/53/47
f 111/51/50 110/141/49 113/142/52 114/57/53
f 113/142/52 115/143/54 116/144/55 114/57/53
f 116/144/55 117/145/56 118/56/57 114/57/53
f 118/56/57 112/19/51 111/51/50 114/57/53
f 118/56/57 117/145/56 119/146/58 120/60/59
f 119/146/58 66/123/5 64/20/3 120/60/59
f 64/20/3 63/11/2 121/59/60 120/60/59
f 121/59/60 112/19/51 118/56/57 120/60/59
f 121/59/60 63/11/2 86/34/25 122/61/61
f 86/34/25 85/7/24 105/48/44 122/61/61
f 105/48/44 103/15/42 107/52/46 122/61/61
f 107/52/46 112/19/51 121/59/60 122/61/61
s 2
f 23/62/62 24/65/63 20/64/64 11/63/65
f 20/64/64 24/65/63 21/67/66 6/66/67
f 21/67/66 24/65/63 22/69/68 8/68/69
f 22/69/68 24/65/63 23/62/62 12/70/70
f 22/69/68 28/72/71 25/71/72 8/68/69
f 25/71/72 28/72/71 26/74/73 1/73/74
f 26/74/73 28/72/71 27/76/75 9/75/76
f 27/76/75 28/72/71 22/69/68 12/70/70
f 27/76/75 32/78/77 29/77/78 9/75/76
f 29/77/78 32/78/77 30/80/79 4/79/80
f 30/80/79 32/78/77 31/82/81 10/81/82
f 31/82/81 32/78/77 27/76/75 12/70/70
f 31/82/81 35/84/83 33/83/84 10/81/82
f 33/83/84 35/84/83 34/86/85 7/85/86
f 34/86/85 35/84/83 23/62/62 11/63/65
f 23/62/62 35/84/83 31/82/81 12/70/70
f 38/87/87 39/88/88 30/80/79 10/81/82
f 30/80/79 39/88/88 36/89/89 4/79/80
f 36/89/89 39/88/88 37/91/90 13/90/91
f 37/91/90 39/88/88 38/87/87 16/92/92
f 37/91/90 43/94/93 40/93/94 13/90/91
f 40/93/94 43/94/93 41/96/95 2/95/96
f 41/96/95 43/94/93 42/98/97 14/97/98
f 42/98/97 43/94/93 37/91/90 16/92/92
f 42/98/97 47/100/99 44/99/100 14/97/98
f 44/99/100 47/100/99 45/102/101 5/101/102
f 45/102/101 47/100/99 46/104/103 15/103/104
f 46/104/103 47/100/99 42/98/97 16/92/92
f 46/104/103 49/106/105 48/105/106 15/103/104
f 48/105/106 49/106/105 33/83/84 7/85/86
f 33/83/84 49/106/105 38/87/87 10/81/82
f 38/87/87 49/106/105 46/104/103 16/92/92
f 52/107/107 53/108/108 45/102/101 15/103/104
f 45/102/101 53/108/108 50/109/109 5/101/102
f 50/109/109 53/108/108 51/111/110 17/110/111
f 51/111/110 53/108/108 52/107/107 19/112/112
f 51/111/110 57/114/113 54/113/114 17/110/111
f 54/113/114 57/114/113 55/116/115 3/115/116
f 55/116/115 57/114/113 56/118/117 18/117/118
f 56/118/117 57/114/113 51/111/110 19/112/112
f 56/118/117 60/120/119 58/119/120 18/117/118
f 58/119/120 60/120/119 20/64/64 6/66/67
f 20/64/64 60/120/119 59/121/121 11/63/65
f 59/121/121 60/120/119 56/118/117 19/112/112
f 59/121/121 61/122/122 34/86/85 11/63/65
f 34/86/85 61/122/122 48/105/106 7/85/86
f 48/105/106 61/122/122 52/107/107 15/103/104
f 52/107/107 61/122/122 59/121/121 19/112/112
s 3
f 6/6/123 21/21/124 67/124/125 66/123/126
f 21/21/124 8/8/127 68/125/128 67/124/125
f 8/8/127 25/25/129 71/126/130 68/125/128
f 25/25/129 1/1/131 73/127/132 71/126/130
f 1/1/131 26/26/133 74/128/134 73/127/132
f 26/26/133 9/9/135 75/129/136 74/128/134
f 9/9/135 29/29/137 77/130/138 75/129/136
f 29/29/137 4/4/139 79/131/140 77/130/138
f 4/4/139 36/36/141 89/132/142 79/131/140
f 36/36/141 13/13/143 90/133/144 89/132/142
f 13/13/143 40/40/145 93/134/146 90/133/144
f 40/40/145 2/2/147 95/135/148 93/134/146
f 2/2/147 41/41/149 96/136/150 95/135/148
f 41/41/149 14/14/151 97/137/152 96/136/150
f 14/14/151 44/44/153 99/138/154 97/137/152
f 44/44/153 5/5/155 101/139/156 99/138/154
f 5/5/155 50/50/157 109/140/158 101/139/156
f 50/50/157 17/17/159 110/141/160 109/140/158
f 17/17/159 54/54/161 113/142/162 110/141/160
f 54/54/161 3/3/163 115/143/164 113/142/162
f 3/3/163 55/55/165 116/144/166 115/143/164
f 55/55/165 18/18/167 117/145/168 116/144/166
f 18/18/167 58/58/169 119/146/170 117/145/168
f 58/58/169 6/6/123 66/123/126 119/146/170
g default
v -1.577968 9.531599 -0.458015
v -1.124005 9.526448 -0.483675
v -1.355646 9.135269 -0.474250
v -1.349433 9.660275 -0.469710
v -1.127111 9.263945 -0.485945
v -1.581075 9.269096 -0.460285
v -1.352540 9.397772 -0.471980
v -1.614636 9.400746 -0.457165
v -1.480898 9.626593 -0.462606
v -1.350987 9.529024 -0.470845
v -1.466807 9.333434 -0.466132
v -1.467244 9.465014 -0.500264
v -1.218802 9.623620 -0.477421
v -1.090444 9.394799 -0.486794
v -1.239826 9.330859 -0.478962
v -1.238272 9.462110 -0.477827
v -1.224182 9.168951 -0.481353
v -1.486278 9.171925 -0.466538
v -1.354093 9.266521 -0.473115
v -1.523941 9.301265 -0.463208
v -1.606509 9.332704 -0.458257
v -1.539945 9.432716 -0.461081
v -1.466031 9.399060 -0.465565
v -1.531943 9.366990 -0.462145
v -1.604901 9.468585 -0.457082
v -1.535673 9.585492 -0.459899
v -1.475066 9.545968 -0.499069
v -1.534689 9.505906 -0.460696
v -1.417375 9.652100 -0.465953
v -1.350210 9.594649 -0.470277
v -1.410110 9.497183 -0.503188
v -1.413633 9.570473 -0.502306
v -1.351763 9.463398 -0.471412
v -1.409674 9.365603 -0.469056
v -1.408897 9.431229 -0.468488
v -1.281704 9.650561 -0.473621
v -1.228537 9.542865 -0.477624
v -1.294629 9.495567 -0.474336
v -1.289373 9.568757 -0.473951
v -1.165013 9.581287 -0.480850
v -1.098571 9.462841 -0.485702
v -1.164358 9.428454 -0.482311
v -1.167881 9.501744 -0.481429
v -1.100179 9.326959 -0.486877
v -1.183468 9.297402 -0.482453
v -1.239049 9.396485 -0.478395
v -1.173913 9.362928 -0.482382
v -1.296183 9.364315 -0.475471
v -1.295406 9.429941 -0.474903
v -1.169407 9.210052 -0.484060
v -1.289138 9.217736 -0.477234
v -1.296959 9.298690 -0.476038
v -1.236303 9.257569 -0.479844
v -1.287705 9.143444 -0.478007
v -1.423376 9.144983 -0.470338
v -1.420186 9.219223 -0.469826
v -1.355050 9.185666 -0.473814
v -1.540066 9.214257 -0.463109
v -1.410450 9.299977 -0.469623
v -1.472063 9.260244 -0.466517
v -1.353316 9.332146 -0.472547
v -1.468024 9.399389 -0.500887
v -1.468800 9.333763 -0.501454
v -1.525934 9.301594 -0.498530
v -1.533936 9.367319 -0.497467
v -1.584748 9.269702 -0.525395
v -1.610183 9.333310 -0.523368
v -1.618309 9.401352 -0.522275
v -1.541938 9.433045 -0.496403
v -1.467247 9.465015 -0.500319
v -1.608575 9.469192 -0.522193
v -1.536682 9.506235 -0.496018
v -1.581642 9.532205 -0.523125
v -1.539347 9.586099 -0.525009
v -1.484571 9.627200 -0.527717
v -1.475069 9.545968 -0.499124
v -1.421048 9.652707 -0.531063
v -1.413636 9.570473 -0.502361
v -1.353107 9.660882 -0.534820
v -1.352203 9.594978 -0.505599
v -1.352979 9.529353 -0.506167
v -1.410113 9.497184 -0.503243
v -1.353756 9.463727 -0.506734
v -1.410890 9.431558 -0.503810
v -1.354533 9.398101 -0.507302
v -1.411666 9.365932 -0.504378
v -1.296622 9.495896 -0.509658
v -1.291366 9.569086 -0.509273
v -1.285377 9.651168 -0.538732
v -1.222475 9.624226 -0.542532
v -1.230530 9.543194 -0.512946
v -1.240265 9.462439 -0.513149
v -1.168687 9.581894 -0.545961
v -1.169873 9.502073 -0.516751
v -1.127678 9.527055 -0.548785
v -1.102244 9.463447 -0.550813
v -1.094117 9.395405 -0.551905
v -1.166351 9.428783 -0.517633
v -1.103852 9.327566 -0.551988
v -1.175906 9.363257 -0.517704
v -1.130785 9.264552 -0.551055
v -1.185461 9.297731 -0.517775
v -1.241818 9.331188 -0.514284
v -1.241042 9.396814 -0.513717
v -1.298176 9.364644 -0.510793
v -1.297399 9.430270 -0.510225
v -1.298952 9.299019 -0.511360
v -1.238296 9.257898 -0.515165
v -1.173080 9.210658 -0.549171
v -1.227856 9.169558 -0.546463
v -1.291130 9.218065 -0.512556
v -1.356086 9.266850 -0.508437
v -1.291379 9.144051 -0.543117
v -1.357043 9.185995 -0.509136
v -1.359320 9.135876 -0.539360
v -1.427049 9.145590 -0.535449
v -1.489952 9.172531 -0.531649
v -1.422178 9.219552 -0.505148
v -1.543740 9.214864 -0.528220
v -1.474056 9.260573 -0.501839
v -1.412443 9.300306 -0.504945
v -1.355309 9.332475 -0.507869
vt 0.066987 0.250000
vt 0.933013 0.250000
vt 0.500000 1.000000
vt 0.500000 0.000000
vt 0.933013 0.750000
vt 0.066987 0.750000
vt 0.500000 0.500000
vt 0.000000 0.500000
vt 0.250000 0.066987
vt 0.500000 0.250000
vt 0.283494 0.625000
vt 0.283494 0.375000
vt 0.750000 0.066987
vt 1.000000 0.500000
vt 0.716506 0.625000
vt 0.716506 0.375000
vt 0.750000 0.933013
vt 0.250000 0.933013
vt 0.500000 0.750000
vt 0.175240 0.687500
vt 0.017037 0.629409
vt 0.141747 0.437500
vt 0.283494 0.500000
vt 0.158494 0.562500
vt 0.017037 0.370590
vt 0.146447 0.146447
vt 0.266747 0.220994
vt 0.150120 0.297997
vt 0.370591 0.017037
vt 0.500000 0.125000
vt 0.391747 0.312500
vt 0.383373 0.172997
vt 0.500000 0.375000
vt 0.391747 0.562500
vt 0.391747 0.437500
vt 0.629410 0.017037
vt 0.733253 0.220994
vt 0.608253 0.312500
vt 0.616627 0.172997
vt 0.853553 0.146447
vt 0.982963 0.370591
vt 0.858253 0.437500
vt 0.849880 0.297997
vt 0.982963 0.629410
vt 0.824759 0.687500
vt 0.716506 0.500000
vt 0.841506 0.562500
vt 0.608253 0.562500
vt 0.608253 0.437500
vt 0.853553 0.853553
vt 0.625000 0.841506
vt 0.608253 0.687500
vt 0.724880 0.764503
vt 0.629409 0.982963
vt 0.370590 0.982963
vt 0.375000 0.841506
vt 0.500000 0.904006
vt 0.146447 0.853553
vt 0.391747 0.687500
vt 0.275120 0.764503
vt 0.500000 0.625000
vt 0.283494 0.500000
vt 0.283494 0.625000
vt 0.175240 0.687500
vt 0.158494 0.562500
vt 0.066987 0.750000
vt 0.017037 0.629409
vt 0.000000 0.500000
vt 0.141747 0.437500
vt 0.283494 0.375000
vt 0.017037 0.370590
vt 0.150120 0.297997
vt 0.066987 0.250000
vt 0.146447 0.146447
vt 0.250000 0.066987
vt 0.266747 0.220994
vt 0.370591 0.017037
vt 0.383373 0.172997
vt 0.500000 0.000000
vt 0.500000 0.125000
vt 0.500000 0.250000
vt 0.391747 0.312500
vt 0.500000 0.375000
vt 0.391747 0.437500
vt 0.500000 0.500000
vt 0.391747 0.562500
vt 0.608253 0.312500
vt 0.616627 0.172997
vt 0.629410 0.017037
vt 0.750000 0.066987
vt 0.733253 0.220994
vt 0.716506 0.375000
vt 0.853553 0.146447
vt 0.849880 0.297997
vt 0.933013 0.250000
vt 0.982963 0.370591
vt 1.000000 0.500000
vt 0.858253 0.437500
vt 0.982963 0.629410
vt 0.841506 0.562500
vt 0.933013 0.750000
vt 0.824759 0.687500
vt 0.716506 0.625000
vt 0.716506 0.500000
vt 0.608253 0.562500
vt 0.608253 0.437500
vt 0.608253 0.687500
vt 0.724880 0.764503
vt 0.853553 0.853553
vt 0.750000 0.933013
vt 0.625000 0.841506
vt 0.500000 0.750000
vt 0.629409 0.982963
vt 0.500000 0.904006
vt 0.500000 1.000000
vt 0.370590 0.982963
vt 0.250000 0.933013
vt 0.375000 0.841506
vt 0.146447 0.853553
vt 0.275120 0.764503
vt 0.391747 0.687500
vt 0.500000 0.625000
vt 0.066987 0.750000
vt 0.017037 0.629409
vt 0.000000 0.500000
vt 0.017037 0.370590
vt 0.066987 0.250000
vt 0.146447 0.146447
vt 0.250000 0.066987
vt 0.370591 0.017037
vt 0.500000 0.000000
vt 0.629410 0.017037
vt 0.750000 0.066987
vt 0.853553 0.146447
vt 0.933013 0.250000
vt 0.982963 0.370591
vt 1.000000 0.500000
vt 0.982963 0.629410
vt 0.933013 0.750000
vt 0.853553 0.853553
vt 0.750000 0.933013
vt 0.629409 0.982963
vt 0.500000 1.000000
vt 0.370590 0.982963
vt 0.250000 0.933013
vt 0.146447 0.853553
vn -0.056326 0.009300 -0.998369
vn -0.056326 0.009300 -0.998369
vn 0.165592 0.132918 -0.977196
vn 0.147853 0.044978 -0.987986
vn 0.270791 0.190554 -0.943590
vn 0.309795 0.080184 -0.947416
vn 0.316656 0.021678 -0.948293
vn 0.158545 0.004933 -0.987339
vn -0.056326 0.009300 -0.998369
vn 0.355563 -0.079286 -0.931283
vn 0.173789 -0.126442 -0.976632
vn 0.388948 -0.251672 -0.886217
vn 0.220846 -0.306786 -0.925802
vn 0.113281 -0.321767 -0.940018
vn 0.051084 -0.176539 -0.982967
vn 0.058720 -0.343812 -0.937201
vn 0.010830 -0.186418 -0.982411
vn -0.056695 -0.362481 -0.930265
vn -0.057488 -0.243803 -0.968119
vn -0.056326 0.009300 -0.998369
vn -0.056326 0.009300 -0.998369
vn -0.056326 0.009300 -0.998369
vn -0.056326 0.009300 -0.998369
vn -0.056326 0.009300 -0.998369
vn -0.056326 0.009300 -0.998369
vn -0.056326 0.009300 -0.998369
vn -0.125666 -0.184869 -0.974696
vn -0.171705 -0.341198 -0.924176
vn -0.225723 -0.317921 -0.920856
vn -0.165492 -0.174082 -0.970725
vn -0.056326 0.009300 -0.998369
vn -0.330635 -0.300529 -0.894630
vn -0.285538 -0.121231 -0.950669
vn -0.491916 -0.241679 -0.836427
vn -0.459932 -0.070034 -0.885188
vn -0.420916 0.030046 -0.906602
vn -0.268630 0.009780 -0.963194
vn -0.412678 0.088381 -0.906579
vn -0.257177 0.049573 -0.965092
vn -0.371006 0.197835 -0.907313
vn -0.271593 0.137878 -0.952484
vn -0.056326 0.009300 -0.998369
vn -0.056326 0.009300 -0.998369
vn -0.056326 0.009300 -0.998369
vn -0.056326 0.009300 -0.998369
vn -0.056326 0.009300 -0.998369
vn -0.187528 0.167191 -0.967926
vn -0.295100 0.286937 -0.911363
vn -0.247934 0.322165 -0.913640
vn -0.158119 0.196403 -0.967690
vn -0.056326 0.009300 -0.998369
vn -0.178531 0.405176 -0.896638
vn -0.051160 0.274570 -0.960205
vn -0.042442 0.517360 -0.854714
vn 0.085483 0.402181 -0.911561
vn 0.150634 0.317643 -0.936169
vn 0.052480 0.194013 -0.979594
vn 0.196948 0.281355 -0.939176
vn 0.081007 0.164144 -0.983105
vn -0.056326 0.009300 -0.998369
vn -0.056326 0.009300 -0.998369
vn 0.051967 0.174103 0.983355
vn 0.080930 0.045089 0.995699
vn 0.056326 -0.009300 0.998369
vn 0.056326 -0.009300 0.998369
vn 0.056326 -0.009300 0.998369
vn 0.056326 -0.009300 0.998369
vn 0.187076 0.067690 0.980010
vn 0.056326 -0.009300 0.998369
vn 0.172369 0.185011 0.967502
vn 0.327534 -0.039937 0.943995
vn 0.056326 -0.009300 0.998369
vn 0.387105 -0.158156 0.908370
vn 0.056326 -0.009300 0.998369
vn 0.307217 -0.151603 0.939486
vn 0.292664 -0.321717 0.900470
vn -0.082500 -0.195602 0.977207
vn 0.020534 -0.319469 0.947374
vn -0.113991 -0.089039 0.989484
vn -0.048172 -0.130854 0.990231
vn -0.215580 0.141428 0.966190
vn -0.208878 0.030777 0.977457
vn -0.118885 0.205789 0.971348
vn -0.096189 0.080862 0.992073
vn 0.056326 -0.009300 0.998369
vn 0.056326 -0.009300 0.998369
vn 0.056326 -0.009300 0.998369
vn 0.056326 -0.009300 0.998369
vn 0.056326 -0.009300 0.998369
vn 0.056326 -0.009300 0.998369
vn 0.056326 -0.009300 0.998369
vn 0.056326 -0.009300 0.998369
vn 0.056326 -0.009300 0.998369
vn 0.056326 -0.009300 0.998369
vn 0.056326 -0.009300 0.998369
vn 0.056326 -0.009300 0.998369
vn 0.056326 -0.009300 0.998369
vn 0.056326 -0.009300 0.998369
vn 0.056326 -0.009300 0.998369
vn 0.056326 -0.009300 0.998369
vn 0.056326 -0.009300 0.998369
vn 0.056326 -0.009300 0.998369
vn 0.056326 -0.009300 0.998369
vn 0.056326 -0.009300 0.998369
vn 0.056326 -0.009300 0.998369
vn 0.056326 -0.009300 0.998369
vn 0.056326 -0.009300 0.998369
vn 0.056326 -0.009300 0.998369
vn 0.056326 -0.009300 0.998369
vn 0.056326 -0.009300 0.998369
vn 0.056326 -0.009300 0.998369
vn 0.056326 -0.009300 0.998369
vn 0.056326 -0.009300 0.998369
vn 0.056326 -0.009300 0.998369
vn 0.056326 -0.009300 0.998369
vn 0.056326 -0.009300 0.998369
vn 0.056326 -0.009300 0.998369
vn 0.056326 -0.009300 0.998369
vn 0.056326 -0.009300 0.998369
vn 0.056326 -0.009300 0.998369
vn 0.056326 -0.009300 0.998369
vn 0.056326 -0.009300 0.998369
vn -0.870506 -0.490137 0.044547
vn -0.967387 -0.247851 0.052270
vn -0.967387 -0.247851 0.052270
vn -0.870506 -0.490137 0.044547
vn -0.998342 0.011327 0.056430
vn -0.998342 0.011327 0.056430
vn -0.961262 0.269732 0.056746
vn -0.961262 0.269732 0.056746
vn -0.858673 0.509755 0.053194
vn -0.858673 0.509755 0.053194
vn -0.697567 0.715040 0.046016
vn -0.697567 0.715040 0.046016
vn -0.488924 0.871596 0.035703
vn -0.488924 0.871596 0.035703
vn -0.246960 0.968754 0.022957
vn -0.246960 0.968754 0.022957
vn 0.011833 0.999893 0.008647
vn 0.011833 0.999893 0.008647
vn 0.269820 0.962891 -0.006253
vn 0.269820 0.962891 -0.006253
vn 0.509419 0.860269 -0.020727
vn 0.509419 0.860269 -0.020727
vn 0.714302 0.699022 -0.033788
vn 0.714302 0.699022 -0.033788
vn 0.870506 0.490137 -0.044547
vn 0.870506 0.490137 -0.044547
vn 0.967387 0.247851 -0.052270
vn 0.967387 0.247851 -0.052270
vn 0.998342 -0.011327 -0.056430
vn 0.998342 -0.011327 -0.056430
vn 0.961262 -0.269732 -0.056746
vn 0.961262 -0.269732 -0.056746
vn 0.858673 -0.509755 -0.053194
vn 0.858673 -0.509755 -0.053194
vn 0.697567 -0.715040 -0.046016
vn 0.697567 -0.715040 -0.046016
vn 0.488923 -0.871596 -0.035703
vn 0.488923 -0.871596 -0.035703
vn 0.246960 -0.968754 -0.022957
vn 0.246960 -0.968754 -0.022957
vn -0.011833 -0.999893 -0.008647
vn -0.011833 -0.999893 -0.008647
vn -0.269820 -0.962891 0.006253
vn -0.269820 -0.962891 0.006253
vn -0.509419 -0.860269 0.020727
vn -0.509419 -0.860269 0.020727
vn -0.714302 -0.699022 0.033788
vn -0.714302 -0.699022 0.033788
s 1
g pasted__pDisc1 group
usemtl aiLambert2SG
f 184/169/171 185/157/172 186/166/173 187/170/174
f 186/166/173 188/269/175 189/270/176 187/170/174
f 189/270/176 190/271/177 191/168/178 187/170/174
f 191/168/178 192/158/179 184/169/171 187/170/174
f 191/168/178 190/271/177 193/272/180 194/174/181
f 193/272/180 195/273/182 196/274/183 194/174/181
f 196/274/183 197/275/184 198/173/185 194/174/181
f 198/173/185 192/158/179 191/168/178 194/174/181
f 198/173/185 197/275/184 199/276/186 200/178/187
f 199/276/186 201/277/188 202/176/189 200/178/187
f 202/176/189 203/156/190 204/177/191 200/178/187
f 204/177/191 192/158/179 198/173/185 200/178/187
f 204/177/191 203/156/190 205/179/192 206/181/193
f 205/179/192 207/153/194 208/180/195 206/181/193
f 208/180/195 185/157/172 184/169/171 206/181/193
f 184/169/171 192/158/179 204/177/191 206/181/193
f 209/184/196 203/156/190 202/176/189 210/185/197
f 202/176/189 201/277/188 211/278/198 210/185/197
f 211/278/198 212/279/199 213/183/200 210/185/197
f 213/183/200 214/162/201 209/184/196 210/185/197
f 213/183/200 212/279/199 215/280/202 216/189/203
f 215/280/202 217/281/204 218/282/205 216/189/203
f 218/282/205 219/283/206 220/188/207 216/189/203
f 220/188/207 214/162/201 213/183/200 216/189/203
f 220/188/207 219/283/206 221/284/208 222/193/209
f 221/284/208 223/285/210 224/191/211 222/193/209
f 224/191/211 225/161/212 226/192/213 222/193/209
f 226/192/213 214/162/201 220/188/207 222/193/209
f 226/192/213 225/161/212 227/194/214 228/195/215
f 227/194/214 207/153/194 205/179/192 228/195/215
f 205/179/192 203/156/190 209/184/196 228/195/215
f 209/184/196 214/162/201 226/192/213 228/195/215
f 229/198/216 225/161/212 224/191/211 230/199/217
f 224/191/211 223/285/210 231/286/218 230/199/217
f 231/286/218 232/287/219 233/197/220 230/199/217
f 233/197/220 234/165/221 229/198/216 230/199/217
f 233/197/220 232/287/219 235/288/222 236/203/223
f 235/288/222 237/289/224 238/290/225 236/203/223
f 238/290/225 239/291/226 240/202/227 236/203/223
f 240/202/227 234/165/221 233/197/220 236/203/223
f 240/202/227 239/291/226 241/292/228 242/206/229
f 241/292/228 188/269/175 186/166/173 242/206/229
f 186/166/173 185/157/172 243/205/230 242/206/229
f 243/205/230 234/165/221 240/202/227 242/206/229
f 243/205/230 185/157/172 208/180/195 244/207/231
f 208/180/195 207/153/194 227/194/214 244/207/231
f 227/194/214 225/161/212 229/198/216 244/207/231
f 229/198/216 234/165/221 243/205/230 244/207/231
s 2
f 145/208/232 146/211/233 142/210/234 133/209/235
f 142/210/234 146/211/233 143/213/236 128/212/237
f 143/213/236 146/211/233 144/215/238 130/214/239
f 144/215/238 146/211/233 145/208/232 134/216/240
f 144/215/238 150/218/241 147/217/242 130/214/239
f 147/217/242 150/218/241 148/220/243 123/219/244
f 148/220/243 150/218/241 149/222/245 131/221/246
f 149/222/245 150/218/241 144/215/238 134/216/240
f 149/222/245 154/224/247 151/223/248 131/221/246
f 151/223/248 154/224/247 152/226/249 126/225/250
f 152/226/249 154/224/247 153/228/251 132/227/252
f 153/228/251 154/224/247 149/222/245 134/216/240
f 153/228/251 157/230/253 155/229/254 132/227/252
f 155/229/254 157/230/253 156/232/255 129/231/256
f 156/232/255 157/230/253 145/208/232 133/209/235
f 145/208/232 157/230/253 153/228/251 134/216/240
f 160/233/257 161/234/258 152/226/249 132/227/252
f 152/226/249 161/234/258 158/235/259 126/225/250
f 158/235/259 161/234/258 159/237/260 135/236/261
f 159/237/260 161/234/258 160/233/257 138/238/262
f 159/237/260 165/240/263 162/239/264 135/236/261
f 162/239/264 165/240/263 163/242/265 124/241/266
f 163/242/265 165/240/263 164/244/267 136/243/268
f 164/244/267 165/240/263 159/237/260 138/238/262
f 164/244/267 169/246/269 166/245/270 136/243/268
f 166/245/270 169/246/269 167/248/271 127/247/272
f 167/248/271 169/246/269 168/250/273 137/249/274
f 168/250/273 169/246/269 164/244/267 138/238/262
f 168/250/273 171/252/275 170/251/276 137/249/274
f 170/251/276 171/252/275 155/229/254 129/231/256
f 155/229/254 171/252/275 160/233/257 132/227/252
f 160/233/257 171/252/275 168/250/273 138/238/262
f 174/253/277 175/254/278 167/248/271 137/249/274
f 167/248/271 175/254/278 172/255/279 127/247/272
f 172/255/279 175/254/278 173/257/280 139/256/281
f 173/257/280 175/254/278 174/253/277 141/258/282
f 173/257/280 179/260/283 176/259/284 139/256/281
f 176/259/284 179/260/283 177/262/285 125/261/286
f 177/262/285 179/260/283 178/264/287 140/263/288
f 178/264/287 179/260/283 173/257/280 141/258/282
f 178/264/287 182/266/289 180/265/290 140/263/288
f 180/265/290 182/266/289 142/210/234 128/212/237
f 142/210/234 182/266/289 181/267/291 133/209/235
f 181/267/291 182/266/289 178/264/287 141/258/282
f 181/267/291 183/268/292 156/232/255 133/209/235
f 156/232/255 183/268/292 170/251/276 129/231/256
f 170/251/276 183/268/292 174/253/277 137/249/274
f 174/253/277 183/268/292 181/267/291 141/258/282
s 3
f 128/152/293 143/167/294 189/270/295 188/269/296
f 143/167/294 130/154/297 190/271/298 189/270/295
f 130/154/297 147/171/299 193/272/300 190/271/298
f 147/171/299 123/147/301 195/273/302 193/272/300
f 123/147/301 148/172/303 196/274/304 195/273/302
f 148/172/303 131/155/305 197/275/306 196/274/304
f 131/155/305 151/175/307 199/276/308 197/275/306
f 151/175/307 126/150/309 201/277/310 199/276/308
f 126/150/309 158/182/311 211/278/312 201/277/310
f 158/182/311 135/159/313 212/279/314 211/278/312
f 135/159/313 162/186/315 215/280/316 212/279/314
f 162/186/315 124/148/317 217/281/318 215/280/316
f 124/148/317 163/187/319 218/282/320 217/281/318
f 163/187/319 136/160/321 219/283/322 218/282/320
f 136/160/321 166/190/323 221/284/324 219/283/322
f 166/190/323 127/151/325 223/285/326 221/284/324
f 127/151/325 172/196/327 231/286/328 223/285/326
f 172/196/327 139/163/329 232/287/330 231/286/328
f 139/163/329 176/200/331 235/288/332 232/287/330
f 176/200/331 125/149/333 237/289/334 235/288/332
f 125/149/333 177/201/335 238/290/336 237/289/334
f 177/201/335 140/164/337 239/291/338 238/290/336
f 140/164/337 180/204/339 241/292/340 239/291/338
f 180/204/339 128/152/293 188/269/296 241/292/340
g default
v -0.955730 8.431186 -0.046685
v -0.999623 8.431186 -0.088800
v -1.067988 8.431186 -0.122222
v -1.154132 8.431186 -0.143681
v -1.249623 8.431186 -0.151075
v -1.345115 8.431186 -0.143681
v -1.431259 8.431186 -0.122222
v -1.499623 8.431186 -0.088800
v -1.543516 8.431186 -0.046685
v -1.558640 8.431186 -0.000000
v -1.543516 8.431186 0.046685
v -1.499623 8.431186 0.088799
v -1.431259 8.431186 0.122222
v -1.345115 8.431186 0.143681
v -1.249623 8.431186 0.151075
v -1.154132 8.431186 0.143681
v -1.067988 8.431186 0.122222
v -0.999623 8.431186 0.088799
v -0.955731 8.431186 0.046685
v -0.940606 8.431186 -0.000000
v -0.817852 8.491236 -0.068587
v -0.882337 8.491236 -0.130460
v -0.982774 8.491236 -0.179562
v -1.109332 8.491236 -0.211088
v -1.249623 8.491236 -0.221951
v -1.389914 8.491236 -0.211088
v -1.516472 8.491236 -0.179562
v -1.616909 8.491236 -0.130460
v -1.681394 8.491236 -0.068587
v -1.703614 8.491236 -0.000000
v -1.681394 8.491236 0.068587
v -1.616909 8.491236 0.130459
v -1.516472 8.491236 0.179562
v -1.389914 8.491236 0.211088
v -1.249623 8.491236 0.221951
v -1.109333 8.491236 0.211088
v -0.982774 8.491236 0.179562
v -0.882337 8.491236 0.130459
v -0.817853 8.491236 0.068587
v -0.795633 8.491236 0.000000
v 0.368488 8.298353 0.104337
v 0.275902 8.279048 0.037686
v -0.904132 8.573226 -0.232480
v -1.067988 8.573226 -0.273297
v -1.249623 8.573226 -0.287362
v -1.431259 8.573226 -0.273297
v -1.595115 8.573226 -0.232480
v -1.725152 8.573226 -0.168907
v -1.808640 8.573226 -0.088800
v -1.837409 8.573226 0.000000
v -1.808640 8.573226 0.088800
v -1.725152 8.573226 0.168907
v -1.595115 8.573226 0.232480
v -1.431259 8.573226 0.273297
v -1.249623 8.573226 0.287362
v -1.067988 8.573226 0.273297
v -0.904132 8.573226 0.232480
v 0.191164 8.460303 0.237699
v 0.395625 8.299211 0.279849
v 0.405355 8.308826 0.180611
v 0.449172 8.426630 0.065823
v 0.338370 8.403947 -0.015314
v -0.833996 8.675136 -0.279675
v -1.031115 8.675136 -0.328777
v -1.249623 8.675136 -0.345697
v -1.468131 8.675136 -0.328777
v -1.665250 8.675136 -0.279675
v -1.821685 8.675136 -0.203195
v -1.922121 8.675136 -0.106826
v -1.956729 8.675136 0.000000
v -1.922121 8.675136 0.106826
v -1.821685 8.675136 0.203195
v -1.665250 8.675136 0.279674
v -1.468131 8.675136 0.328777
v -1.249623 8.675136 0.345697
v -1.031115 8.675136 0.328777
v -0.833996 8.675136 0.279674
v 0.397055 8.405429 0.386815
v 0.480025 8.427408 0.277235
v 0.497981 8.434713 0.166629
v 0.514129 8.564458 0.040277
v 0.387358 8.538505 -0.052554
v -0.771125 8.802878 -0.336804
v -0.999623 8.794458 -0.376162
v -1.249623 8.794458 -0.395520
v -1.499623 8.794458 -0.376161
v -1.725152 8.794458 -0.319982
v -1.904132 8.794458 -0.232480
v -2.019043 8.794457 -0.122222
v -2.058639 8.794457 0.000000
v -2.019043 8.794457 0.122222
v -1.904132 8.794458 0.232480
v -1.725152 8.794458 0.319982
v -1.499623 8.794458 0.376161
v -1.249623 8.794458 0.395519
v -0.999623 8.794458 0.376161
v -0.776584 8.803374 0.303137
v 0.454500 8.540201 0.407530
v 0.559371 8.565600 0.350301
v 0.569974 8.573707 0.155611
v 0.547054 8.711918 -0.054560
v 0.418435 8.683613 -0.081435
v -0.722068 8.936433 -0.368918
v -0.974287 8.928252 -0.414283
v -1.249623 8.928252 -0.435603
v -1.524960 8.928252 -0.414283
v -1.773344 8.928252 -0.352411
v -1.970463 8.928252 -0.256041
v -2.097020 8.928252 -0.134609
v -2.140629 8.928252 0.000000
v -2.097020 8.928252 0.134609
v -1.970463 8.928252 0.256041
v -1.773344 8.928252 0.352410
v -1.524960 8.928252 0.414283
v -1.249623 8.928252 0.435603
v -0.974287 8.928252 0.414283
v -0.728081 8.936980 0.335877
v 0.492381 8.685480 0.425277
v 0.596928 8.713179 0.287198
v 0.632212 8.722704 0.234549
v 0.568865 8.865927 -0.067479
v 0.430834 8.835695 -0.101244
v -0.685933 9.081232 -0.392474
v -0.955731 9.073226 -0.442204
v -1.249623 9.073226 -0.464961
v -1.543516 9.073226 -0.442204
v -1.808640 9.073226 -0.376161
v -2.019044 9.073226 -0.273297
v -2.154131 9.073226 -0.143681
v -2.200679 9.073226 0.000000
v -2.154131 9.073226 0.143681
v -2.019044 9.073226 0.273297
v -1.808640 9.073226 0.376161
v -1.543516 9.073226 0.442204
v -1.249623 9.073226 0.464961
v -0.955731 9.073226 0.442204
v -0.692350 9.081815 0.359821
v 0.509764 8.837689 0.439618
v 0.621357 8.867253 0.292234
v 0.652960 8.877267 0.194507
v 0.424253 8.991008 -0.111494
v -0.663604 9.233707 -0.406891
v -0.944411 9.225809 -0.459237
v -1.249623 9.225809 -0.482870
v -1.554836 9.225809 -0.459237
v -1.830172 9.225809 -0.390650
v -2.048680 9.225809 -0.283824
v -2.188970 9.225809 -0.149215
v -2.237311 9.225809 0.000000
v -2.188970 9.225809 0.149215
v -2.048680 9.225809 0.283824
v -1.830172 9.225809 0.390650
v -1.554836 9.225809 0.459237
v -1.249623 9.225809 0.482870
v -0.944411 9.225809 0.459237
v -0.670270 9.234313 0.374380
v 0.506222 8.993078 0.450200
v 0.622114 9.023781 0.297139
v 0.654645 9.034173 0.193682
v 0.555547 9.177807 0.002813
v 0.320382 9.298927 -0.100672
v -0.655639 9.390104 -0.411814
v -0.940606 9.382243 -0.464961
v -1.249623 9.382243 -0.488889
v -1.558640 9.382243 -0.464961
v -1.837409 9.382243 -0.395520
v -2.058640 9.382243 -0.287362
v -2.200679 9.382243 -0.151075
v -2.249623 9.382243 0.000000
v -2.200679 9.382243 0.151075
v -2.058640 9.382243 0.287362
v -1.837409 9.382243 0.395519
v -1.558640 9.382243 0.464961
v -1.249623 9.382243 0.488889
v -0.940606 9.382243 0.464961
v -0.662386 9.390718 0.379196
v 0.481841 9.147823 0.456763
v 0.599178 9.178909 0.301794
v 0.343660 9.323199 -0.098926
v -0.662226 9.546573 -0.407121
v -0.944411 9.538677 -0.459237
v -1.249623 9.538677 -0.482870
v -1.554836 9.538677 -0.459237
v -1.830172 9.538677 -0.390650
v -2.048680 9.538677 -0.283824
v -2.188970 9.538677 -0.149215
v -2.237311 9.538677 0.000000
v -2.188970 9.538677 0.149215
v -2.048680 9.538677 0.283824
v -1.830172 9.538677 0.390650
v -1.554836 9.538677 0.459237
v -1.249623 9.538677 0.482870
v -0.944411 9.538677 0.459237
v -0.668891 9.547178 0.374150
v 0.437224 9.298113 0.459145
v 0.429264 9.455030 0.383595
v 0.503176 9.499250 0.198329
v 0.294537 9.438255 -0.083575
v -0.683209 9.699260 -0.392930
v -0.955731 9.691260 -0.442204
v -1.249623 9.691260 -0.464961
v -1.543516 9.691260 -0.442204
v -1.808640 9.691260 -0.376161
v -2.019044 9.691260 -0.273297
v -2.154131 9.691260 -0.143681
v -2.200679 9.691260 0.000000
v -2.154131 9.691260 0.143681
v -2.019044 9.691260 0.273297
v -1.808640 9.691260 0.376161
v -1.543516 9.691260 0.442204
v -1.249623 9.691260 0.464961
v -0.955731 9.691260 0.442204
v -0.689627 9.699843 0.359365
v 0.373467 9.440248 0.457287
v -0.398559 9.843358 0.120175
v -0.521778 9.843612 -0.271539
v -0.718066 9.844405 -0.369588
v -0.974287 9.836234 -0.414283
v -1.249623 9.836234 -0.435603
v -1.524960 9.836234 -0.414283
v -1.773344 9.836234 -0.352411
v -1.970463 9.836234 -0.256041
v -2.097020 9.836233 -0.134609
v -2.140629 9.836233 0.000000
v -2.097020 9.836233 0.134609
v -1.970463 9.836234 0.256041
v -1.773344 9.836234 0.352410
v -1.524960 9.836234 0.414283
v -1.249623 9.836234 0.435603
v -0.974287 9.836234 0.414283
v -0.725903 9.836234 0.352410
v -0.526148 9.844010 0.240523
v -0.480202 9.970027 -0.122222
v -0.595114 9.970027 -0.232480
v -0.774095 9.970027 -0.319982
v -0.999623 9.970027 -0.376162
v -1.249623 9.970027 -0.395520
v -1.499623 9.970027 -0.376161
v -1.725152 9.970027 -0.319982
v -1.904132 9.970027 -0.232480
v -2.019044 9.970027 -0.122222
v -2.058640 9.970027 0.000000
v -2.019044 9.970027 0.122222
v -1.904132 9.970027 0.232480
v -1.725152 9.970027 0.319982
v -1.499623 9.970027 0.376161
v -1.249623 9.970027 0.395519
v -0.999623 9.970027 0.376161
v -0.774095 9.970027 0.319982
v -0.595115 9.970027 0.232480
v -0.480202 9.970027 0.122222
v -0.440606 9.970027 -0.000000
v -0.577124 10.089349 -0.106826
v -0.677561 10.089349 -0.203196
v -0.833996 10.089349 -0.279675
v -1.031115 10.089349 -0.328777
v -1.249623 10.089349 -0.345697
v -1.468131 10.089349 -0.328777
v -1.665250 10.089349 -0.279675
v -1.821685 10.089349 -0.203195
v -1.922122 10.089349 -0.106826
v -1.956730 10.089349 0.000000
v -1.922122 10.089349 0.106826
v -1.821685 10.089349 0.203195
v -1.665250 10.089349 0.279674
v -1.468131 10.089349 0.328777
v -1.249623 10.089349 0.345697
v -1.031115 10.089349 0.328777
v -0.833996 10.089349 0.279674
v -0.677562 10.089349 0.203195
v -0.577125 10.089349 0.106826
v -0.542516 10.089349 -0.000000
v -0.690606 10.191260 -0.088800
v -0.774095 10.191260 -0.168907
v -0.904132 10.191260 -0.232480
v -1.067988 10.191260 -0.273297
v -1.249623 10.191260 -0.287362
v -1.431259 10.191260 -0.273297
v -1.595115 10.191260 -0.232480
v -1.725152 10.191260 -0.168907
v -1.808640 10.191260 -0.088800
v -1.837409 10.191260 0.000000
v -1.808640 10.191260 0.088800
v -1.725152 10.191260 0.168907
v -1.595115 10.191260 0.232480
v -1.431259 10.191260 0.273297
v -1.249623 10.191260 0.287362
v -1.067988 10.191260 0.273297
v -0.904132 10.191260 0.232480
v -0.774095 10.191260 0.168907
v -0.690606 10.191260 0.088799
v -0.661838 10.191260 -0.000000
v -0.817852 10.273249 -0.068587
v -0.882337 10.273249 -0.130460
v -0.982774 10.273249 -0.179562
v -1.109332 10.273249 -0.211088
v -1.249623 10.273249 -0.221951
v -1.389914 10.273249 -0.211088
v -1.516472 10.273249 -0.179562
v -1.616909 10.273249 -0.130460
v -1.681394 10.273249 -0.068587
v -1.703614 10.273249 0.000000
v -1.681394 10.273249 0.068587
v -1.616909 10.273249 0.130460
v -1.516472 10.273249 0.179562
v -1.389914 10.273249 0.211088
v -1.249623 10.273249 0.221951
v -1.109333 10.273249 0.211088
v -0.982774 10.273249 0.179562
v -0.882337 10.273249 0.130459
v -0.817853 10.273249 0.068586
v -0.795633 10.273249 -0.000000
v -0.936494 10.463314 -0.046685
v -0.979699 10.471054 -0.088800
v -1.046992 10.483109 -0.122222
v -1.131786 10.498299 -0.143681
v -1.225782 10.515138 -0.151075
v -1.319777 10.531976 -0.143681
v -1.404571 10.547167 -0.122222
v -1.471864 10.559222 -0.088800
v -1.515069 10.566962 -0.046685
v -1.529956 10.569629 0.000000
v -1.515069 10.566962 0.046685
v -1.471864 10.559222 0.088800
v -1.404571 10.547166 0.122222
v -1.319777 10.531976 0.143681
v -1.225782 10.515138 0.151075
v -1.131786 10.498299 0.143681
v -1.046992 10.483109 0.122222
v -0.979699 10.471054 0.088800
v -0.936494 10.463314 0.046685
v -0.921607 10.460647 0.000000
v 0.358199 8.357166 0.043191
v 0.322196 8.288701 0.071011
v 0.308286 8.339532 0.015036
v 0.393771 8.415288 0.025255
v 0.406977 8.364368 0.081319
v 0.404783 8.354731 0.332613
v 0.361571 8.289944 0.325689
v 0.435225 8.365081 0.274893
v 0.438540 8.416419 0.332025
v 0.365140 8.341327 0.382765
v 0.445812 8.371678 0.224136
v 0.402684 8.302258 0.233815
v 0.451668 8.371770 0.173620
v 0.489003 8.431060 0.221932
v 0.431621 8.371318 0.126886
v 0.385067 8.305467 0.138713
v 0.473577 8.430672 0.116226
v 0.423409 8.486138 0.008923
v 0.362864 8.471226 -0.033934
v 0.450743 8.551481 -0.006139
v 0.481651 8.495544 0.053050
v 0.471534 8.487355 0.338694
v 0.524670 8.496630 0.347840
v 0.425778 8.472815 0.397172
v 0.535727 8.503347 0.288490
v 0.533978 8.504211 0.161120
v 0.569645 8.569779 0.287028
v 0.509199 8.502676 0.106715
v 0.542051 8.569082 0.097943
v 0.402897 8.611058 -0.066995
v 0.477246 8.697625 -0.105680
v 0.536091 8.638327 0.030541
v 0.523956 8.628275 0.350713
v 0.573177 8.639263 0.284678
v 0.544654 8.699329 0.356238
v 0.473441 8.612840 0.416403
v 0.597362 8.646223 0.304900
v 0.607420 8.648366 0.238441
v 0.608243 8.717780 0.217513
v 0.566137 8.645433 0.090923
v 0.588803 8.717289 0.084316
v 0.485977 8.775765 -0.114034
v 0.424635 8.759654 -0.091340
v 0.494350 8.850672 -0.122044
v 0.557959 8.788922 -0.061019
v 0.555328 8.777516 0.361184
v 0.609142 8.790215 0.289716
v 0.565561 8.852471 0.365926
v 0.501072 8.761585 0.432447
v 0.632534 8.799731 0.145648
v 0.640883 8.872354 0.268889
v 0.600998 8.796094 0.079905
v 0.612687 8.871642 0.075677
v 0.503470 8.929871 -0.050804
v 0.427543 8.913352 -0.106369
v 0.501636 9.006850 -0.054828
v 0.579440 8.944448 0.004862
v 0.564856 8.931421 0.369846
v 0.564168 9.008430 0.373669
v 0.507992 8.915383 0.444909
v 0.641502 8.951688 0.269922
v 0.653802 8.955720 0.194095
v 0.642103 9.029071 0.270930
v 0.612901 8.950966 0.073938
v 0.613108 9.028339 0.072242
v 0.489367 9.084628 -0.054693
v 0.411552 9.068368 -0.111713
v 0.336248 9.275545 -0.034410
v 0.567283 9.100250 0.002326
v 0.610645 9.101345 0.299467
v 0.540510 9.163366 0.379279
v 0.494031 9.070450 0.453482
v 0.623219 9.106800 0.221746
v 0.635886 9.111612 0.144009
v 0.611877 9.184075 0.223584
v 0.601537 9.106251 0.073172
v 0.590061 9.183524 0.074093
v 0.458281 9.421626 0.036977
v 0.236102 9.334663 -0.087092
v 0.517933 9.238106 0.380940
v 0.576147 9.253862 0.303939
v 0.495169 9.313464 0.382615
v 0.459532 9.222968 0.457954
v 0.565657 9.333918 0.228837
v 0.369051 9.453509 -0.029010
v 0.405346 9.369180 0.458216
v 0.531824 9.403444 0.232137
v -0.968137 10.530116 -0.050647
v -1.000817 10.530373 -0.093967
v -1.052957 10.534426 -0.125822
v -1.120613 10.543604 -0.144798
v -1.197474 10.557047 -0.150395
v -1.274284 10.572732 -0.142434
v -1.341819 10.588645 -0.121448
v -1.393824 10.602846 -0.088857
v -1.426397 10.612996 -0.047074
v -1.437443 10.616733 0.000000
v -1.426397 10.612996 0.047074
v -1.393824 10.602845 0.088857
v -1.341818 10.588643 0.121448
v -1.274284 10.572732 0.142434
v -1.197474 10.557047 0.150395
v -1.120613 10.543604 0.144797
v -1.052956 10.534425 0.125821
v -1.000817 10.530373 0.093966
v -0.968136 10.530116 0.050647
v -0.957047 10.530614 0.000000
v -0.953990 10.611812 -0.042169
v -0.982659 10.616949 -0.078648
v -1.025150 10.624211 -0.106754
v -1.078379 10.633846 -0.125178
v -1.138286 10.646133 -0.132295
v -1.198549 10.660356 -0.126999
v -1.252508 10.674911 -0.109691
v -1.295313 10.688016 -0.081548
v -1.323467 10.697623 -0.043930
v -1.333469 10.701259 -0.000000
v -1.323467 10.697622 0.043930
v -1.295313 10.688014 0.081550
v -1.252508 10.674913 0.109692
v -1.198549 10.660357 0.126998
v -1.138286 10.646135 0.132295
v -1.078379 10.633845 0.125179
v -1.025149 10.624210 0.106755
v -0.982659 10.616950 0.078648
v -0.953990 10.611813 0.042169
v -0.943533 10.609792 0.000000
v -0.971325 10.646853 -0.047883
v -0.991479 10.654968 -0.090187
v -1.020831 10.664621 -0.123264
v -1.056963 10.675428 -0.145181
v -1.097313 10.688268 -0.154208
v -1.137950 10.703128 -0.149067
v -1.174616 10.718798 -0.129966
v -1.204215 10.733636 -0.097912
v -1.224354 10.745378 -0.053587
v -1.231747 10.750119 0.000001
v -1.224355 10.745378 0.053590
v -1.204216 10.733635 0.097916
v -1.174616 10.718801 0.129967
v -1.137949 10.703129 0.149064
v -1.097313 10.688270 0.154207
v -1.056963 10.675427 0.145181
v -1.020831 10.664620 0.123264
v -0.991479 10.654970 0.090187
v -0.971325 10.646855 0.047883
v -0.963917 10.643400 -0.000000
v -0.949054 10.707312 -0.057475
v -0.964527 10.720151 -0.103147
v -0.984798 10.736243 -0.137616
v -1.007403 10.753371 -0.158963
v -1.030138 10.771871 -0.166127
v -1.050821 10.791825 -0.158419
v -1.067473 10.811914 -0.136461
v -1.079155 10.830357 -0.101621
v -1.085648 10.844984 -0.053748
v -1.085088 10.851254 0.005165
v -1.076427 10.845885 0.063532
v -1.062513 10.831981 0.110021
v -1.045503 10.814063 0.142878
v -1.025598 10.794290 0.162264
v -1.003942 10.774432 0.166949
v -0.982583 10.755794 0.156604
v -0.963574 10.738315 0.132252
v -0.948921 10.721677 0.095286
v -0.940762 10.708126 0.047957
v -0.940710 10.702443 -0.005048
v -0.858875 10.826399 -0.040588
v -0.868713 10.836294 -0.066081
v -0.882667 10.849664 -0.085997
v -0.899150 10.864130 -0.098729
v -0.916388 10.878530 -0.103296
v -0.932560 10.892858 -0.099172
v -0.945977 10.906290 -0.086727
v -0.956407 10.917953 -0.066884
v -0.964438 10.927401 -0.039054
v -0.966429 10.931540 -0.004000
v -0.958973 10.927924 0.030377
v -0.946680 10.918914 0.056754
v -0.933278 10.907547 0.074892
v -0.918033 10.894325 0.085279
v -0.901420 10.880077 0.087048
v -0.885104 10.865457 0.080072
v -0.870780 10.850921 0.065138
v -0.860092 10.837107 0.043493
v -0.854352 10.826851 0.016926
v -0.853984 10.822790 -0.012009
v -0.529314 10.650913 -0.183708
v -0.582521 10.704426 -0.321586
v -0.608872 10.817050 -0.235048
v -0.566950 10.776741 -0.133533
v -0.657994 10.776741 -0.429297
v -0.670267 10.872570 -0.317829
v -0.747139 10.854976 -0.498162
v -0.742550 10.933676 -0.370489
v -0.840374 10.932861 -0.522862
v -0.816621 10.994348 -0.388643
v -0.927839 11.010354 -0.500554
v -0.884607 11.051463 -0.370586
v -1.000404 11.082998 -0.433249
v -0.939514 11.101773 -0.320071
v -1.056814 11.146080 -0.325927
v -0.981539 11.144898 -0.242591
v -1.100250 11.197178 -0.175407
v -1.012887 11.181649 -0.132875
v -1.111017 11.219564 0.014182
v -1.017979 11.198031 0.007026
v -1.070694 11.200005 0.200107
v -0.991129 11.183660 0.144665
v -1.004207 11.151279 0.342768
v -0.942904 11.148473 0.248692
v -0.931723 11.089797 0.440868
v -0.889196 11.106559 0.319292
v -0.849269 11.018287 0.497046
v -0.827011 11.056631 0.361364
v -0.759421 10.941227 0.506614
v -0.757019 10.999548 0.369418
v -0.671173 10.862156 0.468882
v -0.686645 10.939247 0.340812
v -0.593704 10.783539 0.388110
v -0.623443 10.877357 0.278516
v -0.535897 10.708826 0.271048
v -0.575636 10.820625 0.187978
v -0.504854 10.653358 0.127360
v -0.550069 10.778324 0.081788
v -0.502859 10.631390 -0.029133
v -0.547185 10.761525 -0.026647
v -0.923262 8.204056 -0.139648
v -0.888864 8.206132 -0.078544
v -0.979446 8.198687 -0.189744
v -1.054126 8.189606 -0.224590
v -1.141008 8.176487 -0.240089
v -1.229646 8.158662 -0.233188
v -1.309327 8.136725 -0.202619
v -1.372516 8.114317 -0.148648
v -1.413356 8.097622 -0.074513
v -1.427525 8.092882 0.011040
v -1.413488 8.102191 0.094746
v -1.372844 8.121530 0.164168
v -1.309917 8.144032 0.212205
v -1.230518 8.164170 0.236961
v -1.142137 8.179361 0.238677
v -1.055449 8.189754 0.218195
v -0.980827 8.196605 0.178161
v -0.924456 8.201025 0.123064
v -0.889570 8.203936 0.058140
v -0.877602 8.205774 -0.010933
v -0.854266 8.103892 -0.089501
v -0.889272 8.099124 -0.140787
v -0.866475 8.155698 -0.192851
v -0.824870 8.155579 -0.122347
v -0.939958 8.091824 -0.179743
v -0.926990 8.149242 -0.246998
v -1.000418 8.083181 -0.203666
v -1.000737 8.136270 -0.282190
v -1.064627 8.073828 -0.211450
v -1.080203 8.117202 -0.295116
v -1.127017 8.064212 -0.203155
v -1.155868 8.093376 -0.282900
v -1.182564 8.054739 -0.179215
v -1.219252 8.068683 -0.245139
v -1.226819 8.046144 -0.140897
v -1.265341 8.048808 -0.184553
v -1.256429 8.039033 -0.090036
v -1.291720 8.037456 -0.106408
v -1.267661 8.034501 -0.029491
v -1.297015 8.034210 -0.018633
v -1.257300 8.034101 0.031458
v -1.280709 8.037616 0.068020
v -1.228004 8.037072 0.083135
v -1.244169 8.047084 0.143124
v -1.183518 8.042161 0.122178
v -1.190217 8.061921 0.199513
v -1.127526 8.048592 0.146715
v -1.122228 8.080071 0.232827
v -1.064667 8.055871 0.155540
v -1.045256 8.098664 0.240396
v -0.999967 8.064067 0.148050
v -0.967321 8.115647 0.221694
v -0.939023 8.073454 0.123756
v -0.897682 8.130265 0.179348
v -0.888109 8.084177 0.083419
v -0.844274 8.141985 0.118428
v -0.853447 8.095361 0.030293
v -0.812866 8.148930 0.044269
v -0.840994 8.103299 -0.030042
v -0.806334 8.152085 -0.039449
v -1.066829 8.033815 -0.030179
v -0.566950 10.776741 -0.133533
v -0.608872 10.817050 -0.235048
v -0.670268 10.872570 -0.317829
v -0.742550 10.933676 -0.370489
v -0.816621 10.994348 -0.388643
v -0.884607 11.051463 -0.370586
v -0.939514 11.101773 -0.320071
v -0.981539 11.144898 -0.242591
v -1.012887 11.181649 -0.132874
v -1.017980 11.198031 0.007026
v -0.991129 11.183660 0.144665
v -0.942904 11.148473 0.248692
v -0.889196 11.106559 0.319292
v -0.827011 11.056631 0.361364
v -0.757019 10.999548 0.369417
v -0.686645 10.939247 0.340812
v -0.623443 10.877357 0.278516
v -0.575636 10.820625 0.187978
v -0.550069 10.778324 0.081788
v -0.547184 10.761525 -0.026647
v -0.566950 10.776741 -0.133533
v -0.608872 10.817050 -0.235048
v -0.670268 10.872570 -0.317829
v -0.742550 10.933676 -0.370489
v -0.816621 10.994348 -0.388643
v -0.884607 11.051463 -0.370586
v -0.939514 11.101773 -0.320071
v -0.981539 11.144898 -0.242591
v -1.012887 11.181649 -0.132874
v -1.017980 11.198031 0.007026
v -0.991129 11.183660 0.144665
v -0.942904 11.148473 0.248692
v -0.889196 11.106559 0.319292
v -0.827011 11.056631 0.361364
v -0.757019 10.999548 0.369417
v -0.686645 10.939247 0.340812
v -0.623443 10.877357 0.278516
v -0.575636 10.820625 0.187978
v -0.550069 10.778324 0.081788
v -0.547184 10.761525 -0.026647
v -0.605721 10.746636 -0.130095
v -0.646775 10.786132 -0.229886
v -0.797603 11.009145 -0.008856
v -0.706220 10.839849 -0.310438
v -0.775897 10.898642 -0.361622
v -0.847411 10.957138 -0.379336
v -0.913460 11.012645 -0.361567
v -0.967013 11.061832 -0.311737
v -1.007903 11.103986 -0.235393
v -1.038318 11.139870 -0.127618
v -1.043160 11.155849 0.009306
v -1.017015 11.141835 0.144052
v -0.969994 11.107471 0.246321
v -0.917642 11.066555 0.315941
v -0.856955 11.017783 0.357500
v -0.788777 10.962184 0.365537
v -0.720822 10.904030 0.337758
v -0.660046 10.844545 0.277325
v -0.613839 10.789679 0.189316
v -0.588878 10.748234 0.084943
v -0.586072 10.731548 -0.023378
v 0.275081 9.342480 -0.058590
v 0.295678 9.315352 -0.094821
v 0.331794 9.445882 -0.056293
v 0.406308 9.461136 -0.001728
v 0.548741 9.368681 0.230487
v 0.600369 9.221382 0.224892
v 0.618224 9.186659 0.184479
v 0.572804 9.180665 0.038453
v 0.445897 9.226677 -0.015799
v 0.071291 9.233213 -0.327590
v 0.417639 9.329687 0.018444
v 0.260353 9.260425 -0.092054
v 0.346627 9.331434 -0.087986
v 0.503004 7.694989 0.258364
v 0.652560 7.839228 0.245116
v 0.540172 7.704873 0.208033
v 0.701461 7.857657 0.188723
v 0.511731 7.913678 0.371892
v 0.611043 8.064968 0.371639
v 0.656923 7.948572 0.301880
v 0.771139 8.108598 0.296367
v 0.891544 8.007246 0.110771
v 1.018225 8.165278 0.091701
v 0.831405 7.994967 0.065613
v 0.958703 8.158471 0.042386
v 1.007294 8.295214 -0.030700
v 1.093466 8.459719 -0.050141
v 0.825256 8.254888 -0.059700
v 0.904538 8.422277 -0.081244
v 0.710358 8.216257 0.371386
v 0.781484 8.376761 0.372320
v 0.876474 8.256181 0.291283
v 0.958431 8.423638 0.288064
v 1.218512 8.625205 0.196813
v 1.272030 8.793937 0.192964
v 1.274857 8.640187 0.120517
v 1.331442 8.812994 0.113963
v 1.284056 8.961619 -0.095232
v 1.301014 9.130354 -0.101125
v 1.070057 8.914213 -0.129323
v 1.083052 9.084124 -0.135954
v 1.325549 8.962667 0.189116
v 1.343307 9.131422 0.188699
v 1.385691 8.978658 0.107679
v 1.404840 9.149827 0.105669
v 1.317971 9.299089 -0.107018
v 1.299262 9.463708 -0.105834
v 1.095732 9.249857 -0.142422
v 1.075553 9.414845 -0.141455
v 0.955460 9.202696 0.383868
v 0.934491 9.366713 0.388112
v 1.158263 9.251436 0.286075
v 1.138476 9.416435 0.289724
v 1.324183 9.629428 0.194331
v 1.269997 9.785867 0.200722
v 1.387418 9.646243 0.108703
v 1.360244 9.724091 0.112147
v 1.333069 9.801936 0.115592
v 0.382314 7.665983 0.316562
v 0.526749 7.814615 0.308839
v 0.802115 7.983466 0.231867
v 0.386679 7.775327 0.373326
v 0.577341 7.714756 0.157702
v 0.734441 7.861000 0.134236
v 0.846831 7.995356 0.171319
v 0.687272 7.857297 0.091472
v 0.889279 8.138950 -0.005122
v 0.723017 8.107382 -0.033404
v 0.922354 8.139785 0.221524
v 1.042592 8.296105 0.211181
v 0.771265 7.982687 0.020456
v 1.076099 8.309262 0.020966
v 0.643217 8.214562 -0.088699
v 0.710940 8.374980 -0.111079
v 0.778665 8.535398 -0.133458
v 0.979153 8.579811 -0.101520
v 1.179638 8.624224 -0.069582
v 1.130553 8.460655 0.203996
v 1.035562 8.581236 0.285033
v 1.187048 8.479960 0.130887
v 0.817362 8.701103 -0.148436
v 1.025564 8.750540 -0.115715
v 0.856058 8.866807 -0.163413
v 1.331198 8.655169 0.044222
v 1.388514 8.824910 0.035232
v 1.445829 8.994649 0.026242
v 0.864773 9.033716 -0.170619
v 1.130269 8.915734 0.283282
v 1.144439 9.085675 0.284696
v 1.361062 9.300177 0.188283
v 1.423520 9.316784 0.103708
v 1.401973 9.316240 -0.043942
v 1.383688 9.149292 -0.039277
v 0.852011 9.364630 -0.177084
v 0.622102 9.841182 -0.146702
v 0.645412 9.791855 -0.081431
v 0.962984 9.710090 -0.093041
v 1.280553 9.628326 -0.104651
v 1.342624 9.464802 0.191306
v 1.118852 9.580080 0.293343
v 0.913521 9.530731 0.392355
v 1.383713 9.481644 -0.042358
v 1.066150 9.736179 0.299101
v 1.215813 9.942309 0.207112
v 1.283962 9.959061 0.161534
v 1.311374 9.880570 0.158158
v 0.697859 9.898613 -0.152737
v 0.648688 9.989009 -0.142607
v 0.608913 10.062136 -0.134412
v 0.853821 9.987866 -0.066763
v 1.023665 9.958363 -0.070748
v 0.569135 10.135262 -0.126217
v 0.676135 10.158965 -0.109172
v 0.783135 10.182668 -0.092127
v 0.863794 10.190484 -0.068976
v 1.239603 10.030212 0.166766
v 0.406308 9.461136 -0.001728
v 0.458281 9.334462 0.056189
v 1.029370 9.958507 -0.031656
v 0.863794 10.190484 -0.068976
v 0.285327 9.439844 -0.121218
v 0.311172 9.300516 -0.138315
v 0.559925 10.136851 -0.163861
v 0.612892 9.842771 -0.184345
v 0.667398 7.171092 0.254522
v 1.031806 7.489667 0.277543
v 0.861821 7.217489 0.171999
v 1.425993 7.591795 0.161930
v 1.763170 7.900519 -0.016036
v 2.123249 8.246497 0.018711
v 1.552218 7.853705 -0.046837
v 1.695058 8.160348 -0.072037
v 0.854109 7.217294 0.119146
v 1.409819 7.582235 0.036703
v 1.579811 7.854402 0.142247
v 1.726285 8.161141 0.141940
v 1.687533 8.152460 -0.135703
v 2.023065 8.497811 -0.269171
v 2.043782 8.498334 -0.127208
v 2.470417 8.592088 -0.033226
v 2.162672 8.817884 -0.295308
v 2.182404 8.824187 -0.150979
v 2.302292 9.137959 -0.321447
v 2.525922 9.185119 -0.204684
v 2.745985 9.232186 -0.112245
v 2.883016 9.566632 -0.133475
v 2.525922 9.185119 -0.204684
v 2.662040 9.523167 -0.227210
v 3.020029 9.901075 -0.154703
v 2.799683 9.854025 -0.249897
v 2.821231 9.854571 -0.102248
v 3.012581 9.900886 -0.205741
v 2.945829 10.196002 -0.197087
v 2.754267 10.150909 -0.093096
v 2.879070 10.491124 -0.188433
v 2.682398 10.444680 -0.121391
v 2.889979 10.491400 -0.113687
v 2.671492 10.444397 -0.196137
v 2.868164 10.490850 -0.263178
v 2.732585 10.150356 -0.241670
v 1.702073 10.920663 -0.131169
v 2.458445 10.397527 -0.241212
vt 0.000000 0.050000
vt 0.050000 0.050000
vt 0.100000 0.050000
vt 0.150000 0.050000
vt 0.200000 0.050000
vt 0.250000 0.050000
vt 0.300000 0.050000
vt 0.350000 0.050000
vt 0.400000 0.050000
vt 0.450000 0.050000
vt 0.500000 0.050000
vt 0.550000 0.050000
vt 0.600000 0.050000
vt 0.650000 0.050000
vt 0.700000 0.050000
vt 0.750000 0.050000
vt 0.800000 0.050000
vt 0.850000 0.050000
vt 0.900000 0.050000
vt 0.950000 0.050000
vt 1.000000 0.050000
vt 0.000000 0.100000
vt 0.050000 0.100000
vt 0.100000 0.100000
vt 0.150000 0.100000
vt 0.200000 0.100000
vt 0.250000 0.100000
vt 0.300000 0.100000
vt 0.350000 0.100000
vt 0.400000 0.100000
vt 0.450000 0.100000
vt 0.500000 0.100000
vt 0.550000 0.100000
vt 0.600000 0.100000
vt 0.650000 0.100000
vt 0.700000 0.100000
vt 0.750000 0.100000
vt 0.800000 0.100000
vt 0.850000 0.100000
vt 0.900000 0.100000
vt 0.950000 0.100000
vt 1.000000 0.100000
vt 0.000000 0.150000
vt 0.050000 0.150000
vt 0.100000 0.150000
vt 0.150000 0.150000
vt 0.200000 0.150000
vt 0.250000 0.150000
vt 0.300000 0.150000
vt 0.350000 0.150000
vt 0.400000 0.150000
vt 0.450000 0.150000
vt 0.500000 0.150000
vt 0.550000 0.150000
vt 0.600000 0.150000
vt 0.650000 0.150000
vt 0.700000 0.150000
vt 0.750000 0.150000
vt 0.800000 0.150000
vt 0.850000 0.150000
vt 0.900000 0.150000
vt 0.950000 0.150000
vt 1.000000 0.150000
vt 0.000000 0.200000
vt 0.050000 0.200000
vt 0.100000 0.200000
vt 0.150000 0.200000
vt 0.200000 0.200000
vt 0.250000 0.200000
vt 0.300000 0.200000
vt 0.350000 0.200000
vt 0.400000 0.200000
vt 0.450000 0.200000
vt 0.500000 0.200000
vt 0.550000 0.200000
vt 0.600000 0.200000
vt 0.650000 0.200000
vt 0.700000 0.200000
vt 0.750000 0.200000
vt 0.800000 0.200000
vt 0.850000 0.200000
vt 0.900000 0.200000
vt 0.950000 0.200000
vt 1.000000 0.200000
vt 0.000000 0.250000
vt 0.050000 0.250000
vt 0.100000 0.250000
vt 0.150000 0.250000
vt 0.200000 0.250000
vt 0.250000 0.250000
vt 0.300000 0.250000
vt 0.350000 0.250000
vt 0.400000 0.250000
vt 0.450000 0.250000
vt 0.500000 0.250000
vt 0.550000 0.250000
vt 0.600000 0.250000
vt 0.650000 0.250000
vt 0.700000 0.250000
vt 0.750000 0.250000
vt 0.800000 0.250000
vt 0.850000 0.250000
vt 0.900000 0.250000
vt 0.950000 0.250000
vt 1.000000 0.250000
vt 0.000000 0.300000
vt 0.050000 0.300000
vt 0.100000 0.300000
vt 0.150000 0.300000
vt 0.200000 0.300000
vt 0.250000 0.300000
vt 0.300000 0.300000
vt 0.350000 0.300000
vt 0.400000 0.300000
vt 0.450000 0.300000
vt 0.500000 0.300000
vt 0.550000 0.300000
vt 0.600000 0.300000
vt 0.650000 0.300000
vt 0.700000 0.300000
vt 0.750000 0.300000
vt 0.800000 0.300000
vt 0.850000 0.300000
vt 0.900000 0.300000
vt 0.950000 0.300000
vt 1.000000 0.300000
vt 0.000000 0.350000
vt 0.050000 0.350000
vt 0.100000 0.350000
vt 0.150000 0.350000
vt 0.200000 0.350000
vt 0.250000 0.350000
vt 0.300000 0.350000
vt 0.350000 0.350000
vt 0.400000 0.350000
vt 0.450000 0.350000
vt 0.500000 0.350000
vt 0.550000 0.350000
vt 0.600000 0.350000
vt 0.650000 0.350000
vt 0.700000 0.350000
vt 0.750000 0.350000
vt 0.800000 0.350000
vt 0.850000 0.350000
vt 0.900000 0.350000
vt 0.950000 0.350000
vt 1.000000 0.350000
vt 0.000000 0.400000
vt 0.050000 0.400000
vt 0.100000 0.400000
vt 0.150000 0.400000
vt 0.200000 0.400000
vt 0.250000 0.400000
vt 0.300000 0.400000
vt 0.350000 0.400000
vt 0.400000 0.400000
vt 0.450000 0.400000
vt 0.500000 0.400000
vt 0.550000 0.400000
vt 0.600000 0.400000
vt 0.650000 0.400000
vt 0.700000 0.400000
vt 0.750000 0.400000
vt 0.800000 0.400000
vt 0.850000 0.400000
vt 0.900000 0.400000
vt 0.950000 0.400000
vt 1.000000 0.400000
vt 0.000000 0.450000
vt 0.050000 0.450000
vt 0.100000 0.450000
vt 0.150000 0.450000
vt 0.200000 0.450000
vt 0.250000 0.450000
vt 0.300000 0.450000
vt 0.350000 0.450000
vt 0.400000 0.450000
vt 0.450000 0.450000
vt 0.500000 0.450000
vt 0.550000 0.450000
vt 0.600000 0.450000
vt 0.650000 0.450000
vt 0.700000 0.450000
vt 0.750000 0.450000
vt 0.800000 0.450000
vt 0.850000 0.450000
vt 0.900000 0.450000
vt 0.950000 0.450000
vt 1.000000 0.450000
vt 0.000000 0.500000
vt 0.054941 0.540655
vt 0.100000 0.500000
vt 0.150000 0.500000
vt 0.200000 0.500000
vt 0.250000 0.500000
vt 0.300000 0.500000
vt 0.350000 0.500000
vt 0.400000 0.500000
vt 0.450000 0.500000
vt 0.500000 0.500000
vt 0.550000 0.500000
vt 0.600000 0.500000
vt 0.650000 0.500000
vt 0.700000 0.500000
vt 0.750000 0.500000
vt 0.800000 0.500000
vt 0.850000 0.500000
vt 0.900000 0.500000
vt 0.950000 0.500000
vt 1.000000 0.500000
vt 0.062874 0.555942
vt 0.100000 0.550000
vt 0.150000 0.550000
vt 0.200000 0.550000
vt 0.250000 0.550000
vt 0.300000 0.550000
vt 0.350000 0.550000
vt 0.400000 0.550000
vt 0.450000 0.550000
vt 0.500000 0.550000
vt 0.550000 0.550000
vt 0.600000 0.550000
vt 0.650000 0.550000
vt 0.700000 0.550000
vt 0.750000 0.550000
vt 0.800000 0.550000
vt 0.850000 0.550000
vt 0.876644 0.595014
vt -0.148350 0.584024
vt 0.050000 0.600000
vt 0.100000 0.600000
vt 0.150000 0.600000
vt 0.200000 0.600000
vt 0.250000 0.600000
vt 0.300000 0.600000
vt 0.350000 0.600000
vt 0.400000 0.600000
vt 0.450000 0.600000
vt 0.500000 0.600000
vt 0.550000 0.600000
vt 0.600000 0.600000
vt 0.650000 0.600000
vt 0.700000 0.600000
vt 0.750000 0.600000
vt 0.800000 0.600000
vt 0.840047 0.599343
vt 0.884990 0.594649
vt 0.993963 0.602682
vt 0.526318 0.625523
vt 0.050000 0.650000
vt 0.100000 0.650000
vt 0.150000 0.650000
vt 0.200000 0.650000
vt 0.250000 0.650000
vt 0.300000 0.650000
vt 0.350000 0.650000
vt 0.400000 0.650000
vt 0.450000 0.650000
vt 0.500000 0.650000
vt 0.550000 0.650000
vt 0.600000 0.650000
vt 0.650000 0.650000
vt 0.700000 0.650000
vt 0.750000 0.650000
vt 0.800000 0.650000
vt 0.850000 0.650000
vt 0.000000 0.700000
vt 0.050000 0.700000
vt 0.100000 0.700000
vt 0.150000 0.700000
vt 0.200000 0.700000
vt 0.250000 0.700000
vt 0.300000 0.700000
vt 0.350000 0.700000
vt 0.400000 0.700000
vt 0.450000 0.700000
vt 0.500000 0.700000
vt 0.550000 0.700000
vt 0.600000 0.700000
vt 0.650000 0.700000
vt 0.700000 0.700000
vt 0.750000 0.700000
vt 0.800000 0.700000
vt 0.850000 0.700000
vt 0.900000 0.700000
vt 0.950000 0.700000
vt 1.000000 0.700000
vt 0.000000 0.750000
vt 0.050000 0.750000
vt 0.100000 0.750000
vt 0.150000 0.750000
vt 0.200000 0.750000
vt 0.250000 0.750000
vt 0.300000 0.750000
vt 0.350000 0.750000
vt 0.400000 0.750000
vt 0.450000 0.750000
vt 0.500000 0.750000
vt 0.550000 0.750000
vt 0.600000 0.750000
vt 0.650000 0.750000
vt 0.700000 0.750000
vt 0.750000 0.750000
vt 0.800000 0.750000
vt 0.850000 0.750000
vt 0.900000 0.750000
vt 0.950000 0.750000
vt 1.000000 0.750000
vt 0.000000 0.800000
vt 0.050000 0.800000
vt 0.100000 0.800000
vt 0.150000 0.800000
vt 0.200000 0.800000
vt 0.250000 0.800000
vt 0.300000 0.800000
vt 0.350000 0.800000
vt 0.400000 0.800000
vt 0.450000 0.800000
vt 0.500000 0.800000
vt 0.550000 0.800000
vt 0.600000 0.800000
vt 0.650000 0.800000
vt 0.700000 0.800000
vt 0.750000 0.800000
vt 0.800000 0.800000
vt 0.850000 0.800000
vt 0.900000 0.800000
vt 0.950000 0.800000
vt 1.000000 0.800000
vt 0.000000 0.850000
vt 0.050000 0.850000
vt 0.100000 0.850000
vt 0.150000 0.850000
vt 0.200000 0.850000
vt 0.250000 0.850000
vt 0.300000 0.850000
vt 0.350000 0.850000
vt 0.400000 0.850000
vt 0.450000 0.850000
vt 0.500000 0.850000
vt 0.550000 0.850000
vt 0.600000 0.850000
vt 0.650000 0.850000
vt 0.700000 0.850000
vt 0.750000 0.850000
vt 0.800000 0.850000
vt 0.850000 0.850000
vt 0.900000 0.850000
vt 0.950000 0.850000
vt 1.000000 0.850000
vt 0.000000 0.900000
vt 0.050000 0.900000
vt 0.100000 0.900000
vt 0.150000 0.900000
vt 0.200000 0.900000
vt 0.250000 0.900000
vt 0.300000 0.900000
vt 0.350000 0.900000
vt 0.400000 0.900000
vt 0.450000 0.900000
vt 0.500000 0.900000
vt 0.550000 0.900000
vt 0.600000 0.900000
vt 0.650000 0.900000
vt 0.700000 0.900000
vt 0.750000 0.900000
vt 0.800000 0.900000
vt 0.850000 0.900000
vt 0.900000 0.900000
vt 0.950000 0.900000
vt 1.000000 0.900000
vt 0.000000 0.950000
vt 0.050000 0.950000
vt 0.100000 0.950000
vt 0.150000 0.950000
vt 0.200000 0.950000
vt 0.250000 0.950000
vt 0.300000 0.950000
vt 0.350000 0.950000
vt 0.400000 0.950000
vt 0.450000 0.950000
vt 0.500000 0.950000
vt 0.550000 0.950000
vt 0.600000 0.950000
vt 0.650000 0.950000
vt 0.700000 0.950000
vt 0.750000 0.950000
vt 0.800000 0.950000
vt 0.850000 0.950000
vt 0.900000 0.950000
vt 0.950000 0.950000
vt 1.000000 0.950000
vt 0.025000 0.000000
vt 0.075000 0.000000
vt 0.125000 0.000000
vt 0.175000 0.000000
vt 0.225000 0.000000
vt 0.275000 0.000000
vt 0.325000 0.000000
vt 0.375000 0.000000
vt 0.425000 0.000000
vt 0.475000 0.000000
vt 0.525000 0.000000
vt 0.575000 0.000000
vt 0.625000 0.000000
vt 0.675000 0.000000
vt 0.725000 0.000000
vt 0.775000 0.000000
vt 0.825000 0.000000
vt 0.875000 0.000000
vt 0.925000 0.000000
vt 0.975000 0.000000
vt 0.025000 1.000000
vt 0.075000 1.000000
vt 0.125000 1.000000
vt 0.175000 1.000000
vt 0.225000 1.000000
vt 0.275000 1.000000
vt 0.325000 1.000000
vt 0.375000 1.000000
vt 0.425000 1.000000
vt 0.475000 1.000000
vt 0.525000 1.000000
vt 0.575000 1.000000
vt 0.625000 1.000000
vt 0.675000 1.000000
vt 0.725000 1.000000
vt 0.775000 1.000000
vt 0.825000 1.000000
vt 0.875000 1.000000
vt 0.925000 1.000000
vt 0.975000 1.000000
vt 0.025000 0.226298
vt 0.025000 0.200000
vt 0.050000 0.225000
vt 0.025000 0.250000
vt 0.000000 0.225000
vt 0.875000 0.226298
vt 0.875000 0.200000
vt 0.900000 0.225000
vt 0.875000 0.250000
vt 0.850000 0.225000
vt 0.925000 0.226298
vt 0.925000 0.200000
vt 0.950000 0.225000
vt 0.925000 0.250000
vt 0.975000 0.226298
vt 0.975000 0.200000
vt 1.000000 0.225000
vt 0.975000 0.250000
vt 0.025000 0.276011
vt 0.050000 0.275000
vt 0.025000 0.300000
vt 0.000000 0.275000
vt 0.875000 0.276011
vt 0.900000 0.275000
vt 0.875000 0.300000
vt 0.850000 0.275000
vt 0.925000 0.276011
vt 0.950000 0.275000
vt 0.925000 0.300000
vt 0.975000 0.276011
vt 1.000000 0.275000
vt 0.975000 0.300000
vt 0.025000 0.325758
vt 0.050000 0.325000
vt 0.025000 0.350000
vt 0.000000 0.325000
vt 0.875000 0.325758
vt 0.900000 0.325000
vt 0.875000 0.350000
vt 0.850000 0.325000
vt 0.925000 0.325758
vt 0.950000 0.325000
vt 0.925000 0.350000
vt 0.975000 0.325758
vt 1.000000 0.325000
vt 0.975000 0.350000
vt 0.025000 0.375528
vt 0.050000 0.375000
vt 0.025000 0.400000
vt 0.000000 0.375000
vt 0.875000 0.375528
vt 0.900000 0.375000
vt 0.875000 0.400000
vt 0.850000 0.375000
vt 0.925000 0.375528
vt 0.950000 0.375000
vt 0.925000 0.400000
vt 0.975000 0.375528
vt 1.000000 0.375000
vt 0.975000 0.400000
vt 0.025000 0.425311
vt 0.050000 0.425000
vt 0.025000 0.450000
vt 0.000000 0.425000
vt 0.875000 0.425311
vt 0.900000 0.425000
vt 0.875000 0.450000
vt 0.850000 0.425000
vt 0.925000 0.425311
vt 0.950000 0.425000
vt 0.925000 0.450000
vt 0.975000 0.425311
vt 1.000000 0.425000
vt 0.975000 0.450000
vt 0.025000 0.475103
vt 0.050000 0.475000
vt 0.025000 0.500000
vt 0.000000 0.475000
vt 0.875000 0.475103
vt 0.900000 0.475000
vt 0.875000 0.500000
vt 0.850000 0.475000
vt 0.925000 0.475103
vt 0.950000 0.475000
vt 0.925000 0.500000
vt 0.975000 0.475103
vt 1.000000 0.475000
vt 0.975000 0.500000
vt 0.626942 0.570839
vt 0.050000 0.525000
vt 0.875000 0.524897
vt 0.900000 0.525000
vt 0.875000 0.550000
vt 0.850000 0.525000
vt 0.925000 0.524897
vt 0.925000 0.550000
vt 0.050000 0.575000
vt 0.025000 0.600000
vt 0.850000 0.575000
vt 0.918640 0.573613
vt 0.000000 0.900000
vt 0.050000 0.900000
vt 0.100000 0.900000
vt 0.150000 0.900000
vt 0.200000 0.900000
vt 0.250000 0.900000
vt 0.300000 0.900000
vt 0.350000 0.900000
vt 0.400000 0.900000
vt 0.450000 0.900000
vt 0.500000 0.900000
vt 0.550000 0.900000
vt 0.600000 0.900000
vt 0.650000 0.900000
vt 0.700000 0.900000
vt 0.750000 0.900000
vt 0.800000 0.900000
vt 0.850000 0.900000
vt 0.900000 0.900000
vt 0.950000 0.900000
vt 1.000000 0.900000
vt 0.000000 0.900000
vt 0.050000 0.900000
vt 0.100000 0.900000
vt 0.150000 0.900000
vt 0.200000 0.900000
vt 0.250000 0.900000
vt 0.300000 0.900000
vt 0.350000 0.900000
vt 0.400000 0.900000
vt 0.450000 0.900000
vt 0.500000 0.900000
vt 0.550000 0.900000
vt 0.600000 0.900000
vt 0.650000 0.900000
vt 0.700000 0.900000
vt 0.750000 0.900000
vt 0.800000 0.900000
vt 0.850000 0.900000
vt 0.900000 0.900000
vt 0.950000 0.900000
vt 1.000000 0.900000
vt 0.000000 0.900000
vt 0.050000 0.900000
vt 0.100000 0.900000
vt 0.150000 0.900000
vt 0.200000 0.900000
vt 0.250000 0.900000
vt 0.300000 0.900000
vt 0.350000 0.900000
vt 0.400000 0.900000
vt 0.450000 0.900000
vt 0.500000 0.900000
vt 0.550000 0.900000
vt 0.600000 0.900000
vt 0.650000 0.900000
vt 0.700000 0.900000
vt 0.750000 0.900000
vt 0.800000 0.900000
vt 0.850000 0.900000
vt 0.900000 0.900000
vt 0.950000 0.900000
vt 1.000000 0.900000
vt 0.000000 0.900000
vt 0.050000 0.900000
vt 0.100000 0.900000
vt 0.150000 0.900000
vt 0.200000 0.900000
vt 0.250000 0.900000
vt 0.300000 0.900000
vt 0.350000 0.900000
vt 0.400000 0.900000
vt 0.450000 0.900000
vt 0.500000 0.900000
vt 0.550000 0.900000
vt 0.600000 0.900000
vt 0.650000 0.900000
vt 0.700000 0.900000
vt 0.750000 0.900000
vt 0.800000 0.900000
vt 0.850000 0.900000
vt 0.900000 0.900000
vt 0.950000 0.900000
vt 1.000000 0.900000
vt 0.000000 0.900000
vt 0.050000 0.900000
vt 0.100000 0.900000
vt 0.150000 0.900000
vt 0.200000 0.900000
vt 0.250000 0.900000
vt 0.300000 0.900000
vt 0.350000 0.900000
vt 0.400000 0.900000
vt 0.450000 0.900000
vt 0.500000 0.900000
vt 0.550000 0.900000
vt 0.600000 0.900000
vt 0.650000 0.900000
vt 0.700000 0.900000
vt 0.750000 0.900000
vt 0.800000 0.900000
vt 0.850000 0.900000
vt 0.900000 0.900000
vt 0.950000 0.900000
vt 1.000000 0.900000
vt 0.000000 0.900000
vt 0.050000 0.900000
vt 0.100000 0.900000
vt 0.150000 0.900000
vt 0.200000 0.900000
vt 0.250000 0.900000
vt 0.300000 0.900000
vt 0.350000 0.900000
vt 0.400000 0.900000
vt 0.450000 0.900000
vt 0.500000 0.900000
vt 0.550000 0.900000
vt 0.600000 0.900000
vt 0.650000 0.900000
vt 0.700000 0.900000
vt 0.750000 0.900000
vt 0.800000 0.900000
vt 0.850000 0.900000
vt 0.900000 0.900000
vt 0.950000 0.900000
vt 1.000000 0.900000
vt 0.050000 0.100000
vt 0.000000 0.100000
vt 0.100000 0.100000
vt 0.150000 0.100000
vt 0.200000 0.100000
vt 0.250000 0.100000
vt 0.300000 0.100000
vt 0.350000 0.100000
vt 0.400000 0.100000
vt 0.450000 0.100000
vt 0.500000 0.100000
vt 0.550000 0.100000
vt 0.600000 0.100000
vt 0.650000 0.100000
vt 0.700000 0.100000
vt 0.750000 0.100000
vt 0.800000 0.100000
vt 0.850000 0.100000
vt 0.900000 0.100000
vt 0.950000 0.100000
vt 1.000000 0.100000
vt 0.050000 0.100000
vt 0.000000 0.100000
vt 0.100000 0.100000
vt 0.150000 0.100000
vt 0.200000 0.100000
vt 0.250000 0.100000
vt 0.300000 0.100000
vt 0.350000 0.100000
vt 0.400000 0.100000
vt 0.450000 0.100000
vt 0.500000 0.100000
vt 0.550000 0.100000
vt 0.600000 0.100000
vt 0.650000 0.100000
vt 0.700000 0.100000
vt 0.750000 0.100000
vt 0.800000 0.100000
vt 0.850000 0.100000
vt 0.900000 0.100000
vt 0.950000 0.100000
vt 1.000000 0.100000
vt 0.000000 0.950000
vt 0.050000 0.950000
vt 0.100000 0.950000
vt 0.150000 0.950000
vt 0.200000 0.950000
vt 0.250000 0.950000
vt 0.300000 0.950000
vt 0.350000 0.950000
vt 0.400000 0.950000
vt 0.450000 0.950000
vt 0.500000 0.950000
vt 0.550000 0.950000
vt 0.600000 0.950000
vt 0.650000 0.950000
vt 0.700000 0.950000
vt 0.750000 0.950000
vt 0.800000 0.950000
vt 0.850000 0.950000
vt 0.900000 0.950000
vt 0.950000 0.950000
vt 1.000000 0.950000
vt 0.000000 0.950000
vt 0.050000 0.950000
vt 0.100000 0.950000
vt 0.150000 0.950000
vt 0.200000 0.950000
vt 0.250000 0.950000
vt 0.300000 0.950000
vt 0.350000 0.950000
vt 0.400000 0.950000
vt 0.450000 0.950000
vt 0.500000 0.950000
vt 0.550000 0.950000
vt 0.600000 0.950000
vt 0.650000 0.950000
vt 0.700000 0.950000
vt 0.750000 0.950000
vt 0.800000 0.950000
vt 0.850000 0.950000
vt 0.900000 0.950000
vt 0.950000 0.950000
vt 1.000000 0.950000
vt 0.000000 0.950000
vt 0.050000 0.950000
vt 0.100000 0.950000
vt 0.150000 0.950000
vt 0.200000 0.950000
vt 0.250000 0.950000
vt 0.300000 0.950000
vt 0.350000 0.950000
vt 0.400000 0.950000
vt 0.450000 0.950000
vt 0.500000 0.950000
vt 0.550000 0.950000
vt 0.600000 0.950000
vt 0.650000 0.950000
vt 0.700000 0.950000
vt 0.750000 0.950000
vt 0.800000 0.950000
vt 0.850000 0.950000
vt 0.900000 0.950000
vt 0.950000 0.950000
vt 1.000000 0.950000
vt 0.075646 0.553616
vt 0.040987 0.523111
vt 0.050000 0.537500
vt 0.050000 0.587500
vt 0.037500 0.600000
vt 0.012500 0.600000
vt 0.190664 0.560367
vt 0.924025 0.587393
vt 0.924873 0.562346
vt 0.925000 0.537449
vt 0.919053 0.513013
vt 0.928621 0.500545
vt 0.962500 0.500000
vt 0.520420 0.500326
vt 0.987500 0.500000
vt 0.011051 0.500350
vt 0.341111 0.563032
vt 0.064857 0.506104
vt 0.415291 0.546318
vt 0.050000 0.501260
vt 0.079681 0.561061
vt 0.900000 0.200000
vt 0.925000 0.200000
vt 0.925000 0.226298
vt 0.900000 0.225000
vt 0.850000 0.275000
vt 0.850000 0.250000
vt 0.875000 0.250000
vt 0.875000 0.276011
vt 0.950000 0.275000
vt 0.950000 0.250000
vt 0.975000 0.276011
vt 0.000000 0.325000
vt 0.000000 0.300000
vt 0.850000 0.325000
vt 0.850000 0.300000
vt 0.875000 0.325758
vt 0.900000 0.375000
vt 0.900000 0.350000
vt 0.000000 0.425000
vt 0.000000 0.400000
vt 0.025000 0.400000
vt 0.925000 0.400000
vt 0.925000 0.425311
vt 0.025000 0.450000
vt 0.025000 0.475103
vt 0.850000 0.475000
vt 0.850000 0.450000
vt 0.875000 0.450000
vt 0.900000 0.500000
vt 0.925000 0.500000
vt 0.925000 0.512449
vt 0.875000 0.200000
vt 0.875000 0.226298
vt 0.900000 0.250000
vt 0.850000 0.225000
vt 0.950000 0.200000
vt 0.950000 0.225000
vt 0.925000 0.250000
vt 0.975000 0.226298
vt 0.975000 0.250000
vt 0.000000 0.275000
vt 0.025000 0.276011
vt 0.025000 0.300000
vt 0.900000 0.275000
vt 0.900000 0.300000
vt 1.000000 0.250000
vt 1.000000 0.275000
vt 1.000000 0.300000
vt 0.975000 0.300000
vt 0.050000 0.300000
vt 0.050000 0.325000
vt 0.050000 0.350000
vt 0.025000 0.350000
vt 0.000000 0.350000
vt 0.900000 0.325000
vt 0.875000 0.350000
vt 0.925000 0.325758
vt 0.925000 0.350000
vt 0.050000 0.375000
vt 0.025000 0.375528
vt 0.050000 0.400000
vt 0.950000 0.350000
vt 0.950000 0.375000
vt 0.950000 0.400000
vt 0.900000 0.400000
vt 0.050000 0.425000
vt 0.025000 0.425311
vt 0.875000 0.400000
vt 0.875000 0.425311
vt 0.925000 0.450000
vt 0.900000 0.450000
vt 0.975000 0.450000
vt 0.975000 0.425311
vt 1.000000 0.425000
vt 0.050000 0.475000
vt 0.054941 0.540655
vt 0.025000 0.500000
vt 0.012500 0.500000
vt 0.000000 0.500000
vt 0.000000 0.475000
vt 0.900000 0.475000
vt 0.875000 0.500000
vt 0.850000 0.500000
vt 1.000000 0.475000
vt 0.975000 0.475103
vt 0.900000 0.525000
vt 0.875000 0.524897
vt 0.925000 0.550000
vt 0.899151 0.550004
vt 0.489778 0.547011
vt 0.053620 0.556390
vt 0.050000 0.600000
vt 0.037500 0.600000
vt 0.025000 0.600000
vt 0.512500 0.600000
vt 0.886148 0.561318
vt 0.074599 0.553159
vt 0.512225 0.598537
vt 0.489778 0.547011
vt 0.489778 0.547011
vt 0.512500 0.600000
vt 0.054941 0.540655
vt 0.050000 0.600000
vt 0.050000 0.600000
vt 0.054941 0.540655
vt 0.900000 0.275000
vt 0.900000 0.250000
vt 0.925000 0.250000
vt 0.925000 0.276011
vt 0.950000 0.300000
vt 0.975000 0.300000
vt 0.975000 0.325758
vt 0.950000 0.425000
vt 0.950000 0.400000
vt 0.975000 0.400000
vt 0.975000 0.425311
vt 0.950000 0.250000
vt 0.950000 0.275000
vt 0.925000 0.300000
vt 0.950000 0.325000
vt 0.925000 0.325758
vt 1.000000 0.325000
vt 1.000000 0.350000
vt 0.975000 0.350000
vt 0.950000 0.350000
vt 1.000000 0.375000
vt 0.975000 0.375528
vt 1.000000 0.400000
vt 0.975000 0.450000
vt 0.950000 0.450000
vt 0.925000 0.450000
vt 0.950000 0.475000
vt 0.925000 0.475103
vt 0.937500 0.500000
vt 0.925000 0.500000
vt 0.974301 0.475226
vt 0.975000 0.500000
vt 0.489778 0.547011
vt 0.487500 0.500000
vn 0.513466 -0.840641 -0.172266
vn 0.453984 -0.842541 -0.289867
vn 0.544394 -0.682696 -0.487404
vn 0.698538 -0.623834 -0.350536
vn 0.365068 -0.852160 -0.374899
vn 0.397601 -0.744458 -0.536373
vn 0.265592 -0.874663 -0.405495
vn 0.278211 -0.804698 -0.524462
vn 0.177976 -0.908656 -0.377714
vn 0.194567 -0.857826 -0.475688
vn 0.116853 -0.944849 -0.305952
vn 0.136507 -0.904824 -0.403309
vn 0.079938 -0.971901 -0.221399
vn 0.098684 -0.947874 -0.302979
vn 0.052294 -0.987051 -0.151642
vn 0.081846 -0.978235 -0.190678
vn 0.021601 -0.995045 -0.097049
vn -0.395275 -0.886662 -0.239977
vn 0.001403 -0.999342 -0.036242
vn -0.368864 -0.929482 0.001711
vn -0.006572 -0.999393 0.034202
vn -0.336581 -0.915863 0.218877
vn 0.005942 -0.994916 0.100530
vn -0.293669 -0.848231 0.440751
vn 0.035770 -0.985270 0.167222
vn 0.041908 -0.956849 0.287546
vn 0.082981 -0.967806 0.237627
vn 0.106071 -0.926850 0.360137
vn 0.155866 -0.942290 0.296301
vn 0.183365 -0.892230 0.412677
vn 0.256585 -0.913293 0.316322
vn 0.287369 -0.847142 0.446957
vn 0.369461 -0.886746 0.277811
vn 0.432042 -0.785403 0.443263
vn 0.464703 -0.866843 0.180651
vn 0.598533 -0.711237 0.368646
vn 0.519641 -0.852767 0.052554
vn 0.745943 -0.636347 0.196549
vn 0.533204 -0.843854 -0.060022
vn 0.800669 -0.592199 -0.090721
vn 0.356112 -0.903974 -0.236675
vn 0.287319 -0.857397 -0.426987
vn -0.034475 -0.893870 -0.447000
vn -0.150616 -0.954245 0.258326
vn 0.196890 -0.808687 -0.554310
vn 0.039837 -0.772784 -0.633418
vn 0.099177 -0.774826 -0.624346
vn 0.113656 -0.689314 -0.715492
vn -0.000000 -0.762971 -0.646433
vn 0.000000 -0.675561 -0.737304
vn -0.099177 -0.774826 -0.624346
vn -0.113656 -0.689314 -0.715492
vn -0.196890 -0.808687 -0.554310
vn -0.228858 -0.729718 -0.644310
vn -0.287319 -0.857397 -0.426987
vn -0.341491 -0.791097 -0.507493
vn -0.356112 -0.903974 -0.236675
vn -0.433350 -0.853966 -0.288009
vn -0.382683 -0.923880 -0.000001
vn -0.470751 -0.882266 -0.000000
vn -0.356112 -0.903974 0.236675
vn -0.433350 -0.853967 0.288008
vn -0.287319 -0.857397 0.426987
vn -0.341491 -0.791097 0.507493
vn -0.196890 -0.808688 0.554309
vn -0.228858 -0.729719 0.644309
vn -0.099177 -0.774827 0.624345
vn -0.113656 -0.689314 0.715492
vn 0.000000 -0.762972 0.646431
vn -0.000000 -0.675562 0.737304
vn 0.099177 -0.774827 0.624345
vn 0.113656 -0.689314 0.715492
vn 0.196890 -0.808688 0.554309
vn 0.021947 -0.775065 0.631501
vn 0.287318 -0.857397 0.426987
vn -0.079041 -0.693598 0.716013
vn 0.356112 -0.903974 0.236675
vn -0.154612 -0.909347 0.386242
vn 0.382684 -0.923880 0.000001
vn -0.119094 -0.992343 0.032732
vn -0.019792 -0.841780 -0.539457
vn -0.174098 -0.920551 0.349680
vn -0.138910 -0.975972 0.167879
vn 0.077144 -0.569276 -0.818519
vn 0.129881 -0.560895 -0.817635
vn -0.000000 -0.546413 -0.837516
vn -0.129881 -0.560894 -0.817636
vn -0.266494 -0.605044 -0.750268
vn -0.410669 -0.677411 -0.610299
vn -0.541484 -0.759793 -0.359874
vn -0.599666 -0.800250 0.000000
vn -0.541484 -0.759794 0.359874
vn -0.410669 -0.677411 0.610299
vn -0.266494 -0.605044 0.750268
vn -0.129881 -0.560895 0.817635
vn -0.000000 -0.546413 0.837516
vn 0.129881 -0.560895 0.817635
vn -0.071468 -0.788680 0.610636
vn -0.208809 -0.704049 0.678760
vn -0.206089 -0.863866 0.459633
vn -0.256445 -0.477464 0.840395
vn -0.133844 -0.990792 -0.020436
vn -0.140018 -0.986650 -0.083167
vn -0.135532 -0.982923 0.124471
vn 0.645645 -0.564896 -0.513843
vn 0.562966 -0.546292 -0.620189
vn 0.122699 -0.422022 -0.898244
vn 0.123052 -0.419855 -0.899211
vn 0.108010 -0.452505 -0.885197
vn 0.132594 -0.453579 -0.881297
vn -0.000000 -0.430958 -0.902372
vn -0.140547 -0.444304 -0.884783
vn -0.292500 -0.486124 -0.823485
vn -0.462917 -0.558964 -0.687944
vn -0.632869 -0.650050 -0.420609
vn -0.715329 -0.698788 -0.000000
vn -0.632869 -0.650050 0.420609
vn -0.462917 -0.558964 0.687944
vn -0.292500 -0.486124 0.823485
vn -0.140547 -0.444304 0.884783
vn -0.000000 -0.430958 0.902372
vn 0.155054 -0.428540 0.890119
vn -0.108797 -0.529981 0.841001
vn -0.218148 -0.837654 0.500747
vn -0.155032 -0.396695 0.904764
vn -0.553302 -0.601573 0.576166
vn 0.609897 -0.583083 0.536693
vn 0.531024 -0.486901 0.693499
vn 0.663648 -0.654908 0.361478
vn 0.663648 -0.654908 0.361478
vn 0.747410 -0.584943 -0.314994
vn 0.747410 -0.584943 -0.314994
vn 0.592304 -0.407928 -0.694816
vn 0.635534 -0.505945 -0.583195
vn 0.582565 -0.467538 -0.664851
vn 0.592304 -0.407928 -0.694816
vn 0.158646 -0.324776 -0.932391
vn 0.156663 -0.329986 -0.930895
vn 0.140861 -0.385472 -0.911904
vn 0.126835 -0.347445 -0.929083
vn -0.000000 -0.329045 -0.944314
vn -0.147522 -0.340254 -0.928690
vn -0.310141 -0.376070 -0.873146
vn -0.500962 -0.441342 -0.744483
vn -0.706520 -0.529476 -0.469558
vn -0.814330 -0.580402 -0.000000
vn -0.706520 -0.529476 0.469558
vn -0.500962 -0.441342 0.744483
vn -0.310140 -0.376069 0.873147
vn -0.147522 -0.340253 0.928690
vn 0.000000 -0.329044 0.944314
vn 0.178261 -0.333164 0.925865
vn -0.053643 -0.160587 0.985563
vn -0.110249 -0.117628 0.986919
vn -0.109057 -0.132716 0.985136
vn 0.472301 -0.308656 0.825629
vn 0.474275 -0.380574 0.793868
vn 0.473375 -0.335580 0.814434
vn 0.472301 -0.308656 0.825629
vn 0.387665 -0.533589 0.751663
vn 0.387665 -0.533589 0.751664
vn 0.387665 -0.533589 0.751663
vn 0.387665 -0.533589 0.751663
vn 0.574382 -0.535178 -0.619411
vn 0.640301 -0.658005 -0.396288
vn 0.553710 -0.604082 -0.573141
vn 0.574382 -0.535178 -0.619411
vn 0.200427 -0.217869 -0.955176
vn 0.297527 -0.319111 -0.899803
vn 0.211256 -0.280270 -0.936386
vn 0.200427 -0.217869 -0.955176
vn 0.191724 -0.219068 -0.956688
vn 0.191226 -0.222508 -0.955993
vn 0.177845 -0.258947 -0.949377
vn 0.125144 -0.242609 -0.962019
vn -0.000000 -0.237942 -0.971279
vn -0.152040 -0.246543 -0.957131
vn -0.321864 -0.274392 -0.906152
vn -0.527622 -0.326800 -0.784102
vn -0.762648 -0.401822 -0.506860
vn -0.894037 -0.447994 -0.000000
vn -0.762648 -0.401822 0.506860
vn -0.527622 -0.326800 0.784103
vn -0.321864 -0.274392 0.906153
vn -0.152040 -0.246543 0.957131
vn -0.000000 -0.237942 0.971279
vn 0.185546 -0.252818 0.949556
vn -0.036372 -0.153286 0.987512
vn -0.093666 -0.148009 0.984540
vn -0.069187 -0.132598 0.988752
vn 0.465266 -0.211182 0.859610
vn 0.470187 -0.271436 0.839790
vn 0.467725 -0.238535 0.851078
vn 0.465266 -0.211182 0.859610
vn 0.782926 -0.018764 0.621832
vn 0.894465 -0.412531 0.172485
vn 0.899234 -0.357802 0.251707
vn 0.782926 -0.018764 0.621832
vn 0.751279 -0.622299 0.219827
vn 0.750445 -0.605931 -0.263969
vn 0.215009 -0.151576 -0.964777
vn 0.215009 -0.151576 -0.964778
vn 0.603980 -0.151164 -0.782533
vn 0.603980 -0.151164 -0.782533
vn 0.603980 -0.151164 -0.782533
vn 0.603980 -0.151164 -0.782533
vn 0.216712 -0.134407 -0.966939
vn 0.220442 -0.139869 -0.965320
vn 0.208183 -0.174607 -0.962379
vn 0.127990 -0.157914 -0.979123
vn -0.000000 -0.154571 -0.987982
vn -0.154852 -0.160363 -0.974836
vn -0.329288 -0.179278 -0.927054
vn -0.545141 -0.215636 -0.810137
vn -0.801947 -0.269841 -0.532978
vn -0.952420 -0.304788 -0.000000
vn -0.801947 -0.269841 0.532979
vn -0.545141 -0.215635 0.810137
vn -0.329288 -0.179278 0.927054
vn -0.154852 -0.160363 0.974836
vn 0.000000 -0.154572 0.987982
vn 0.185168 -0.164327 0.968870
vn -0.018832 -0.109234 0.993838
vn -0.061292 -0.114257 0.991559
vn -0.053590 -0.096475 0.993892
vn 0.799603 -0.205954 0.564108
vn 0.802580 -0.146153 0.578363
vn 0.802596 -0.242135 0.545170
vn 0.689327 -0.293855 0.662176
vn 0.794418 -0.300933 0.527579
vn 0.802596 -0.242135 0.545170
vn 0.916173 -0.257490 -0.307127
vn 0.916173 -0.257490 -0.307127
vn 0.916173 -0.257490 -0.307127
vn 0.916173 -0.257490 -0.307127
vn 0.168181 -0.051283 -0.984421
vn 0.168181 -0.051283 -0.984421
vn 0.168181 -0.051283 -0.984421
vn 0.168181 -0.051283 -0.984421
vn 0.232181 -0.173322 -0.957106
vn 0.255677 -0.159781 -0.953467
vn 0.245287 -0.088532 -0.965400
vn 0.129109 -0.078077 -0.988552
vn 0.000000 -0.076102 -0.997100
vn -0.156392 -0.079010 -0.984530
vn -0.333396 -0.088551 -0.938619
vn -0.555063 -0.107111 -0.824883
vn -0.825166 -0.135452 -0.548410
vn -0.988032 -0.154248 -0.000000
vn -0.825166 -0.135452 0.548410
vn -0.555063 -0.107111 0.824883
vn -0.333396 -0.088551 0.938619
vn -0.156392 -0.079010 0.984530
vn 0.000000 -0.076102 0.997100
vn 0.184516 -0.081089 0.979479
vn -0.006518 -0.063580 0.997955
vn -0.047822 -0.075558 0.995994
vn -0.060969 -0.061735 0.996229
vn 0.802426 -0.082447 0.591029
vn 0.799229 -0.022682 0.600599
vn 0.598131 -0.060962 0.799076
vn 0.628378 -0.104929 0.770799
vn 0.809130 -0.151182 0.567849
vn 0.809385 -0.083728 0.581279
vn 0.417926 -0.226986 -0.879668
vn 0.417926 -0.226986 -0.879668
vn 0.417926 -0.226986 -0.879668
vn 0.417926 -0.226986 -0.879668
vn 0.308812 0.041931 -0.950198
vn 0.314842 -0.009298 -0.949098
vn 0.160912 -0.016729 -0.986827
vn 0.152005 0.024382 -0.988079
vn 0.273379 0.092246 -0.957473
vn 0.292675 0.064146 -0.954058
vn 0.295288 -0.014171 -0.955303
vn 0.251747 -0.260427 -0.932095
vn 0.128621 -0.000670 -0.991694
vn 0.000000 0.000000 -1.000000
vn -0.156883 -0.000000 -0.987617
vn -0.334711 -0.000000 -0.942321
vn -0.558275 0.000000 -0.829656
vn -0.832842 0.000000 -0.553511
vn -1.000000 0.000000 0.000000
vn -0.832842 0.000000 0.553511
vn -0.558275 -0.000000 0.829656
vn -0.334711 -0.000000 0.942321
vn -0.156883 -0.000000 0.987617
vn 0.000000 -0.000000 1.000000
vn 0.183590 -0.000468 0.983003
vn 0.001030 -0.016246 0.999867
vn -0.074281 -0.040377 0.996420
vn -0.055207 -0.022311 0.998226
vn 0.428011 0.031353 0.903230
vn 0.428011 0.031353 0.903230
vn 0.428011 0.031353 0.903230
vn 0.428011 0.031353 0.903230
vn 0.909801 0.272327 0.313209
vn 0.909801 0.272327 0.313209
vn 0.909801 0.272327 0.313209
vn 0.909801 0.272327 0.313209
vn 0.926912 0.065003 -0.369606
vn 0.926912 0.065003 -0.369606
vn 0.926912 0.065003 -0.369606
vn 0.926912 0.065003 -0.369606
vn 0.293988 0.260051 -0.919752
vn 0.126477 0.076551 -0.989011
vn 0.000000 0.076102 -0.997100
vn -0.156392 0.079010 -0.984530
vn -0.333396 0.088551 -0.938619
vn -0.555063 0.107111 -0.824883
vn -0.825166 0.135452 -0.548410
vn -0.988032 0.154248 -0.000000
vn -0.825166 0.135452 0.548410
vn -0.555063 0.107111 0.824883
vn -0.333396 0.088551 0.938619
vn -0.156392 0.079010 0.984530
vn 0.000000 0.076102 0.997100
vn 0.182307 0.080000 0.979982
vn 0.004338 0.033218 0.999439
vn -0.037012 0.006250 0.999295
vn -0.036367 0.020357 0.999131
vn 0.757347 0.215073 0.616578
vn 0.757347 0.215073 0.616578
vn 0.522999 0.146847 0.839588
vn 0.500045 0.105073 0.859601
vn 0.758416 0.237896 0.606804
vn 0.758416 0.237896 0.606804
vn 0.758416 0.237896 0.606804
vn 0.430404 0.743629 -0.511634
vn 0.312525 0.220660 -0.923925
vn 0.122449 0.155788 -0.980172
vn -0.000000 0.154571 -0.987982
vn -0.154852 0.160363 -0.974836
vn -0.329288 0.179278 -0.927054
vn -0.545141 0.215636 -0.810137
vn -0.801947 0.269842 -0.532978
vn -0.952420 0.304788 -0.000000
vn -0.801947 0.269842 0.532979
vn -0.545141 0.215636 0.810137
vn -0.329288 0.179278 0.927054
vn -0.154852 0.160363 0.974836
vn 0.000000 0.154572 0.987982
vn 0.174666 0.151321 0.972930
vn 0.097331 0.320062 0.942384
vn -0.038562 0.049697 0.998020
vn 0.134377 0.519762 0.843677
vn 0.746828 0.251025 0.615820
vn 0.722079 0.385604 0.574378
vn 0.727385 0.509902 0.459250
vn 0.599667 0.788337 0.137565
vn 0.599667 0.788337 0.137565
vn 0.599667 0.788337 0.137565
vn 0.394175 0.918859 0.017991
vn 0.409431 0.867585 -0.282245
vn 0.409431 0.867585 -0.282245
vn 0.409431 0.867585 -0.282245
vn 0.460144 0.622269 -0.633284
vn 0.414518 0.909966 -0.011706
vn 0.312417 0.323571 -0.893139
vn 0.123640 0.256739 -0.958540
vn -0.000000 0.237942 -0.971279
vn -0.152040 0.246543 -0.957131
vn -0.321864 0.274392 -0.906153
vn -0.527622 0.326800 -0.784102
vn -0.762648 0.401822 -0.506860
vn -0.894037 0.447993 0.000000
vn -0.762648 0.401822 0.506860
vn -0.527622 0.326800 0.784102
vn -0.321864 0.274392 0.906153
vn -0.152040 0.246543 0.957131
vn -0.000000 0.237942 0.971279
vn 0.159061 0.235546 0.958759
vn 0.201832 0.426383 0.881738
vn 0.282816 0.739900 0.610379
vn 0.633010 0.409094 -0.657222
vn 0.826711 0.353889 -0.437392
vn 0.293560 0.429964 -0.853788
vn 0.134771 0.356561 -0.924500
vn -0.000000 0.329045 -0.944314
vn -0.147522 0.340254 -0.928690
vn -0.310141 0.376070 -0.873146
vn -0.500962 0.441341 -0.744483
vn -0.706522 0.529473 -0.469559
vn -0.814333 0.580398 0.000000
vn -0.706521 0.529473 0.469559
vn -0.500962 0.441341 0.744483
vn -0.310140 0.376069 0.873147
vn -0.147522 0.340253 0.928690
vn 0.000000 0.329044 0.944314
vn 0.147522 0.340253 0.928690
vn 0.316510 0.369794 0.873541
vn 0.502156 0.423590 0.753931
vn 0.683064 0.520656 0.512192
vn 0.864184 0.498283 -0.070005
vn 0.462916 0.558964 -0.687945
vn 0.632869 0.650050 -0.420609
vn 0.292501 0.486124 -0.823485
vn 0.140547 0.444304 -0.884783
vn -0.000000 0.430958 -0.902372
vn -0.140547 0.444304 -0.884783
vn -0.292500 0.486124 -0.823485
vn -0.462916 0.558964 -0.687944
vn -0.632869 0.650050 -0.420610
vn -0.715329 0.698787 0.000000
vn -0.632869 0.650049 0.420610
vn -0.462916 0.558964 0.687945
vn -0.292500 0.486124 0.823485
vn -0.140547 0.444304 0.884783
vn 0.000000 0.430958 0.902372
vn 0.140548 0.444304 0.884783
vn 0.292500 0.486124 0.823485
vn 0.462917 0.558964 0.687944
vn 0.632869 0.650049 0.420610
vn 0.715329 0.698787 0.000001
vn 0.410669 0.677411 -0.610300
vn 0.541483 0.759795 -0.359873
vn 0.266494 0.605044 -0.750268
vn 0.129881 0.560895 -0.817635
vn -0.000000 0.546413 -0.837516
vn -0.129881 0.560894 -0.817636
vn -0.266494 0.605044 -0.750268
vn -0.410669 0.677411 -0.610299
vn -0.541482 0.759794 -0.359874
vn -0.599665 0.800251 -0.000000
vn -0.541482 0.759794 0.359874
vn -0.410669 0.677411 0.610299
vn -0.266494 0.605044 0.750268
vn -0.129881 0.560895 0.817635
vn 0.000000 0.546413 0.837516
vn 0.129881 0.560895 0.817635
vn 0.266494 0.605044 0.750268
vn 0.410669 0.677411 0.610299
vn 0.541483 0.759794 0.359874
vn 0.599665 0.800251 0.000002
vn 0.461623 0.583384 -0.668257
vn 0.615938 0.678698 -0.399986
vn 0.298746 0.499999 -0.812867
vn 0.148840 0.446347 -0.882395
vn 0.007912 0.422420 -0.906365
vn -0.134366 0.426897 -0.894262
vn -0.289813 0.461519 -0.838456
vn -0.467429 0.529540 -0.707882
vn -0.650189 0.620170 -0.438911
vn -0.741699 0.670733 -0.000000
vn -0.650189 0.620170 0.438911
vn -0.467429 0.529540 0.707883
vn -0.289813 0.461520 0.838456
vn -0.134366 0.426897 0.894262
vn 0.007912 0.422420 0.906366
vn 0.148841 0.446347 0.882395
vn 0.298746 0.499999 0.812867
vn 0.461623 0.583384 0.668256
vn 0.615938 0.678698 0.399988
vn 0.687224 0.726445 0.000002
vn 0.525341 0.412098 -0.744441
vn 0.728698 0.503718 -0.463969
vn 0.331864 0.339898 -0.879964
vn 0.165304 0.296988 -0.940464
vn 0.013951 0.279431 -0.960064
vn -0.137539 0.284548 -0.948744
vn -0.305786 0.313747 -0.898920
vn -0.507768 0.372013 -0.777031
vn -0.735744 0.455930 -0.500807
vn -0.861795 0.507257 0.000000
vn -0.735744 0.455930 0.500808
vn -0.507768 0.372013 0.777031
vn -0.305786 0.313747 0.898920
vn -0.137539 0.284548 0.948744
vn 0.013951 0.279431 0.960064
vn 0.165304 0.296988 0.940464
vn 0.331864 0.339898 0.879963
vn 0.525341 0.412098 0.744441
vn 0.728698 0.503717 0.463970
vn 0.832368 0.554223 0.000002
vn 0.916557 0.353886 -0.186247
vn 0.860291 0.425070 -0.281450
vn 0.887753 0.390967 -0.242978
vn 0.927027 0.340781 -0.156489
vn 0.778644 0.517591 -0.354703
vn 0.816632 0.476168 -0.326155
vn 0.682368 0.611107 -0.401150
vn 0.713296 0.582706 -0.389439
vn 0.592678 0.688189 -0.418484
vn 0.587066 0.692810 -0.418770
vn 0.506286 0.757225 -0.412655
vn 0.466562 0.789570 -0.398621
vn 0.416577 0.828498 -0.374238
vn 0.369032 0.866315 -0.336622
vn 0.334291 0.892425 -0.303029
vn 0.292235 0.922420 -0.252467
vn 0.260713 0.945322 -0.195945
vn 0.235870 0.961704 -0.139611
vn 0.227271 0.973646 -0.019035
vn 0.226318 0.973572 -0.030627
vn 0.290737 0.946243 0.141763
vn 0.252324 0.964063 0.083154
vn 0.378174 0.896031 0.232620
vn 0.328144 0.925658 0.188358
vn 0.470005 0.833938 0.289209
vn 0.418778 0.869849 0.260745
vn 0.561903 0.766049 0.312142
vn 0.527472 0.792513 0.306098
vn 0.644328 0.699835 0.308339
vn 0.649531 0.695401 0.307452
vn 0.732336 0.620142 0.281260
vn 0.766765 0.585679 0.262777
vn 0.822406 0.523773 0.222058
vn 0.857977 0.478854 0.185942
vn 0.893530 0.427822 0.136282
vn 0.914563 0.393191 0.094739
vn 0.934211 0.355084 0.034149
vn 0.939489 0.342538 0.005376
vn 0.942097 0.326289 -0.077388
vn 0.942223 0.326307 -0.075763
vn 0.151287 -0.987119 -0.052046
vn 0.788482 0.610576 -0.074121
vn 0.764801 0.633500 -0.117292
vn 0.660825 0.748222 -0.058939
vn 0.719932 0.675147 -0.160853
vn 0.668586 0.720379 -0.184517
vn 0.626499 0.755827 -0.190330
vn 0.592687 0.783446 -0.186907
vn 0.564642 0.806454 -0.175534
vn 0.539979 0.827298 -0.154921
vn 0.517807 0.847507 -0.116650
vn 0.509991 0.859062 -0.043835
vn 0.529264 0.848133 0.023466
vn 0.556030 0.829267 0.056101
vn 0.585457 0.807350 0.073670
vn 0.614118 0.785048 0.080982
vn 0.643431 0.761279 0.080322
vn 0.683838 0.726383 0.068801
vn 0.734676 0.677435 0.036502
vn 0.772882 0.634393 -0.014131
vn 0.790006 0.610053 -0.061036
vn 0.791970 0.606953 -0.066266
vn 0.556329 -0.541680 -0.630144
vn 0.578021 -0.474088 -0.664178
vn 0.558117 -0.545449 -0.625292
vn 0.668111 -0.571393 -0.476589
vn 0.566652 -0.539107 -0.623112
vn 0.474086 -0.420508 0.773573
vn 0.474086 -0.420509 0.773573
vn 0.474083 -0.420506 0.773576
vn 0.474083 -0.420506 0.773576
vn 0.474083 -0.420506 0.773576
vn 0.474083 -0.420506 0.773576
vn 0.474088 -0.420505 0.773573
vn 0.474088 -0.420505 0.773573
vn 0.663645 -0.654901 0.361497
vn 0.663645 -0.654901 0.361497
vn 0.663645 -0.654901 0.361497
vn 0.663645 -0.654901 0.361497
vn 0.675465 -0.735046 -0.058775
vn 0.663638 -0.654911 0.361491
vn 0.663638 -0.654911 0.361491
vn 0.806877 -0.583439 0.092459
vn 0.806877 -0.583439 0.092459
vn 0.806877 -0.583439 0.092459
vn 0.806877 -0.583439 0.092459
vn 0.765857 -0.571691 -0.294335
vn 0.747424 -0.584921 -0.314999
vn 0.747424 -0.584922 -0.314999
vn 0.533358 -0.658205 -0.531316
vn 0.592305 -0.407929 -0.694815
vn 0.592307 -0.407934 -0.694811
vn 0.592307 -0.407934 -0.694811
vn 0.316197 -0.381013 -0.868820
vn 0.216986 -0.315106 -0.923918
vn 0.446644 -0.608862 0.655588
vn 0.446644 -0.608862 0.655588
vn 0.446644 -0.608862 0.655588
vn 0.446644 -0.608862 0.655588
vn 0.472303 -0.308653 0.825629
vn 0.467573 -0.236733 0.851665
vn 0.470315 -0.273383 0.839086
vn 0.472303 -0.308653 0.825629
vn 0.472303 -0.308659 0.825627
vn 0.472303 -0.308659 0.825627
vn 0.549087 -0.835300 -0.027896
vn 0.549087 -0.835300 -0.027896
vn 0.549087 -0.835300 -0.027896
vn 0.549087 -0.835300 -0.027896
vn 0.726334 -0.590242 0.352211
vn 0.616137 -0.513643 0.597114
vn 0.726334 -0.590242 0.352211
vn 0.885827 -0.449760 0.114133
vn 0.885827 -0.449760 0.114133
vn 0.574376 -0.535177 -0.619417
vn 0.574376 -0.535177 -0.619417
vn 0.574376 -0.535177 -0.619417
vn 0.574376 -0.535177 -0.619417
vn 0.574383 -0.535175 -0.619413
vn 0.574383 -0.535175 -0.619413
vn 0.816744 -0.451516 -0.359253
vn 0.816744 -0.451516 -0.359253
vn 0.816744 -0.451516 -0.359253
vn 0.816744 -0.451516 -0.359253
vn 0.200425 -0.217869 -0.955177
vn 0.200425 -0.217869 -0.955177
vn 0.200425 -0.217869 -0.955177
vn 0.200425 -0.217869 -0.955177
vn 0.200424 -0.217869 -0.955177
vn 0.194110 -0.183222 -0.963717
vn 0.189570 -0.158993 -0.968909
vn 0.200424 -0.217869 -0.955177
vn 0.200428 -0.217870 -0.955176
vn 0.200428 -0.217870 -0.955176
vn 0.200428 -0.217870 -0.955176
vn 0.200428 -0.217870 -0.955176
vn 0.465264 -0.211180 0.859612
vn 0.465264 -0.211180 0.859612
vn 0.550493 -0.259626 0.793443
vn 0.465266 -0.211179 0.859611
vn 0.465266 -0.211179 0.859611
vn 0.792504 -0.273241 0.545230
vn 0.471657 -0.407303 0.782077
vn 0.801416 0.163927 0.575205
vn 0.801416 0.163927 0.575205
vn 0.801416 0.163927 0.575205
vn 0.801416 0.163927 0.575205
vn 0.774982 -0.392650 0.495207
vn 0.865413 -0.309253 -0.394236
vn 0.865413 -0.309253 -0.394236
vn 0.865413 -0.309253 -0.394236
vn 0.865413 -0.309253 -0.394236
vn 0.695862 -0.715107 -0.066322
vn 0.839261 -0.534490 -0.099813
vn 0.807631 -0.582478 -0.091933
vn 0.695862 -0.715107 -0.066322
vn 0.274837 -0.415639 -0.867012
vn 0.274837 -0.415639 -0.867012
vn 0.274837 -0.415639 -0.867012
vn 0.274837 -0.415639 -0.867012
vn 0.184212 -0.131066 -0.974109
vn 0.184212 -0.131065 -0.974109
vn 0.184213 -0.131064 -0.974109
vn 0.177471 -0.096864 -0.979347
vn 0.174284 -0.081037 -0.981355
vn 0.184213 -0.131064 -0.974109
vn 0.603977 -0.151183 -0.782532
vn 0.603977 -0.151183 -0.782531
vn 0.603977 -0.151183 -0.782531
vn 0.603977 -0.151183 -0.782531
vn 0.802582 -0.146155 0.578361
vn 0.802582 -0.146155 0.578361
vn 0.802582 -0.146155 0.578361
vn 0.802582 -0.146155 0.578361
vn 0.802581 -0.146158 0.578361
vn 0.802581 -0.146158 0.578361
vn 0.802581 -0.146158 0.578361
vn 0.802581 -0.146158 0.578361
vn 0.802579 -0.146156 0.578365
vn 0.802606 -0.242139 0.545153
vn 0.802606 -0.242139 0.545153
vn 0.802606 -0.242139 0.545153
vn 0.802606 -0.242139 0.545153
vn 0.802607 -0.242139 0.545152
vn 0.802607 -0.242139 0.545152
vn 0.802607 -0.242139 0.545152
vn 0.802607 -0.242139 0.545152
vn 0.802596 -0.242139 0.545168
vn 0.802596 -0.242139 0.545168
vn 0.908546 -0.400533 -0.118816
vn 0.908546 -0.400533 -0.118816
vn 0.669702 -0.535447 -0.514583
vn 0.669702 -0.535447 -0.514583
vn 0.669702 -0.535447 -0.514583
vn 0.669702 -0.535447 -0.514583
vn 0.929626 -0.090909 -0.357115
vn 0.929626 -0.090909 -0.357115
vn 0.929626 -0.090909 -0.357115
vn 0.929626 -0.090909 -0.357115
vn 0.168181 -0.051282 -0.984421
vn 0.168181 -0.051282 -0.984421
vn 0.585939 0.033945 -0.809644
vn 0.594287 -0.027860 -0.803770
vn 0.295062 -0.062953 -0.953402
vn 0.168183 -0.051286 -0.984421
vn 0.442549 -0.044353 0.895647
vn 0.442549 -0.044353 0.895647
vn 0.555387 -0.056389 0.829678
vn 0.524457 -0.019424 0.851216
vn 0.436055 -0.008844 0.899876
vn 0.442550 -0.044354 0.895646
vn 0.799231 -0.022686 0.600596
vn 0.799231 -0.022686 0.600596
vn 0.987130 -0.009774 0.159623
vn 0.987130 -0.009774 0.159623
vn 0.987130 -0.009774 0.159623
vn 0.987130 -0.009774 0.159623
vn 0.987130 -0.009758 0.159620
vn 0.987130 -0.009758 0.159620
vn 0.987130 -0.009758 0.159620
vn 0.987130 -0.009758 0.159620
vn 0.809385 -0.083727 0.581279
vn 0.809385 -0.083727 0.581279
vn 0.934084 0.090622 -0.345362
vn 0.934084 0.090622 -0.345362
vn 0.934084 0.090622 -0.345362
vn 0.934084 0.090622 -0.345361
vn 0.600761 -0.002336 -0.799426
vn 0.609615 -0.088777 -0.787710
vn 0.422666 -0.232312 -0.876005
vn 0.422666 -0.232312 -0.876005
vn 0.422666 -0.232312 -0.876005
vn 0.422666 -0.232312 -0.876005
vn 0.575930 0.092263 -0.812276
vn 0.351409 0.363139 -0.862926
vn 0.373133 0.293543 -0.880116
vn 0.356619 0.347192 -0.867341
vn 0.351409 0.363139 -0.862926
vn 0.032860 0.139078 -0.989736
vn 0.032860 0.139078 -0.989736
vn 0.032860 0.139078 -0.989736
vn 0.032860 0.139078 -0.989736
vn 0.032860 0.139078 -0.989736
vn 0.428012 0.031350 0.903229
vn 0.428012 0.031350 0.903229
vn 0.428010 0.031352 0.903230
vn 0.419778 0.069139 0.904990
vn 0.428010 0.031352 0.903230
vn 0.428010 0.031352 0.903230
vn 0.428010 0.031352 0.903230
vn 0.428010 0.031352 0.903230
vn 0.428010 0.031352 0.903230
vn 0.460613 0.077517 0.884210
vn 0.460613 0.077517 0.884210
vn 0.460613 0.077517 0.884210
vn 0.460613 0.077517 0.884210
vn 0.961246 0.222219 -0.163168
vn 0.966354 0.222380 -0.129256
vn 0.679583 0.132564 0.721522
vn 0.679583 0.132564 0.721522
vn 0.679583 0.132564 0.721522
vn 0.975959 0.139260 0.167660
vn 0.975959 0.139260 0.167660
vn 0.975959 0.139260 0.167660
vn 0.975959 0.139260 0.167660
vn 0.589321 0.072764 -0.804615
vn 0.887201 0.137018 -0.440569
vn 0.887201 0.137018 -0.440569
vn 0.887201 0.137018 -0.440569
vn 0.887201 0.137018 -0.440569
vn 0.887201 0.137018 -0.440569
vn 0.444906 0.126636 -0.886579
vn 0.444906 0.126636 -0.886579
vn 0.444906 0.126636 -0.886579
vn -0.059627 0.850714 -0.522235
vn -0.057757 0.855017 -0.515373
vn -0.054995 0.861251 -0.505195
vn -0.054995 0.861251 -0.505195
vn 0.411250 0.105453 0.905402
vn 0.769809 0.307823 0.559141
vn 0.762800 0.311223 0.566812
vn 0.769810 0.307823 0.559141
vn 0.757351 0.215069 0.616575
vn 0.624956 0.076027 0.776949
vn 0.624956 0.076027 0.776949
vn 0.624956 0.076027 0.776949
vn 0.624956 0.076027 0.776949
vn 0.624956 0.076027 0.776949
vn 0.778368 0.402711 0.481630
vn 0.841866 0.368991 -0.393837
vn 0.656888 0.189003 -0.729915
vn 0.617615 0.057056 -0.784408
vn 0.872232 0.113840 -0.475659
vn 0.390314 0.004222 -0.920672
vn 0.370395 0.031867 -0.928328
vn 0.246849 -0.060513 -0.967163
vn 0.175625 0.055994 -0.982863
vn 0.069356 -0.036392 -0.996928
vn 0.069356 -0.036391 -0.996928
vn 0.014636 0.123591 -0.992225
vn -0.072569 0.087937 -0.993479
vn -0.164251 0.230161 -0.959191
vn -0.133321 0.240408 -0.961473
vn -0.286848 0.466121 -0.836929
vn -0.277947 0.408646 -0.869341
vn -0.381022 0.687313 -0.618403
vn -0.413193 0.604462 -0.681100
vn -0.438518 0.837332 -0.326462
vn -0.515160 0.768323 -0.379856
vn -0.457498 0.889211 0.000000
vn -0.553717 0.832705 0.000003
vn -0.438516 0.837332 0.326464
vn -0.515156 0.768322 0.379863
vn -0.381017 0.687313 0.618406
vn -0.413195 0.604462 0.681099
vn -0.286845 0.466124 0.836928
vn -0.277951 0.408642 0.869342
vn -0.164252 0.230165 0.959190
vn -0.133318 0.240403 0.961474
vn -0.072568 0.087938 0.993479
vn 0.014634 0.123593 0.992225
vn 0.069357 -0.036391 0.996928
vn 0.069357 -0.036391 0.996928
vn 0.175623 0.055992 0.982864
vn 0.246848 -0.060514 0.967163
vn 0.390314 0.004220 0.920672
vn 0.370397 0.031861 0.928327
vn 0.656886 0.188995 0.729919
vn 0.617616 0.057051 0.784408
vn 0.841869 0.368983 0.393838
vn 0.872232 0.113837 0.475659
vn 0.900445 0.434969 -0.000004
vn 0.900445 0.434969 -0.000004
vn 0.687768 -0.025703 -0.725475
vn 0.903061 -0.115272 -0.413755
vn 0.440955 0.050849 -0.896088
vn 0.228423 0.108394 -0.967509
vn 0.051510 0.173311 -0.983519
vn -0.171372 0.190302 -0.966652
vn -0.321679 0.413146 -0.851959
vn -0.443308 0.626186 -0.641381
vn -0.522120 0.780555 -0.343693
vn -0.548882 0.835900 0.000002
vn -0.522121 0.780551 0.343700
vn -0.443318 0.626180 0.641380
vn -0.321678 0.413130 0.851966
vn -0.171361 0.190293 0.966656
vn 0.051503 0.173312 0.983519
vn 0.228418 0.108388 0.967511
vn 0.440959 0.050840 0.896086
vn 0.687768 -0.025703 0.725475
vn 0.903061 -0.115265 0.413757
vn 0.987508 -0.157569 -0.000005
vn 0.987508 -0.157569 -0.000004
vn 0.884485 0.380771 -0.269629
vn 0.797451 0.055035 -0.600869
vn 0.739499 -0.319306 -0.592609
vn 0.879361 0.304350 -0.366191
vn 0.474422 -0.336790 -0.813324
vn 0.479114 -0.417442 -0.772135
vn 0.145809 -0.466311 -0.872521
vn 0.209800 -0.379952 -0.900900
vn -0.104732 -0.347441 -0.931835
vn -0.064591 -0.195787 -0.978517
vn -0.303174 0.090330 -0.948644
vn -0.451796 0.417331 -0.788489
vn -0.442204 0.620684 -0.647462
vn -0.444012 0.835167 -0.324576
vn -0.439578 0.898204 0.000001
vn -0.444026 0.835152 0.324594
vn -0.442218 0.620680 0.647456
vn -0.432260 0.423840 0.795934
vn -0.284208 0.101948 0.953327
vn -0.104744 -0.347401 0.931848
vn -0.050482 -0.196521 0.979199
vn 0.145793 -0.466281 0.872540
vn 0.214048 -0.404798 0.889001
vn 0.474446 -0.336766 0.813320
vn 0.470570 -0.466417 0.749012
vn 0.797452 0.055045 0.600867
vn 0.725723 -0.387051 0.568786
vn 0.884485 0.380775 0.269622
vn 0.879360 0.304358 0.366185
vn 0.881506 0.472173 -0.000004
vn 0.881506 0.472173 -0.000005
vn 0.881007 -0.382937 -0.277824
vn 0.712683 -0.417186 -0.563949
vn 0.861166 -0.388244 -0.328116
vn 0.580664 -0.298023 -0.757635
vn 0.368644 -0.124131 -0.921246
vn 0.096130 0.094607 -0.990863
vn -0.165736 0.358455 -0.918717
vn -0.371083 0.583860 -0.722084
vn -0.546785 0.693882 -0.468566
vn -0.544281 0.684755 -0.484633
vn -0.569824 0.789560 -0.227808
vn -0.569703 0.788749 -0.230896
vn -0.572125 0.820004 0.016311
vn -0.571771 0.819883 0.029497
vn -0.557729 0.788386 0.259590
vn -0.555134 0.780730 0.286858
vn -0.522983 0.692619 0.496757
vn -0.515109 0.671005 0.533305
vn -0.305996 0.572549 0.760627
vn -0.091794 0.337987 0.936664
vn 0.172040 0.067338 0.982786
vn 0.446573 -0.159588 0.880400
vn 0.644867 -0.334809 0.687059
vn 0.763465 -0.441425 0.471451
vn 0.862870 -0.443404 0.242588
vn 0.860764 -0.444724 0.247600
vn 0.920072 -0.391288 -0.018996
vn 0.920482 -0.388073 -0.045954
vn 0.777450 -0.537407 -0.326748
vn 0.721416 -0.412004 -0.556608
vn 0.738066 -0.451136 -0.501732
vn 0.782808 -0.548398 -0.294060
vn 0.663227 -0.290648 -0.689676
vn 0.516728 -0.047529 -0.854830
vn 0.251197 0.273861 -0.928386
vn -0.061355 0.553890 -0.830326
vn -0.300352 0.714208 -0.632215
vn -0.415059 0.773461 -0.479046
vn -0.448338 0.787756 -0.422415
vn -0.523725 0.818478 -0.236234
vn -0.533014 0.821507 -0.202540
vn -0.551375 0.833016 0.045496
vn -0.552616 0.832938 0.028804
vn -0.477739 0.819686 0.316038
vn -0.503114 0.824549 0.258833
vn -0.333500 0.776001 0.535351
vn -0.387257 0.793887 0.468803
vn -0.208083 0.722807 0.658977
vn 0.065289 0.560442 0.825616
vn 0.395689 0.273903 0.876589
vn 0.645494 -0.049896 0.762134
vn 0.762055 -0.292004 0.577932
vn 0.806198 -0.452599 0.381049
vn 0.817706 -0.532127 0.219538
vn 0.818319 -0.549991 0.166925
vn 0.810809 -0.582886 -0.053221
vn 0.809918 -0.582928 -0.065014
vn -0.510190 -0.849729 -0.132914
vn -0.510190 -0.849729 -0.132914
vn -0.510190 -0.849729 -0.132914
vn -0.510190 -0.849729 -0.132914
vn -0.537668 -0.824422 -0.176754
vn -0.537668 -0.824422 -0.176754
vn -0.537668 -0.824422 -0.176754
vn -0.537668 -0.824422 -0.176754
vn -0.558184 -0.806733 -0.193939
vn -0.558184 -0.806733 -0.193939
vn -0.558184 -0.806733 -0.193939
vn -0.558184 -0.806733 -0.193939
vn -0.593969 -0.777070 -0.208237
vn -0.593969 -0.777070 -0.208237
vn -0.593969 -0.777070 -0.208237
vn -0.593969 -0.777070 -0.208237
vn -0.677796 -0.703451 -0.213891
vn -0.677796 -0.703451 -0.213891
vn -0.677796 -0.703451 -0.213891
vn -0.677796 -0.703451 -0.213891
vn -0.775843 -0.602997 -0.185639
vn -0.775843 -0.602997 -0.185639
vn -0.775843 -0.602997 -0.185639
vn -0.775843 -0.602997 -0.185639
vn -0.841438 -0.523297 -0.134694
vn -0.841438 -0.523297 -0.134694
vn -0.841438 -0.523297 -0.134694
vn -0.841438 -0.523297 -0.134694
vn -0.871310 -0.482868 -0.087511
vn -0.871310 -0.482868 -0.087511
vn -0.871310 -0.482868 -0.087511
vn -0.871310 -0.482868 -0.087511
vn -0.893652 -0.448755 0.002236
vn -0.893652 -0.448755 0.002236
vn -0.893652 -0.448755 0.002236
vn -0.893652 -0.448755 0.002236
vn -0.880791 -0.451220 0.143555
vn -0.880791 -0.451220 0.143555
vn -0.880791 -0.451220 0.143555
vn -0.880791 -0.451220 0.143555
vn -0.843229 -0.487521 0.226472
vn -0.843228 -0.487521 0.226472
vn -0.843229 -0.487521 0.226472
vn -0.843228 -0.487521 0.226472
vn -0.807077 -0.527161 0.265948
vn -0.807077 -0.527161 0.265948
vn -0.807077 -0.527161 0.265948
vn -0.807077 -0.527161 0.265948
vn -0.734061 -0.606630 0.305212
vn -0.734061 -0.606630 0.305212
vn -0.734061 -0.606630 0.305212
vn -0.734061 -0.606630 0.305212
vn -0.636532 -0.702709 0.317849
vn -0.636532 -0.702709 0.317849
vn -0.636532 -0.702709 0.317849
vn -0.636532 -0.702709 0.317849
vn -0.561184 -0.770537 0.302233
vn -0.561184 -0.770537 0.302233
vn -0.561184 -0.770537 0.302233
vn -0.561184 -0.770537 0.302233
vn -0.523296 -0.804453 0.281099
vn -0.523296 -0.804453 0.281099
vn -0.523296 -0.804453 0.281099
vn -0.523296 -0.804453 0.281099
vn -0.511435 -0.816315 0.268447
vn -0.511435 -0.816315 0.268448
vn -0.511435 -0.816315 0.268447
vn -0.511435 -0.816315 0.268448
vn -0.488675 -0.844193 0.220307
vn -0.488675 -0.844193 0.220307
vn -0.488675 -0.844193 0.220307
vn -0.488675 -0.844193 0.220307
vn -0.470948 -0.874402 0.116743
vn -0.470948 -0.874402 0.116743
vn -0.470948 -0.874402 0.116743
vn -0.470948 -0.874402 0.116743
vn -0.479497 -0.877073 -0.028711
vn -0.479497 -0.877074 -0.028711
vn -0.479497 -0.877074 -0.028711
vn -0.479497 -0.877074 -0.028711
vn 0.632661 0.365357 -0.682828
vn 0.861346 0.320712 -0.393989
vn 0.837122 0.326912 -0.438583
vn 0.598468 0.370484 -0.710337
vn 0.390022 0.387174 -0.835452
vn 0.369706 0.387686 -0.844403
vn 0.174940 0.371859 -0.911656
vn 0.152389 0.492474 -0.856882
vn -0.026873 0.311422 -0.949892
vn -0.035230 0.395907 -0.917614
vn -0.241245 0.196643 -0.950333
vn -0.235353 0.223598 -0.945840
vn -0.477145 0.027841 -0.878383
vn -0.449025 -0.013394 -0.893419
vn -0.705853 -0.160493 -0.689937
vn -0.650241 -0.278628 -0.706791
vn -0.872394 -0.303811 -0.382920
vn -0.853307 -0.286770 -0.435465
vn -0.935880 -0.352297 -0.004070
vn -0.935970 -0.351864 0.012335
vn -0.877564 -0.287676 0.383568
vn -0.848452 -0.257928 0.462172
vn -0.700847 -0.124877 0.702296
vn -0.628101 -0.061646 0.775686
vn -0.455361 0.072037 0.887388
vn -0.375446 0.129322 0.917778
vn -0.211843 0.229896 0.949879
vn -0.170595 0.110860 0.979085
vn 0.003388 0.323600 0.946188
vn 0.027018 0.250935 0.967627
vn 0.206873 0.361069 0.909303
vn 0.220240 0.353612 0.909094
vn 0.421644 0.354695 0.834511
vn 0.416154 0.413156 0.810011
vn 0.652623 0.320768 0.686433
vn 0.619254 0.442916 0.648344
vn 0.862806 0.287005 0.416166
vn 0.858570 0.287587 0.424443
vn 0.958422 0.284708 0.019199
vn 0.958208 0.285995 -0.006606
vn 0.417537 0.845859 -0.331941
vn 0.546165 0.824489 -0.148061
vn 0.497268 0.836793 -0.229135
vn 0.352521 0.846396 -0.399178
vn 0.252125 0.832063 -0.494069
vn 0.203132 0.819022 -0.536601
vn 0.058150 0.749113 -0.659885
vn -0.093686 0.623281 -0.776366
vn -0.282019 0.384255 -0.879098
vn -0.447643 0.066727 -0.891720
vn -0.569280 -0.428942 -0.701376
vn -0.569959 -0.554099 -0.606730
vn -0.471446 -0.865220 -0.170684
vn -0.414517 -0.908152 0.058605
vn -0.390528 -0.879279 0.272682
vn -0.370387 -0.782064 0.501188
vn -0.314449 -0.602616 0.733469
vn -0.294490 -0.552653 0.779647
vn -0.116732 -0.199508 0.972918
vn 0.114032 0.153070 0.981614
vn 0.312202 0.407836 0.858021
vn 0.459693 0.587321 0.666135
vn 0.555360 0.710337 0.432432
vn 0.594271 0.765967 0.245227
vn 0.601105 0.776890 0.187390
vn 0.599762 0.799323 0.036995
vn 0.588588 0.807821 -0.031457
vn -0.513713 -0.816515 -0.263442
vn -0.513713 -0.816515 -0.263442
vn -0.513713 -0.816515 -0.263442
vn -0.513713 -0.816515 -0.263442
vn 0.116718 0.859254 0.498056
vn 0.116718 0.859254 0.498056
vn 0.116718 0.859254 0.498056
vn 0.116718 0.859254 0.498056
vn 0.564641 0.754990 0.333424
vn 0.564641 0.754990 0.333424
vn 0.564641 0.754990 0.333424
vn 0.564641 0.754990 0.333424
vn 0.610398 0.792095 0.000000
vn 0.610398 0.792095 0.000000
vn 0.610398 0.792095 0.000000
vn 0.610398 0.792095 0.000000
vn 0.682679 0.730719 0.000000
vn 0.000000 0.000000 0.000000
vn 0.000000 0.000000 0.000000
vn 0.682679 0.730719 0.000000
vn -0.000000 -0.000000 0.000000
vn -0.214494 -0.428988 0.877475
vn -0.214494 -0.428988 0.877475
vn -0.000000 -0.000000 0.000000
vn -0.373470 -0.922958 0.093106
vn -0.373470 -0.922958 0.093106
vn -0.373470 -0.922958 0.093106
vn -0.373470 -0.922958 0.093106
vn -0.308774 -0.947763 0.080027
vn -0.308774 -0.947763 0.080027
vn -0.308774 -0.947763 0.080027
vn -0.308774 -0.947763 0.080027
vn 0.033287 -0.988546 0.147203
vn 0.033287 -0.988546 0.147203
vn 0.033287 -0.988546 0.147203
vn 0.033287 -0.988546 0.147203
vn 0.015063 -0.999025 -0.041498
vn 0.015063 -0.999025 -0.041498
vn 0.015063 -0.999025 -0.041498
vn 0.015063 -0.999025 -0.041498
vn 0.318271 0.659206 0.681286
vn 0.318271 0.659206 0.681286
vn 0.318271 0.659206 0.681286
vn 0.318271 0.659206 0.681286
vn 0.401019 0.908671 0.116190
vn 0.401019 0.908671 0.116190
vn 0.401019 0.908671 0.116190
vn 0.401019 0.908671 0.116190
vn 0.508422 0.804790 0.306301
vn 0.508422 0.804790 0.306301
vn 0.508422 0.804790 0.306301
vn 0.508422 0.804790 0.306301
vn 0.607863 0.781538 0.140358
vn 0.607863 0.781538 0.140358
vn 0.607863 0.781538 0.140358
vn 0.607863 0.781538 0.140358
vn 0.577998 0.562564 0.591134
vn 0.577998 0.562564 0.591134
vn 0.577998 0.562564 0.591135
vn 0.577998 0.562564 0.591134
vn -0.435798 -0.718543 0.542011
vn -0.000000 -0.000000 0.000000
vn -0.000000 -0.000000 0.000000
vn -0.435798 -0.718543 0.542011
vn -0.000000 0.000000 0.000000
vn -0.109147 0.436586 0.893017
vn -0.109147 0.436586 0.893017
vn -0.000000 0.000000 0.000000
vn -0.036072 0.803335 -0.594434
vn -0.036072 0.803335 -0.594434
vn -0.036072 0.803335 -0.594434
vn -0.036072 0.803335 -0.594434
vn 0.034930 -0.982440 0.183282
vn 0.034930 -0.982440 0.183282
vn 0.034930 -0.982440 0.183282
vn 0.034930 -0.982440 0.183282
vn -0.015885 -0.995957 -0.088413
vn -0.015885 -0.995957 -0.088413
vn -0.015885 -0.995957 -0.088413
vn -0.015885 -0.995957 -0.088413
vn 0.000000 0.000000 0.000000
vn 0.000000 0.000000 0.000000
vn 0.000000 0.000000 0.000000
vn 0.000000 0.000000 0.000000
vn 0.000000 0.000000 0.000000
vn 0.000000 0.000000 0.000000
vn 0.000000 0.000000 0.000000
vn 0.000000 0.000000 0.000000
vn 0.000000 0.000000 0.000000
vn 0.000000 0.000000 0.000000
vn 0.000000 0.000000 0.000000
vn 0.000000 0.000000 0.000000
vn 0.000000 0.000000 0.000000
vn 0.000000 0.000000 0.000000
vn 0.000000 0.000000 0.000000
vn 0.000000 0.000000 0.000000
vn 0.000000 0.000000 0.000000
vn 0.000000 0.000000 0.000000
vn 0.000000 0.000000 0.000000
vn 0.000000 0.000000 0.000000
vn 0.000000 0.000000 0.000000
vn 0.000000 0.000000 0.000000
vn 0.000000 0.000000 0.000000
vn 0.000000 0.000000 0.000000
vn 0.000000 0.000000 0.000000
vn 0.000000 0.000000 0.000000
vn 0.000000 0.000000 0.000000
vn 0.000000 0.000000 0.000000
vn 0.000000 0.000000 0.000000
vn 0.000000 0.000000 0.000000
vn 0.000000 0.000000 0.000000
vn 0.000000 0.000000 0.000000
vn 0.000000 0.000000 0.000000
vn 0.000000 0.000000 0.000000
vn 0.000000 0.000000 0.000000
vn 0.000000 0.000000 0.000000
vn 0.000000 0.000000 0.000000
vn 0.000000 0.000000 0.000000
vn 0.000000 0.000000 0.000000
vn 0.000000 0.000000 0.000000
vn 0.000000 0.000000 0.000000
vn 0.000000 0.000000 0.000000
vn 0.000000 0.000000 0.000000
vn 0.000000 0.000000 0.000000
vn 0.000000 0.000000 0.000000
vn 0.000000 0.000000 0.000000
vn 0.000000 0.000000 0.000000
vn 0.000000 0.000000 0.000000
vn 0.000000 0.000000 0.000000
vn 0.000000 0.000000 0.000000
vn 0.000000 0.000000 0.000000
vn 0.000000 0.000000 0.000000
vn 0.000000 0.000000 0.000000
vn 0.000000 0.000000 0.000000
vn 0.000000 0.000000 0.000000
vn 0.000000 0.000000 0.000000
vn 0.000000 0.000000 0.000000
vn 0.000000 0.000000 0.000000
vn 0.000000 0.000000 0.000000
vn 0.000000 0.000000 0.000000
vn 0.000000 0.000000 0.000000
vn 0.000000 0.000000 0.000000
vn 0.000000 0.000000 0.000000
vn 0.000000 0.000000 0.000000
vn 0.000000 0.000000 0.000000
vn 0.000000 0.000000 0.000000
vn 0.000000 0.000000 0.000000
vn 0.000000 0.000000 0.000000
vn 0.000000 0.000000 0.000000
vn 0.000000 0.000000 0.000000
vn 0.000000 0.000000 0.000000
vn 0.000000 0.000000 0.000000
vn 0.000000 0.000000 0.000000
vn 0.000000 0.000000 0.000000
vn 0.000000 0.000000 0.000000
vn 0.000000 0.000000 0.000000
vn 0.000000 0.000000 0.000000
vn 0.000000 0.000000 0.000000
vn 0.000000 0.000000 0.000000
vn 0.000000 0.000000 0.000000
vn -0.548970 0.748840 0.371309
vn -0.451745 0.653715 0.607111
vn -0.462303 0.664133 0.587540
vn -0.554228 0.753850 0.352903
vn -0.317085 0.525427 0.789546
vn -0.335412 0.542509 0.770184
vn -0.129422 0.358527 0.924504
vn -0.150164 0.376493 0.914168
vn 0.121766 0.147655 0.981515
vn 0.122396 0.147133 0.981515
vn 0.403687 -0.087547 0.910699
vn 0.432737 -0.112011 0.894534
vn 0.633703 -0.286519 0.718560
vn 0.657678 -0.307839 0.687528
vn 0.768077 -0.409052 0.492681
vn 0.779774 -0.420117 0.464170
vn 0.841482 -0.483503 0.241107
vn 0.846114 -0.489405 0.211125
vn 0.855167 -0.515305 -0.056133
vn 0.854061 -0.515406 -0.070263
vn 0.798400 -0.490282 -0.349543
vn 0.799435 -0.490895 -0.346304
vn 0.687851 -0.420813 -0.591420
vn 0.693049 -0.424246 -0.582836
vn 0.522885 -0.304540 -0.796145
vn 0.533836 -0.312541 -0.785708
vn 0.267564 -0.109576 -0.957289
vn 0.277798 -0.117570 -0.953418
vn -0.030847 0.131609 -0.990822
vn -0.034654 0.134783 -0.990269
vn -0.279615 0.350951 -0.893672
vn -0.287453 0.358430 -0.888200
vn -0.444395 0.521168 -0.728627
vn -0.446889 0.524046 -0.725028
vn -0.546712 0.651385 -0.526121
vn -0.544692 0.648433 -0.531832
vn -0.603220 0.748665 -0.275000
vn -0.601050 0.743682 -0.292704
vn -0.607849 0.792243 0.053584
vn -0.609686 0.792072 0.030061
vn 0.578105 -0.086439 -0.811371
vn 0.578104 -0.086439 -0.811371
vn 0.578104 -0.086439 -0.811371
vn 0.578104 -0.086439 -0.811371
vn -0.456195 -0.363709 0.812159
vn -0.456195 -0.363709 0.812159
vn -0.456195 -0.363709 0.812159
vn -0.456195 -0.363709 0.812159
vn -0.456195 -0.363709 0.812159
vn 0.315627 -0.937408 -0.147123
vn 0.469346 -0.847179 -0.249001
vn 0.709100 -0.569712 -0.415457
vn 0.801003 -0.350239 -0.485516
vn 0.239900 0.422646 -0.873967
vn 0.239900 0.422646 -0.873967
vn 0.239900 0.422646 -0.873967
vn 0.239900 0.422646 -0.873967
vn 0.239900 0.422646 -0.873967
vn 0.121807 -0.076243 -0.989621
vn 0.121807 -0.076243 -0.989621
vn 0.121807 -0.076243 -0.989621
vn 0.121807 -0.076243 -0.989621
vn 0.121807 -0.076243 -0.989621
vn 0.190279 0.111075 -0.975426
vn 0.190279 0.111075 -0.975426
vn 0.190279 0.111075 -0.975426
vn 0.190279 0.111075 -0.975426
vn 0.728182 0.516161 -0.450921
vn 0.910489 0.251326 -0.328398
vn 0.783809 0.453419 -0.424329
vn 0.915573 0.240044 -0.322654
vn 0.915573 0.240044 -0.322654
vn 0.625543 0.340408 -0.702010
vn 0.625543 0.340408 -0.702010
vn 0.625543 0.340408 -0.702010
vn 0.625543 0.340408 -0.702010
vn 0.612005 0.392945 -0.686327
vn 0.612005 0.392945 -0.686327
vn 0.612005 0.392945 -0.686327
vn 0.612005 0.392945 -0.686327
vn 0.858582 0.509351 -0.058291
vn 0.858582 0.509351 -0.058291
vn 0.858582 0.509351 -0.058291
vn 0.858582 0.509351 -0.058291
vn 0.340060 0.938899 -0.053173
vn 0.340060 0.938899 -0.053173
vn 0.340060 0.938899 -0.053173
vn 0.340060 0.938899 -0.053173
vn 0.078711 0.481621 -0.872838
vn 0.078711 0.481621 -0.872838
vn 0.078711 0.481621 -0.872838
vn 0.078711 0.481621 -0.872838
vn 0.465237 0.302177 -0.832012
vn 0.465237 0.302177 -0.832012
vn 0.465237 0.302177 -0.832012
vn 0.465237 0.302177 -0.832012
vn -0.099472 0.089743 -0.990985
vn -0.099472 0.089743 -0.990985
vn -0.151064 0.149781 -0.977111
vn 0.809460 -0.319661 -0.492536
vn -0.203593 0.211086 -0.956029
vn 0.432948 -0.638014 -0.636784
vn -0.115629 0.048282 -0.992118
vn -0.115629 0.048282 -0.992118
vn -0.115629 0.048282 -0.992118
vn -0.115629 0.048282 -0.992118
vn -0.115629 0.048282 -0.992118
vn -0.888008 -0.164063 -0.429565
vn -0.888008 -0.164063 -0.429565
vn -0.888008 -0.164063 -0.429565
vn -0.888008 -0.164063 -0.429565
vn 0.791481 0.327657 0.515944
vn 0.791481 0.327657 0.515944
vn 0.791481 0.327657 0.515944
vn 0.791481 0.327657 0.515944
vn -0.001344 -0.045372 0.998969
vn -0.001344 -0.045372 0.998969
vn -0.001344 -0.045372 0.998969
vn -0.001344 -0.045372 0.998969
vn -0.064314 0.045984 -0.996870
vn -0.064314 0.045984 -0.996870
vn -0.064314 0.045984 -0.996870
vn -0.064314 0.045984 -0.996870
vn 0.144404 0.003648 0.989512
vn 0.144404 0.003648 0.989512
vn 0.144404 0.003648 0.989512
vn 0.144404 0.003648 0.989512
vn 0.483223 0.749187 -0.453007
vn 0.483223 0.749187 -0.453007
vn 0.483223 0.749187 -0.453007
vn 0.483223 0.749187 -0.453007
vn 0.162324 0.047004 0.985617
vn 0.162324 0.047004 0.985617
vn 0.162324 0.047004 0.985617
vn 0.162324 0.047004 0.985617
vn 0.072263 -0.069769 0.994942
vn 0.072263 -0.069769 0.994942
vn 0.072263 -0.069769 0.994942
vn 0.072263 -0.069769 0.994942
vn 0.392524 0.469835 0.790683
vn 0.392524 0.469835 0.790683
vn 0.392524 0.469835 0.790684
vn 0.392524 0.469835 0.790683
vn 0.141998 -0.032622 0.989329
vn 0.141998 -0.032622 0.989329
vn 0.141998 -0.032622 0.989329
vn 0.141998 -0.032622 0.989329
vn 0.141841 -0.271610 0.951898
vn 0.141841 -0.271610 0.951898
vn 0.141841 -0.271610 0.951898
vn 0.141841 -0.271610 0.951898
vn 0.125104 -0.955251 0.268038
vn 0.125104 -0.955251 0.268038
vn 0.125104 -0.955251 0.268038
vn 0.125104 -0.955251 0.268038
vn -0.213443 0.013035 -0.976869
vn -0.213443 0.013035 -0.976869
vn -0.213443 0.013035 -0.976869
vn -0.213443 0.013035 -0.976869
vn -0.139401 -0.014137 -0.990135
vn -0.139401 -0.014137 -0.990135
vn -0.139401 -0.014137 -0.990135
vn -0.139401 -0.014137 -0.990135
vn 0.151953 -0.009935 0.988338
vn 0.151953 -0.009935 0.988338
vn 0.151953 -0.009935 0.988338
vn 0.151953 -0.009935 0.988338
vn 0.416514 -0.855149 0.308604
vn 0.416514 -0.855149 0.308604
vn 0.416514 -0.855149 0.308604
vn 0.416514 -0.855149 0.308604
vn 0.529352 -0.837925 0.132923
vn 0.529352 -0.837925 0.132923
vn 0.529352 -0.837925 0.132923
vn 0.529352 -0.837925 0.132923
vn -0.142357 -0.006971 -0.989791
vn -0.142357 -0.006971 -0.989791
vn -0.142357 -0.006971 -0.989791
vn -0.142357 -0.006971 -0.989791
vn -0.551297 -0.036735 -0.833500
vn -0.551297 -0.036735 -0.833500
vn -0.551297 -0.036735 -0.833500
vn -0.551297 -0.036735 -0.833500
vn 0.031919 -0.024328 0.999194
vn 0.031919 -0.024328 0.999194
vn 0.031919 -0.024328 0.999194
vn 0.031919 -0.024328 0.999194
vn -0.086661 0.028958 -0.995817
vn -0.086661 0.028958 -0.995817
vn -0.086661 0.028958 -0.995817
vn -0.086661 0.028958 -0.995817
vn 0.501705 0.228291 0.834371
vn 0.501705 0.228291 0.834371
vn 0.501705 0.228291 0.834371
vn 0.501705 0.228291 0.834371
vn 0.011174 -0.021586 0.999705
vn 0.011174 -0.021586 0.999705
vn 0.011174 -0.021586 0.999705
vn 0.011174 -0.021586 0.999705
vn -0.528286 -0.043077 -0.847973
vn -0.528286 -0.043077 -0.847973
vn -0.528286 -0.043077 -0.847973
vn -0.528286 -0.043077 -0.847973
vn -0.898759 -0.217901 -0.380461
vn -0.898759 -0.217901 -0.380461
vn -0.898759 -0.217901 -0.380461
vn -0.898759 -0.217901 -0.380461
vn -0.144405 -0.003648 -0.989512
vn -0.144405 -0.003648 -0.989512
vn -0.144405 -0.003648 -0.989512
vn -0.144405 -0.003648 -0.989512
vn 0.713201 0.570626 0.407100
vn 0.713201 0.570626 0.407100
vn 0.713201 0.570626 0.407100
vn 0.713201 0.570626 0.407100
vn 0.117758 -0.013875 0.992945
vn 0.117758 -0.013875 0.992945
vn 0.117758 -0.013875 0.992945
vn 0.117758 -0.013875 0.992945
vn -0.717157 -0.417521 0.557998
vn -0.717157 -0.417521 0.557998
vn -0.717157 -0.417521 0.557998
vn -0.717157 -0.417521 0.557998
vn -0.170900 -0.021167 -0.985061
vn -0.170900 -0.021167 -0.985061
vn -0.170900 -0.021167 -0.985061
vn -0.170900 -0.021167 -0.985061
vn -0.230269 -0.345782 0.909621
vn -0.230268 -0.345782 0.909621
vn -0.230269 -0.345782 0.909621
vn -0.230268 -0.345782 0.909621
vn -0.204396 -0.065350 -0.976704
vn -0.204396 -0.065350 -0.976705
vn -0.204396 -0.065350 -0.976704
vn -0.204396 -0.065350 -0.976704
vn -0.212645 0.112282 -0.970657
vn -0.212645 0.112282 -0.970657
vn -0.212645 0.112282 -0.970657
vn -0.212645 0.112282 -0.970657
vn -0.294604 -0.060618 -0.953695
vn -0.294604 -0.060618 -0.953695
vn -0.294604 -0.060618 -0.953695
vn -0.294604 -0.060618 -0.953695
vn 0.031956 -0.064799 0.997387
vn 0.031956 -0.064799 0.997387
vn 0.031956 -0.064799 0.997387
vn 0.031956 -0.064799 0.997387
vn -0.591478 -0.524045 0.612806
vn -0.591478 -0.524045 0.612806
vn -0.591478 -0.524045 0.612806
vn -0.591478 -0.524045 0.612806
vn -0.186177 -0.042752 -0.981586
vn -0.186177 -0.042752 -0.981586
vn -0.186177 -0.042752 -0.981586
vn -0.186177 -0.042752 -0.981586
vn 0.355428 0.817047 -0.453987
vn 0.355428 0.817047 -0.453987
vn 0.355428 0.817047 -0.453987
vn 0.355428 0.817047 -0.453987
vn 0.158651 0.027447 0.986953
vn 0.158651 0.027447 0.986953
vn 0.158651 0.027447 0.986953
vn 0.158651 0.027447 0.986953
vn -0.207099 -0.342840 0.916281
vn -0.207099 -0.342840 0.916281
vn -0.207099 -0.342840 0.916281
vn -0.207099 -0.342840 0.916281
vn -0.215010 -0.077027 -0.973570
vn -0.215010 -0.077027 -0.973570
vn -0.215010 -0.077027 -0.973570
vn -0.215010 -0.077027 -0.973570
vn -0.190382 -0.086509 -0.977891
vn -0.190382 -0.086509 -0.977891
vn -0.190382 -0.086509 -0.977891
vn -0.190382 -0.086509 -0.977891
vn 0.104697 0.619109 -0.778294
vn 0.104697 0.619109 -0.778294
vn 0.104697 0.619109 -0.778294
vn 0.104697 0.619109 -0.778294
vn 0.151674 0.344845 0.926324
vn 0.151674 0.344845 0.926324
vn 0.151674 0.344845 0.926324
vn 0.151674 0.344845 0.926324
vn -0.273992 -0.172144 -0.946200
vn -0.273992 -0.172144 -0.946200
vn -0.273992 -0.172144 -0.946200
vn -0.273992 -0.172144 -0.946200
vn 0.229064 0.751350 0.618872
vn 0.229064 0.751350 0.618872
vn 0.229064 0.751350 0.618872
vn 0.229064 0.751350 0.618872
vn 0.121407 -0.062748 0.990617
vn 0.121407 -0.062748 0.990617
vn 0.121407 -0.062748 0.990617
vn 0.121407 -0.062748 0.990617
vn -0.333449 -0.536600 -0.775159
vn -0.333449 -0.536600 -0.775159
vn -0.333449 -0.536600 -0.775159
vn -0.333449 -0.536600 -0.775159
vn -0.254289 -0.281912 -0.925129
vn -0.254289 -0.281912 -0.925129
vn -0.254289 -0.281912 -0.925129
vn -0.254289 -0.281912 -0.925129
vn -0.162176 -0.071180 -0.984191
vn -0.162176 -0.071180 -0.984191
vn -0.162176 -0.071180 -0.984191
vn -0.162176 -0.071180 -0.984191
vn 0.009728 0.088094 0.996065
vn 0.009728 0.088094 0.996065
vn 0.009728 0.088094 0.996065
vn 0.009728 0.088094 0.996065
vn -0.146327 -0.074355 -0.986438
vn -0.146327 -0.074355 -0.986438
vn -0.146327 -0.074355 -0.986438
vn -0.146327 -0.074355 -0.986438
vn 0.004938 0.089153 0.996006
vn 0.004938 0.089153 0.996006
vn 0.004938 0.089153 0.996006
vn 0.004938 0.089153 0.996006
vn -0.201302 -0.813254 -0.545981
vn -0.201302 -0.813254 -0.545981
vn -0.201302 -0.813254 -0.545981
vn -0.201302 -0.813254 -0.545981
vn -0.200688 -0.320377 -0.925788
vn -0.200688 -0.320377 -0.925788
vn -0.200688 -0.320377 -0.925788
vn -0.200688 -0.320377 -0.925788
vn -0.192067 0.214780 -0.957591
vn -0.192067 0.214780 -0.957591
vn -0.192067 0.214780 -0.957591
vn -0.192067 0.214780 -0.957591
vn -0.128174 0.989040 0.073282
vn -0.128174 0.989040 0.073282
vn -0.128174 0.989040 0.073282
vn -0.128174 0.989040 0.073282
vn 0.146991 -0.033964 0.988555
vn 0.146991 -0.033964 0.988555
vn 0.146991 -0.033964 0.988555
vn 0.146991 -0.033964 0.988555
vn -0.136810 -0.046857 -0.989488
vn -0.136810 -0.046857 -0.989488
vn -0.136810 -0.046857 -0.989488
vn -0.136810 -0.046857 -0.989488
vn -0.247238 0.964712 0.090579
vn -0.247238 0.964712 0.090579
vn -0.247238 0.964712 0.090579
vn -0.247238 0.964712 0.090579
vn -0.133292 -0.036857 -0.990391
vn -0.133292 -0.036857 -0.990391
vn -0.133292 -0.036857 -0.990391
vn -0.133292 -0.036857 -0.990391
vn 0.088503 -0.970465 -0.224422
vn 0.088503 -0.970465 -0.224422
vn 0.088503 -0.970465 -0.224422
vn 0.088503 -0.970465 -0.224422
vn 0.150475 -0.029320 0.988179
vn 0.150475 -0.029320 0.988179
vn 0.150475 -0.029320 0.988179
vn 0.150475 -0.029320 0.988179
vn 0.155337 -0.029564 0.987419
vn 0.155337 -0.029564 0.987419
vn 0.155337 -0.029564 0.987419
vn 0.155337 -0.029564 0.987419
vn -0.360044 0.929119 -0.084300
vn -0.360044 0.929119 -0.084300
vn -0.360044 0.929119 -0.084300
vn -0.360044 0.929119 -0.084300
vn -0.213710 0.013054 -0.976810
vn -0.213710 0.013054 -0.976810
vn -0.213710 0.013054 -0.976810
vn -0.213710 0.013054 -0.976810
vn 0.140889 0.015108 0.989910
vn 0.140889 0.015108 0.989910
vn 0.140889 0.015108 0.989910
vn 0.140889 0.015108 0.989910
vn 0.245217 -0.969031 -0.029109
vn 0.245217 -0.969031 -0.029109
vn 0.245217 -0.969031 -0.029109
vn 0.245217 -0.969031 -0.029109
vn -0.141508 -0.006265 -0.989917
vn -0.141508 -0.006265 -0.989917
vn -0.141508 -0.006265 -0.989917
vn -0.141508 -0.006265 -0.989917
vn 0.344909 -0.713361 -0.610044
vn 0.344909 -0.713362 -0.610044
vn 0.344909 -0.713362 -0.610044
vn 0.344909 -0.713362 -0.610044
vn 0.017152 0.109359 0.993854
vn 0.017152 0.109359 0.993854
vn 0.017152 0.109359 0.993854
vn 0.017152 0.109359 0.993854
vn 0.030951 0.154150 0.987563
vn 0.030951 0.154150 0.987563
vn 0.030951 0.154150 0.987563
vn 0.030951 0.154150 0.987563
vn 0.140467 0.010829 0.990026
vn 0.140467 0.010829 0.990026
vn 0.140467 0.010829 0.990026
vn 0.140467 0.010829 0.990026
vn -0.147506 0.003640 -0.989055
vn -0.147506 0.003640 -0.989055
vn -0.147506 0.003640 -0.989055
vn -0.147506 0.003640 -0.989055
vn -0.148332 0.003537 -0.988931
vn -0.148332 0.003537 -0.988931
vn -0.148332 0.003537 -0.988931
vn -0.148332 0.003537 -0.988931
vn -0.547159 0.577148 -0.606231
vn -0.547159 0.577148 -0.606231
vn -0.547159 0.577148 -0.606231
vn -0.547159 0.577148 -0.606231
vn 0.154470 -0.009577 0.987951
vn 0.154470 -0.009577 0.987951
vn 0.154470 -0.009577 0.987951
vn 0.154470 -0.009577 0.987951
vn -0.405738 0.891926 0.199611
vn -0.405738 0.891926 0.199611
vn -0.405738 0.891926 0.199611
vn -0.405738 0.891926 0.199611
vn 0.142892 0.007296 0.989711
vn 0.142892 0.007296 0.989711
vn 0.142892 0.007296 0.989711
vn 0.142892 0.007296 0.989711
vn -0.553648 0.556254 -0.619722
vn -0.553648 0.556254 -0.619722
vn -0.553648 0.556254 -0.619722
vn -0.553648 0.556254 -0.619721
vn 0.137062 0.012866 0.990479
vn 0.137062 0.012866 0.990479
vn 0.137062 0.012866 0.990479
vn 0.137062 0.012866 0.990479
vn -0.475336 0.481677 -0.736235
vn -0.475336 0.481677 -0.736235
vn -0.475336 0.481677 -0.736235
vn -0.475336 0.481677 -0.736235
vn 0.246590 -0.093451 0.964604
vn 0.246590 -0.093451 0.964604
vn 0.246590 -0.093451 0.964604
vn 0.246590 -0.093451 0.964604
vn 0.521294 -0.528367 -0.670135
vn 0.521294 -0.528367 -0.670135
vn 0.521294 -0.528367 -0.670135
vn 0.521294 -0.528367 -0.670135
vn -0.328092 0.206456 0.921809
vn -0.328092 0.206456 0.921809
vn -0.328092 0.206456 0.921809
vn -0.328092 0.206456 0.921809
vn -0.333423 0.248480 0.909443
vn -0.333423 0.248480 0.909443
vn -0.333423 0.248480 0.909443
vn -0.333423 0.248480 0.909443
vn -0.407687 0.320063 0.855191
vn -0.407687 0.320063 0.855191
vn -0.407687 0.320063 0.855191
vn -0.407687 0.320063 0.855191
vn -0.107712 0.193609 0.975148
vn -0.107712 0.193609 0.975148
vn -0.107712 0.193609 0.975148
vn -0.107712 0.193609 0.975148
vn 0.099168 -0.007282 0.995044
vn 0.099168 -0.007282 0.995044
vn 0.099168 -0.007282 0.995044
vn 0.099168 -0.007282 0.995044
vn -0.603810 0.690108 0.398955
vn -0.603810 0.690108 0.398955
vn -0.603810 0.690108 0.398955
vn -0.603810 0.690108 0.398955
vn 0.229525 -0.473054 -0.850610
vn 0.229525 -0.473054 -0.850611
vn 0.229525 -0.473054 -0.850610
vn 0.229525 -0.473054 -0.850610
vn -0.058359 0.122748 0.990721
vn -0.058359 0.122748 0.990721
vn -0.058359 0.122748 0.990720
vn -0.058359 0.122748 0.990720
vn -0.822185 0.520802 0.229733
vn -0.822185 0.520802 0.229733
vn -0.822185 0.520802 0.229733
vn -0.822185 0.520802 0.229733
vn 0.058359 -0.122748 -0.990721
vn 0.058359 -0.122748 -0.990720
vn 0.058359 -0.122748 -0.990721
vn 0.058359 -0.122748 -0.990721
vn -0.237445 0.040979 -0.970536
vn -0.237445 0.040979 -0.970536
vn -0.237445 0.040979 -0.970536
vn -0.237445 0.040979 -0.970536
vn 0.490998 -0.187518 -0.850740
vn 0.490998 -0.187518 -0.850740
vn 0.490998 -0.187518 -0.850740
vn 0.490998 -0.187518 -0.850740
vn 0.375108 -0.498885 -0.781286
vn 0.375108 -0.498885 -0.781286
vn 0.375108 -0.498885 -0.781286
vn 0.375108 -0.498885 -0.781286
vn 0.817050 0.563660 -0.121317
vn 0.000000 0.000000 -0.000000
vn 0.000000 0.000000 -0.000000
vn 0.817050 0.563660 -0.121317
vn -0.000000 0.000000 -0.000000
vn -0.121319 0.000000 -0.992614
vn -0.121319 0.000000 -0.992613
vn -0.000000 0.000000 -0.000000
vn -0.952823 -0.204292 0.224484
vn -0.952823 -0.204292 0.224484
vn -0.952823 -0.204292 0.224484
vn -0.952823 -0.204292 0.224484
vn -0.899217 0.368674 0.235560
vn -0.899217 0.368674 0.235560
vn -0.899217 0.368674 0.235560
vn -0.899217 0.368674 0.235560
vn 0.955854 0.187897 -0.225917
vn 0.955854 0.187897 -0.225917
vn 0.955854 0.187897 -0.225917
vn 0.955854 0.187897 -0.225917
vn 0.842761 -0.488178 -0.226795
vn 0.842761 -0.488178 -0.226795
vn 0.842761 -0.488178 -0.226795
vn 0.842761 -0.488178 -0.226795
vn -0.145032 -0.085015 0.985768
vn -0.145032 -0.085015 0.985768
vn -0.145032 -0.085015 0.985768
vn -0.145032 -0.085015 0.985768
vn -0.541555 -0.098272 -0.834902
vn -0.541555 -0.098272 -0.834902
vn -0.541555 -0.098272 -0.834902
vn -0.541555 -0.098272 -0.834902
vn 0.353796 0.163197 0.920975
vn 0.353796 0.163197 0.920975
vn 0.353796 0.163197 0.920975
vn 0.353796 0.163197 0.920975
vn -0.200470 -0.508878 0.837170
vn -0.200470 -0.508878 0.837170
vn -0.200470 -0.508878 0.837170
vn -0.200470 -0.508878 0.837170
vn -0.151726 -0.017013 -0.988276
vn -0.151726 -0.017013 -0.988276
vn -0.151726 -0.017013 -0.988276
vn -0.151726 -0.017013 -0.988276
vn -0.957890 -0.286412 -0.020380
vn -0.957890 -0.286412 -0.020380
vn -0.957890 -0.286412 -0.020380
vn -0.957890 -0.286412 -0.020380
vn -0.144404 -0.003648 -0.989512
vn -0.144404 -0.003648 -0.989512
vn -0.144404 -0.003648 -0.989512
vn -0.144404 -0.003648 -0.989512
vn -0.144403 -0.003648 -0.989512
vn -0.144403 -0.003648 -0.989512
vn -0.144403 -0.003648 -0.989512
vn -0.144403 -0.003648 -0.989512
vn 0.131719 -0.011454 0.991221
vn 0.131719 -0.011454 0.991221
vn 0.131719 -0.011454 0.991221
vn 0.131719 -0.011454 0.991221
vn 0.282113 0.483752 0.828490
vn 0.282113 0.483752 0.828490
vn 0.282113 0.483752 0.828490
vn 0.282113 0.483752 0.828490
vn 0.093349 -0.087898 0.991746
vn 0.093349 -0.087898 0.991746
vn 0.093349 -0.087898 0.991746
vn 0.093349 -0.087898 0.991746
vn -0.215794 -0.305389 -0.927454
vn -0.215794 -0.305389 -0.927454
vn -0.215794 -0.305389 -0.927454
vn -0.215794 -0.305389 -0.927454
vn -0.355612 -0.908956 0.217575
vn -0.355612 -0.908956 0.217575
vn -0.355612 -0.908956 0.217575
vn -0.355612 -0.908956 0.217575
vn 0.033157 0.902147 -0.430152
vn 0.033157 0.902147 -0.430152
vn 0.033157 0.902147 -0.430152
vn 0.033157 0.902147 -0.430152
vn 0.144403 0.003647 0.989512
vn 0.144403 0.003647 0.989512
vn 0.144403 0.003647 0.989512
vn 0.144403 0.003647 0.989512
vn -0.145669 -0.025972 -0.988992
vn -0.145669 -0.025972 -0.988992
vn -0.145669 -0.025972 -0.988992
vn -0.145669 -0.025972 -0.988992
vn 0.145077 0.014829 0.989309
vn 0.145077 0.014829 0.989309
vn 0.145077 0.014829 0.989309
vn 0.145077 0.014829 0.989309
vn -0.142262 -0.027302 -0.989452
vn -0.142262 -0.027302 -0.989452
vn -0.142262 -0.027302 -0.989453
vn -0.142262 -0.027302 -0.989452
vn -0.163121 0.986063 -0.032746
vn -0.163121 0.986063 -0.032746
vn -0.163121 0.986063 -0.032746
vn -0.163121 0.986063 -0.032746
vn 0.143331 0.014700 0.989566
vn 0.143331 0.014700 0.989566
vn 0.143331 0.014700 0.989566
vn 0.143331 0.014700 0.989566
vn 0.144403 0.003648 0.989512
vn 0.144403 0.003648 0.989512
vn 0.144403 0.003648 0.989512
vn 0.144403 0.003648 0.989512
vn 0.169663 -0.984824 0.036554
vn 0.169663 -0.984824 0.036554
vn 0.169663 -0.984824 0.036554
vn 0.169663 -0.984824 0.036554
vn -0.142810 -0.010891 -0.989690
vn -0.142810 -0.010891 -0.989690
vn -0.142810 -0.010891 -0.989690
vn -0.142810 -0.010891 -0.989690
vn -0.322762 0.932416 0.162558
vn -0.322762 0.932416 0.162558
vn -0.322762 0.932416 0.162558
vn -0.322762 0.932416 0.162558
vn 0.144403 0.003647 0.989512
vn 0.144403 0.003647 0.989512
vn 0.144403 0.003647 0.989512
vn 0.144403 0.003647 0.989512
vn -0.141960 -0.011184 -0.989809
vn -0.141960 -0.011184 -0.989809
vn -0.141960 -0.011184 -0.989809
vn -0.141960 -0.011184 -0.989809
vn 0.368265 -0.916772 0.154630
vn 0.368265 -0.916772 0.154630
vn 0.368265 -0.916772 0.154630
vn 0.368265 -0.916772 0.154630
vn -0.101331 -0.131830 -0.986080
vn -0.101331 -0.131830 -0.986080
vn -0.101331 -0.131830 -0.986080
vn -0.101331 -0.131830 -0.986080
vn 0.101561 0.128877 0.986446
vn 0.101561 0.128877 0.986446
vn 0.101561 0.128877 0.986446
vn 0.101561 0.128877 0.986446
vn -0.304280 0.681821 0.665233
vn -0.304280 0.681821 0.665233
vn -0.304280 0.681821 0.665233
vn -0.304280 0.681821 0.665233
vn 0.145781 0.001010 0.989316
vn 0.145781 0.001010 0.989316
vn 0.145781 0.001010 0.989316
vn 0.145781 0.001010 0.989316
vn 0.353410 -0.854613 -0.380445
vn 0.353410 -0.854613 -0.380445
vn 0.353410 -0.854613 -0.380445
vn 0.353410 -0.854613 -0.380445
vn -0.143025 -0.006284 -0.989699
vn -0.143025 -0.006284 -0.989699
vn -0.143025 -0.006284 -0.989699
vn -0.143025 -0.006284 -0.989699
vn -0.017262 0.189498 0.981729
vn -0.017262 0.189498 0.981729
vn -0.017262 0.189498 0.981729
vn -0.017262 0.189498 0.981729
vn 0.124293 -0.424254 -0.896973
vn 0.124293 -0.424254 -0.896973
vn 0.124293 -0.424254 -0.896972
vn 0.124293 -0.424254 -0.896972
vn -0.132736 -0.010470 -0.991096
vn -0.132736 -0.010470 -0.991096
vn -0.132736 -0.010470 -0.991096
vn -0.132736 -0.010470 -0.991096
s 1
g pSphere1
usemtl initialShadingGroup
f 824/293/341 825/294/342 826/972/343 827/973/344
f 825/294/342 828/295/345 829/974/346 826/972/343
f 828/295/345 830/296/347 831/975/348 829/974/346
f 830/296/347 832/297/349 833/976/350 831/975/348
f 832/297/349 834/298/351 835/977/352 833/976/350
f 834/298/351 836/299/353 837/978/354 835/977/352
f 836/299/353 838/300/355 839/979/356 837/978/354
f 838/300/355 840/301/357 841/980/358 839/979/356
f 840/301/357 842/302/359 843/981/360 841/980/358
f 842/302/359 844/303/361 845/982/362 843/981/360
f 844/303/361 846/304/363 847/983/364 845/982/362
f 846/304/363 848/305/365 849/984/366 847/983/364
f 848/305/365 850/306/367 851/985/368 849/984/366
f 850/306/367 852/307/369 853/986/370 851/985/368
f 852/307/369 854/308/371 855/987/372 853/986/370
f 854/308/371 856/309/373 857/988/374 855/987/372
f 856/309/373 858/310/375 859/989/376 857/988/374
f 858/310/375 860/311/377 861/990/378 859/989/376
f 860/311/377 862/312/379 863/991/380 861/990/378
f 862/312/379 824/313/341 827/992/344 863/991/380
s 2
f 245/314/381 246/315/382 266/336/383 265/335/384
f 246/315/382 247/316/385 267/337/386 266/336/383
f 247/316/385 248/317/387 268/338/388 267/337/386
f 248/317/387 249/318/389 269/339/390 268/338/388
f 249/318/389 250/319/391 270/340/392 269/339/390
f 250/319/391 251/320/393 271/341/394 270/340/392
f 251/320/393 252/321/395 272/342/396 271/341/394
f 252/321/395 253/322/397 273/343/398 272/342/396
f 253/322/397 254/323/399 274/344/400 273/343/398
f 254/323/399 255/324/401 275/345/402 274/344/400
f 255/324/401 256/325/403 276/346/404 275/345/402
f 256/325/403 257/326/405 277/347/406 276/346/404
f 257/326/405 258/327/407 278/348/408 277/347/406
f 258/327/407 259/328/409 279/349/410 278/348/408
f 259/328/409 260/329/411 280/350/412 279/349/410
f 260/329/411 261/330/413 281/351/414 280/350/412
f 261/330/413 262/331/415 282/352/416 281/351/414
f 262/331/415 263/332/417 283/353/418 282/352/416
f 263/332/417 264/333/419 284/354/420 283/353/418
f 264/333/419 245/334/381 265/355/384 284/354/420
f 265/335/384 266/336/383 286/357/421 578/726/422 285/356/423
f 266/336/383 267/337/386 287/358/424 286/357/421
f 267/337/386 268/338/388 288/359/425 287/358/424
f 268/338/388 269/339/390 289/360/426 288/359/425
f 269/339/390 270/340/392 290/361/427 289/360/426
f 270/340/392 271/341/394 291/362/428 290/361/427
f 271/341/394 272/342/396 292/363/429 291/362/428
f 272/342/396 273/343/398 293/364/430 292/363/429
f 273/343/398 274/344/400 294/365/431 293/364/430
f 274/344/400 275/345/402 295/366/432 294/365/431
f 275/345/402 276/346/404 296/367/433 295/366/432
f 276/346/404 277/347/406 297/368/434 296/367/433
f 277/347/406 278/348/408 298/369/435 297/368/434
f 278/348/408 279/349/410 299/370/436 298/369/435
f 279/349/410 280/350/412 300/371/437 299/370/436
f 280/350/412 281/351/414 301/372/438 300/371/437
f 281/351/414 282/352/416 302/373/439 301/372/438
f 282/352/416 283/353/418 303/374/440 583/731/441 302/373/439
f 283/353/418 284/354/420 304/375/442 588/736/443 303/374/440
f 284/354/420 265/355/384 285/376/423 592/740/444 304/375/442
f 581/729/445 285/356/423 578/726/422 577/725/446
f 286/357/421 287/358/424 307/379/447 306/378/448 579/727/449
f 287/358/424 288/359/425 308/380/450 307/379/447
f 288/359/425 289/360/426 309/381/451 308/380/450
f 289/360/426 290/361/427 310/382/452 309/381/451
f 290/361/427 291/362/428 311/383/453 310/382/452
f 291/362/428 292/363/429 312/384/454 311/383/453
f 292/363/429 293/364/430 313/385/455 312/384/454
f 293/364/430 294/365/431 314/386/456 313/385/455
f 294/365/431 295/366/432 315/387/457 314/386/456
f 295/366/432 296/367/433 316/388/458 315/387/457
f 296/367/433 297/368/434 317/389/459 316/388/458
f 297/368/434 298/369/435 318/390/460 317/389/459
f 298/369/435 299/370/436 319/391/461 318/390/460
f 299/370/436 300/371/437 320/392/462 319/391/461
f 300/371/437 301/372/438 321/393/463 320/392/462
f 301/372/438 302/373/439 586/734/464 322/394/465 321/393/463
f 586/734/464 302/373/439 583/731/441 582/730/466
s 3
f 940/1080/467 939/1077/468 941/1078/469 942/1079/470
s 2
f 589/737/471 304/375/442 592/740/444 591/739/472
s 4
f 597/746/473 305/377/474 580/728/475 594/743/476
s 2
f 306/378/448 307/379/447 327/400/477 326/399/478 595/744/479
f 307/379/447 308/380/450 328/401/480 327/400/477
f 308/380/450 309/381/451 329/402/481 328/401/480
f 309/381/451 310/382/452 330/403/482 329/402/481
f 310/382/452 311/383/453 331/404/483 330/403/482
f 311/383/453 312/384/454 332/405/484 331/404/483
f 312/384/454 313/385/455 333/406/485 332/405/484
f 313/385/455 314/386/456 334/407/486 333/406/485
f 314/386/456 315/387/457 335/408/487 334/407/486
f 315/387/457 316/388/458 336/409/488 335/408/487
f 316/388/458 317/389/459 337/410/489 336/409/488
f 317/389/459 318/390/460 338/411/490 337/410/489
f 318/390/460 319/391/461 339/412/491 338/411/490
f 319/391/461 320/392/462 340/413/492 339/412/491
f 320/392/462 321/393/463 341/414/493 340/413/492
f 321/393/463 322/394/465 600/750/494 342/415/495 341/414/493
s 5
f 944/1081/496 943/1082/497 945/1083/498 946/1084/499
s off
f 1051/1182/500 1050/1183/501 1052/1184/502 1053/1185/503
s 6
f 948/1085/504 947/1086/505 949/1116/506 950/1087/507
s 7
f 952/1088/508 951/1089/509 953/1119/510 954/757/511
s 2
f 326/399/478 327/400/477 347/421/512 346/420/513 606/758/514
f 327/400/477 328/401/480 348/422/515 347/421/512
f 328/401/480 329/402/481 349/423/516 348/422/515
f 329/402/481 330/403/482 350/424/517 349/423/516
f 330/403/482 331/404/483 351/425/518 350/424/517
f 331/404/483 332/405/484 352/426/519 351/425/518
f 332/405/484 333/406/485 353/427/520 352/426/519
f 333/406/485 334/407/486 354/428/521 353/427/520
f 334/407/486 335/408/487 355/429/522 354/428/521
f 335/408/487 336/409/488 356/430/523 355/429/522
f 336/409/488 337/410/489 357/431/524 356/430/523
f 337/410/489 338/411/490 358/432/525 357/431/524
f 338/411/490 339/412/491 359/433/526 358/432/525
f 339/412/491 340/413/492 360/434/527 359/433/526
f 340/413/492 341/414/493 361/435/528 360/434/527
f 341/414/493 342/415/495 612/764/529 362/436/530 361/435/528
s 8
f 956/1090/531 955/1091/532 957/749/533 958/1092/534
s 9
f 610/762/535 343/416/536 603/753/537 613/765/538
s 10
f 1055/1196/539 1054/1186/540 1056/1187/541 1057/1188/542
s off
f 621/774/543 345/419/544 607/759/545 618/771/546
s 2
f 346/420/513 347/421/512 367/442/547 366/441/548 619/772/549
f 347/421/512 348/422/515 368/443/550 367/442/547
f 348/422/515 349/423/516 369/444/551 368/443/550
f 349/423/516 350/424/517 370/445/552 369/444/551
f 350/424/517 351/425/518 371/446/553 370/445/552
f 351/425/518 352/426/519 372/447/554 371/446/553
f 352/426/519 353/427/520 373/448/555 372/447/554
f 353/427/520 354/428/521 374/449/556 373/448/555
f 354/428/521 355/429/522 375/450/557 374/449/556
f 355/429/522 356/430/523 376/451/558 375/450/557
f 356/430/523 357/431/524 377/452/559 376/451/558
f 357/431/524 358/432/525 378/453/560 377/452/559
f 358/432/525 359/433/526 379/454/561 378/453/560
f 359/433/526 360/434/527 380/455/562 379/454/561
f 360/434/527 361/435/528 381/456/563 380/455/562
f 361/435/528 362/436/530 625/778/564 382/457/565 381/456/563
f 625/778/564 362/436/530 611/763/566 622/775/567
s 11
f 960/1093/568 959/1094/569 961/1134/570 962/779/571
s off
f 626/780/572 364/438/573 617/770/574 628/782/575
f 964/1095/576 963/1096/577 965/1097/578 966/1143/579
s 2
f 366/441/548 367/442/547 386/463/580 385/462/581 631/786/582
f 367/442/547 368/443/550 387/464/583 386/463/580
f 368/443/550 369/444/551 388/465/584 387/464/583
f 369/444/551 370/445/552 389/466/585 388/465/584
f 370/445/552 371/446/553 390/467/586 389/466/585
f 371/446/553 372/447/554 391/468/587 390/467/586
f 372/447/554 373/448/555 392/469/588 391/468/587
f 373/448/555 374/449/556 393/470/589 392/469/588
f 374/449/556 375/450/557 394/471/590 393/470/589
f 375/450/557 376/451/558 395/472/591 394/471/590
f 376/451/558 377/452/559 396/473/592 395/472/591
f 377/452/559 378/453/560 397/474/593 396/473/592
f 378/453/560 379/454/561 398/475/594 397/474/593
f 379/454/561 380/455/562 399/476/595 398/475/594
f 380/455/562 381/456/563 400/477/596 399/476/595
f 381/456/563 382/457/565 636/792/597 401/478/598 400/477/596
f 636/792/597 382/457/565 624/777/599 634/789/600
s 12
f 968/790/601 967/1141/602 969/1098/603 970/1099/604
s off
f 1071/1189/605 1070/1190/606 1072/1191/607 1073/1192/608
s 13
f 972/1156/609 971/461/610 973/1100/611 974/1101/612
s 2
f 385/462/581 386/463/580 406/484/613 935/1073/614 405/483/615 643/800/616
f 386/463/580 387/464/583 407/485/617 406/484/613
f 387/464/583 388/465/584 408/486/618 407/485/617
f 388/465/584 389/466/585 409/487/619 408/486/618
f 389/466/585 390/467/586 410/488/620 409/487/619
f 390/467/586 391/468/587 411/489/621 410/488/620
f 391/468/587 392/469/588 412/490/622 411/489/621
f 392/469/588 393/470/589 413/491/623 412/490/622
f 393/470/589 394/471/590 414/492/624 413/491/623
f 394/471/590 395/472/591 415/493/625 414/492/624
f 395/472/591 396/473/592 416/494/626 415/493/625
f 396/473/592 397/474/593 417/495/627 416/494/626
f 397/474/593 398/475/594 418/496/628 417/495/627
f 398/475/594 399/476/595 419/497/629 418/496/628
f 399/476/595 400/477/596 420/498/630 419/497/629
f 400/477/596 401/478/598 648/806/631 421/499/632 420/498/630
s off
f 976/1102/633 975/1103/634 977/1104/635 978/803/636
f 646/804/637 402/479/638 639/795/639 649/807/640
f 650/808/641 403/480/642 641/798/643 652/810/644
s 2
f 405/483/615 935/1073/614 406/484/613 424/504/645
f 406/484/613 407/485/617 425/505/646 424/504/645
f 407/485/617 408/486/618 426/506/647 425/505/646
f 408/486/618 409/487/619 427/507/648 426/506/647
f 409/487/619 410/488/620 428/508/649 427/507/648
f 410/488/620 411/489/621 429/509/650 428/508/649
f 411/489/621 412/490/622 430/510/651 429/509/650
f 412/490/622 413/491/623 431/511/652 430/510/651
f 413/491/623 414/492/624 432/512/653 431/511/652
f 414/492/624 415/493/625 433/513/654 432/512/653
f 415/493/625 416/494/626 434/514/655 433/513/654
f 416/494/626 417/495/627 435/515/656 434/514/655
f 417/495/627 418/496/628 436/516/657 435/515/656
f 418/496/628 419/497/629 437/517/658 436/516/657
f 419/497/629 420/498/630 438/518/659 437/517/658
f 420/498/630 421/499/632 659/818/660 439/519/661 438/518/659
f 659/818/660 421/499/632 647/805/662 656/815/663
s 14
f 980/1162/664 979/1105/665 981/1106/666 982/1107/667 983/819/668
s 2
f 442/522/669 405/483/615 424/504/645 443/523/670
f 424/504/645 425/505/646 444/524/671 443/523/670
f 425/505/646 426/506/647 445/525/672 444/524/671
f 426/506/647 427/507/648 446/526/673 445/525/672
f 427/507/648 428/508/649 447/527/674 446/526/673
f 428/508/649 429/509/650 448/528/675 447/527/674
f 429/509/650 430/510/651 449/529/676 448/528/675
f 430/510/651 431/511/652 450/530/677 449/529/676
f 431/511/652 432/512/653 451/531/678 450/530/677
f 432/512/653 433/513/654 452/532/679 451/531/678
f 433/513/654 434/514/655 453/533/680 452/532/679
f 434/514/655 435/515/656 454/534/681 453/533/680
f 435/515/656 436/516/657 455/535/682 454/534/681
f 436/516/657 437/517/658 456/536/683 455/535/682
f 437/517/658 438/518/659 457/537/684 456/536/683
f 438/518/659 439/519/661 662/823/685 458/538/686 457/537/684
f 662/823/685 439/519/661 658/817/687 458/538/686
s 15
f 458/538/688 440/520/689 660/820/690 930/1064/691 663/824/692
s 2
f 441/521/693 929/1061/694 661/822/695 928/1060/696 442/522/669 460/542/697 459/541/698
f 442/522/669 443/523/670 461/543/699 460/542/697
f 443/523/670 444/524/671 462/544/700 461/543/699
f 444/524/671 445/525/672 463/545/701 462/544/700
f 445/525/672 446/526/673 464/546/702 463/545/701
f 446/526/673 447/527/674 465/547/703 464/546/702
f 447/527/674 448/528/675 466/548/704 465/547/703
f 448/528/675 449/529/676 467/549/705 466/548/704
f 449/529/676 450/530/677 468/550/706 467/549/705
f 450/530/677 451/531/678 469/551/707 468/550/706
f 451/531/678 452/532/679 470/552/708 469/551/707
f 452/532/679 453/533/680 471/553/709 470/552/708
f 453/533/680 454/534/681 472/554/710 471/553/709
f 454/534/681 455/535/682 473/555/711 472/554/710
f 455/535/682 456/536/683 474/556/712 473/555/711
f 456/536/683 457/537/684 475/557/713 474/556/712
f 457/537/684 458/538/686 476/558/714 475/557/713
f 458/538/686 441/539/693 459/541/698 476/558/714
f 459/540/698 460/541/697 478/542/715 477/560/716
f 460/559/697 461/542/699 479/543/717 478/561/715
f 461/560/699 462/543/700 480/544/718 479/562/717
f 462/561/700 463/544/701 481/545/719 480/563/718
f 463/562/701 464/545/702 482/546/720 481/564/719
f 464/563/702 465/546/703 483/547/721 482/565/720
f 465/564/703 466/547/704 484/548/722 483/566/721
f 466/565/704 467/548/705 485/549/723 484/567/722
f 467/566/705 468/549/706 486/550/724 485/568/723
f 468/567/706 469/550/707 487/551/725 486/569/724
f 469/568/707 470/551/708 488/552/726 487/570/725
f 470/569/708 471/552/709 489/553/727 488/571/726
f 471/570/709 472/553/710 490/554/728 489/572/727
f 472/571/710 473/554/711 491/555/729 490/573/728
f 473/572/711 474/555/712 492/556/730 491/574/729
f 474/573/712 475/556/713 493/557/731 492/575/730
f 475/574/713 476/557/714 494/558/732 493/576/731
f 476/575/714 459/558/698 495/541/733 494/577/732
f 459/576/698 496/541/734 495/578/733
f 459/577/698 477/541/716 496/579/734
f 477/578/716 478/559/715 498/560/735 497/581/736
f 478/580/715 479/560/717 499/561/737 498/582/735
f 479/581/717 480/561/718 500/562/738 499/583/737
f 480/582/718 481/562/719 501/563/739 500/584/738
f 481/583/719 482/563/720 502/564/740 501/585/739
f 482/584/720 483/564/721 503/565/741 502/586/740
f 483/585/721 484/565/722 504/566/742 503/587/741
f 484/586/722 485/566/723 505/567/743 504/588/742
f 485/587/723 486/567/724 506/568/744 505/589/743
f 486/588/724 487/568/725 507/569/745 506/590/744
f 487/589/725 488/569/726 508/570/746 507/591/745
f 488/590/726 489/570/727 509/571/747 508/592/746
f 489/591/727 490/571/728 510/572/748 509/593/747
f 490/592/728 491/572/729 511/573/749 510/594/748
f 491/593/729 492/573/730 512/574/750 511/595/749
f 492/594/730 493/574/731 513/575/751 512/596/750
f 493/595/731 494/575/732 514/576/752 513/597/751
f 494/596/732 495/576/733 515/577/753 514/598/752
f 495/597/733 496/577/734 516/578/754 515/599/753
f 496/598/734 477/578/716 497/579/736 516/600/754
f 497/599/736 498/580/735 518/581/755 517/602/756
f 498/601/735 499/581/737 519/582/757 518/603/755
f 499/602/737 500/582/738 520/583/758 519/604/757
f 500/603/738 501/583/739 521/584/759 520/605/758
f 501/604/739 502/584/740 522/585/760 521/606/759
f 502/605/740 503/585/741 523/586/761 522/607/760
f 503/606/741 504/586/742 524/587/762 523/608/761
f 504/607/742 505/587/743 525/588/763 524/609/762
f 505/608/743 506/588/744 526/589/764 525/610/763
f 506/609/744 507/589/745 527/590/765 526/611/764
f 507/610/745 508/590/746 528/591/766 527/612/765
f 508/611/746 509/591/747 529/592/767 528/613/766
f 509/612/747 510/592/748 530/593/768 529/614/767
f 510/613/748 511/593/749 531/594/769 530/615/768
f 511/614/749 512/594/750 532/595/770 531/616/769
f 512/615/750 513/595/751 533/596/771 532/617/770
f 513/616/751 514/596/752 534/597/772 533/618/771
f 514/617/752 515/597/753 535/598/773 534/619/772
f 515/618/753 516/598/754 536/599/774 535/620/773
f 516/619/754 497/599/736 517/600/756 536/621/774
f 517/620/756 518/601/755 538/602/775 537/623/776
f 518/622/755 519/602/757 539/603/777 538/624/775
f 519/623/757 520/603/758 540/604/778 539/625/777
f 520/624/758 521/604/759 541/605/779 540/626/778
f 521/625/759 522/605/760 542/606/780 541/627/779
f 522/626/760 523/606/761 543/607/781 542/628/780
f 523/627/761 524/607/762 544/608/782 543/629/781
f 524/628/762 525/608/763 545/609/783 544/630/782
f 525/629/763 526/609/764 546/610/784 545/631/783
f 526/630/764 527/610/765 547/611/785 546/632/784
f 527/631/765 528/611/766 548/612/786 547/633/785
f 528/632/766 529/612/767 549/613/787 548/634/786
f 529/633/767 530/613/768 550/614/788 549/635/787
f 530/634/768 531/614/769 551/615/789 550/636/788
f 531/635/769 532/615/770 552/616/790 551/637/789
f 532/636/770 533/616/771 553/617/791 552/638/790
f 533/637/771 534/617/772 554/618/792 553/639/791
f 534/638/772 535/618/773 555/619/793 554/640/792
f 535/639/773 536/619/774 556/620/794 555/641/793
f 536/640/774 517/620/756 537/621/776 556/642/794
f 537/641/776 538/622/775 558/623/795 557/644/796
f 538/643/775 539/623/777 559/624/797 558/645/795
f 539/644/777 540/624/778 560/625/798 559/646/797
f 540/645/778 541/625/779 561/626/799 560/647/798
f 541/646/779 542/626/780 562/627/800 561/648/799
f 542/647/780 543/627/781 563/628/801 562/649/800
f 543/648/781 544/628/782 564/629/802 563/650/801
f 544/649/782 545/629/783 565/630/803 564/651/802
f 545/650/783 546/630/784 566/631/804 565/652/803
f 546/651/784 547/631/785 567/632/805 566/653/804
f 547/652/785 548/632/786 568/633/806 567/654/805
f 548/653/786 549/633/787 569/634/807 568/655/806
f 549/654/787 550/634/788 570/635/808 569/656/807
f 550/655/788 551/635/789 571/636/809 570/657/808
f 551/656/789 552/636/790 572/637/810 571/658/809
f 552/657/790 553/637/791 573/638/811 572/659/810
f 553/658/791 554/638/792 574/639/812 573/660/811
f 554/659/792 555/639/793 575/640/813 574/661/812
f 555/660/793 556/640/794 576/641/814 575/662/813
f 556/661/794 537/641/776 557/642/796 576/663/814
s 16
f 764/662/815 765/930/816 766/931/817 767/665/818
f 765/664/816 768/931/819 769/932/820 766/666/817
f 768/665/819 770/932/821 771/933/822 769/667/820
f 770/666/821 772/933/823 773/934/824 771/668/822
f 772/667/823 774/934/825 775/935/826 773/669/824
f 774/668/825 776/935/827 777/936/828 775/670/826
f 776/669/827 778/936/829 779/937/830 777/671/828
f 778/670/829 780/937/831 781/938/832 779/672/830
f 780/671/831 782/938/833 783/939/834 781/673/832
f 782/672/833 784/939/835 785/940/836 783/674/834
f 784/673/835 786/940/837 787/941/838 785/675/836
f 786/674/837 788/941/839 789/942/840 787/676/838
f 788/675/839 790/942/841 791/943/842 789/677/840
f 790/676/841 792/943/843 793/944/844 791/678/842
f 792/677/843 794/944/845 795/945/846 793/679/844
f 794/678/845 796/945/847 797/946/848 795/680/846
f 796/679/847 798/946/849 799/947/850 797/681/848
f 798/680/849 800/947/851 801/948/852 799/682/850
f 800/681/851 802/948/853 803/949/854 801/683/852
f 802/682/853 764/949/815 767/950/818 803/684/854
s 1
f 825/683/342 824/294/341 864/293/855
f 828/685/345 825/295/342 864/294/855
f 830/686/347 828/296/345 864/295/855
f 832/687/349 830/297/347 864/296/855
f 834/688/351 832/298/349 864/297/855
f 836/689/353 834/299/351 864/298/855
f 838/690/355 836/300/353 864/299/855
f 840/691/357 838/301/355 864/300/855
f 842/692/359 840/302/357 864/301/855
f 844/693/361 842/303/359 864/302/855
f 846/694/363 844/304/361 864/303/855
f 848/695/365 846/305/363 864/304/855
f 850/696/367 848/306/365 864/305/855
f 852/697/369 850/307/367 864/306/855
f 854/698/371 852/308/369 864/307/855
f 856/699/373 854/309/371 864/308/855
f 858/700/375 856/310/373 864/309/855
f 860/701/377 858/311/375 864/310/855
f 862/702/379 860/312/377 864/311/855
f 824/703/341 862/313/379 864/312/855
s 17
f 905/704/856 906/1035/857 907/1036/858
f 906/705/857 908/1036/859 907/1037/858
f 908/706/859 909/1037/860 907/1038/858
f 909/707/860 910/1038/861 907/1039/858
f 910/708/861 911/1039/862 907/1040/858
f 911/709/862 912/1040/863 907/1041/858
f 912/710/863 913/1041/864 907/1042/858
f 913/711/864 914/1042/865 907/1043/858
f 914/712/865 915/1043/866 907/1044/858
f 915/713/866 916/1044/867 907/1045/858
f 916/714/867 917/1045/868 907/1046/858
f 917/715/868 918/1046/869 907/1047/858
f 918/716/869 919/1047/870 907/1048/858
f 919/717/870 920/1048/871 907/1049/858
f 920/718/871 921/1049/872 907/1050/858
f 921/719/872 922/1050/873 907/1051/858
f 922/720/873 923/1051/874 907/1052/858
f 923/721/874 924/1052/875 907/1053/858
f 924/722/875 925/1053/876 907/1054/858
f 925/723/876 905/1054/856 907/1055/858
s 2
f 578/724/422 286/726/421 579/357/449 577/727/877
f 579/725/449 306/727/448 580/378/878 577/728/879
s 4
f 580/725/475 305/728/474 581/377/880 577/729/881
s 3
f 984/725/882 939/1108/468 940/1077/467 985/1080/883
s off
f 940/1109/884 986/1080/885 945/1110/886 985/1083/887
s 5
f 945/1109/498 943/1083/497 987/1082/888 985/1111/889
s off
f 941/1109/890 988/1078/891 989/1112/892 942/1113/893
s 6
f 989/1079/894 947/1113/505 990/1086/895 942/1114/896
s off
f 590/1079/897 323/738/898 584/395/899 587/732/900
s 2
f 592/735/444 285/740/423 581/376/445 591/741/901
s 4
f 581/739/880 305/741/474 593/397/902 591/742/903
s 6
f 949/739/506 947/1116/505 989/1086/894 991/1113/904
s 2
f 580/1115/878 306/728/448 595/378/479 594/744/905
f 595/743/479 326/744/478 596/399/906 594/745/907
s 7
f 953/743/510 951/1119/509 992/1089/908 993/1117/909
s off
f 585/1118/910 323/733/911 599/395/912 598/748/913
s 18
f 994/747/914 995/1120/915 957/1121/916 946/749/917
s 8
f 957/1084/533 955/749/532 944/1091/918 946/1081/919
s off
f 1052/1084/920 1058/1184/921 1059/1193/922 1053/1194/923
s 10
f 1059/1185/924 1054/1194/540 1060/1186/925 1053/1195/926
s 9
f 603/1185/537 343/753/536 599/416/927 601/748/928
s off
f 949/751/929 996/1116/930 992/1122/931 950/1123/932
s 7
f 992/1087/908 951/1123/509 997/1124/933 950/1125/934
s off
f 605/1087/935 344/756/936 602/417/937 604/752/938
f 953/754/939 998/1119/940 999/1126/941 954/1127/942
s 19
f 999/757/943 1000/1127/944 1001/1128/945 954/1129/946
s off
f 1001/757/947 1002/1129/948 952/1130/949 954/1088/950
s 18
f 957/757/916 995/749/915 1003/1121/951 958/1131/952
s 11
f 1003/1092/953 959/1131/569 1004/1094/954 958/1132/955
s 2
f 611/1092/566 362/763/530 612/436/529 609/764/956
s 10
f 1060/761/925 1054/1195/540 1055/1186/539 1061/1196/957
s off
f 614/1197/958 364/766/959 615/438/960 613/767/961
s 11
f 961/765/570 959/1134/569 1003/1094/953 1005/1131/962
s off
f 605/1133/963 325/756/964 608/418/965 616/769/966
s 20
f 1062/768/967 1063/1198/968 1064/1199/969 1057/1200/970
s off
f 1064/1188/971 1065/1200/972 1055/1201/973 1057/1196/974
s 19
f 1001/1188/945 1000/1129/944 1006/1128/975 1007/1135/976
s 21
f 1006/1136/977 1008/1135/978 965/1137/979 1007/1097/980
s off
f 620/1136/981 365/773/982 621/440/983 618/774/984
f 611/771/985 363/763/986 623/437/987 622/776/988
f 623/775/989 383/776/990 624/458/991 622/777/992
s 2
f 624/775/599 382/777/565 625/457/564 622/778/993
s off
f 961/775/994 1009/1134/995 1010/1138/996 962/1139/997
f 1010/779/998 1011/1139/999 969/1140/1000 962/1098/1001
s 12
f 969/779/603 967/1098/602 960/1141/1002 962/1093/1003
s 20
f 1064/779/969 1063/1200/968 1066/1199/1004 1067/1202/1005
s off
f 1066/1203/1006 1068/1202/1007 1069/1204/1008 1067/1191/1009
f 629/1203/1010 384/784/1011 626/459/1012 628/780/1013
s 21
f 965/782/979 1008/1097/978 1012/1137/1014 966/1142/1015
s 2
f 631/1143/582 385/786/581 632/462/1016 630/787/1017
s 13
f 973/785/611 971/1100/610 964/461/1018 966/1095/1019
s 12
f 1013/1143/1020 967/1144/602 968/1141/601 1014/790/1021
s 22
f 968/1145/1022 1015/790/1023 977/1147/1024 1014/1104/1025
s 2
f 635/1145/1026 401/791/598 636/478/597 634/792/1027
s off
f 627/789/1028 384/781/1029 638/459/1030 637/794/1031
f 638/793/1032 403/794/1033 639/480/1034 637/795/1035
s 22
f 1016/793/1036 1015/1146/1023 968/1147/1022 970/790/1037
s off
f 629/1099/1038 365/784/1039 633/460/1040 640/797/1041
s 13
f 964/796/1018 971/1150/610 1017/481/1042 1018/1148/1043
s off
f 1075/1149/1044 1074/1205/1045 1071/1206/1046 1073/1189/1047
s 2
f 632/1192/1016 385/787/581 643/462/616 642/800/1048
s 23
f 1019/799/1049 1020/1151/1050 1021/1152/1051 974/1153/1052
s off
f 1021/1101/1053 1022/1153/1054 1023/1154/1055 972/1155/1056 974/1156/1057
s 22
f 977/1101/1024 1015/1104/1023 1024/1147/1058 978/1157/1059
s 14
f 1024/803/1060 979/1157/665 1025/1105/1061 978/1158/1062
s off
f 1025/803/1063 1026/1158/1064 976/1159/1065 978/1102/1066
f 1076/803/1067 1077/1207/1068 1078/1206/1069 1079/1208/1070
s 24
f 1078/1209/1071 1080/1208/1072 1081/501/1073 1082/1210/1074 1079/1211/1075
s off
f 651/1209/1076 422/809/1077 646/500/1078 649/804/1079
s 13
f 1017/807/1042 971/1148/610 972/481/609 1027/1160/1080
s off
f 645/1161/1081 404/811/1082 933/502/1083 653/1070/1084 652/812/1085
s 24
f 1084/810/1086 1083/1213/1087 1080/1068/1072 1078/501/1071 1085/1208/1088
s 25
f 423/1212/1089 655/1056/1090 926/814/1091 654/1057/1092
s 14
f 1025/813/1061 979/1158/665 980/1105/664 1028/1162/1093
s 15
f 657/1163/1094 440/816/689 658/520/1095 656/817/1096
s 2
f 658/815/687 439/817/661 659/519/660 656/818/1097
s off
f 1030/815/1098 1029/1164/1099 980/1165/1100 983/1162/1101 1031/819/1102
s 15
f 658/1065/1095 440/817/689 458/520/688
s 2
f 441/538/693 458/539/686 663/538/1103
s 26
f 557/824/1104 558/643/1105 665/644/1106 664/826/1107
f 558/825/1105 559/644/1108 666/645/1109 665/827/1106
f 559/826/1108 560/645/1110 667/646/1111 666/828/1109
f 560/827/1112 561/646/1113 668/647/1114 667/829/1111
f 561/828/1115 562/647/1116 669/648/1117 668/830/1114
f 562/829/1116 563/648/1118 670/649/1119 669/831/1117
f 563/830/1118 564/649/1120 671/650/1121 670/832/1119
f 564/831/1120 565/650/1122 672/651/1123 671/833/1121
f 565/832/1122 566/651/1124 673/652/1125 672/834/1123
f 566/833/1124 567/652/1126 674/653/1127 673/835/1125
f 567/834/1126 568/653/1128 675/654/1129 674/836/1127
f 568/835/1128 569/654/1130 676/655/1131 675/837/1129
f 569/836/1130 570/655/1132 677/656/1133 676/838/1131
f 570/837/1132 571/656/1134 678/657/1135 677/839/1133
f 571/838/1136 572/657/1137 679/658/1138 678/840/1135
f 572/839/1139 573/658/1140 680/659/1141 679/841/1138
f 573/840/1140 574/659/1142 681/660/1143 680/842/1141
f 574/841/1142 575/660/1144 682/661/1145 681/843/1143
f 575/842/1144 576/661/1146 683/662/1147 682/844/1145
f 576/843/1146 557/662/1104 664/663/1107 683/845/1147
f 664/844/1107 665/825/1106 685/826/1148 684/847/1149
f 665/846/1106 666/826/1109 686/827/1150 685/848/1148
f 666/847/1109 667/827/1111 687/828/1151 686/849/1150
f 667/848/1111 668/828/1114 688/829/1152 687/850/1151
f 668/849/1114 669/829/1117 689/830/1153 688/851/1152
f 669/850/1117 670/830/1119 690/831/1154 689/852/1153
f 670/851/1119 671/831/1121 691/832/1155 690/853/1154
f 671/852/1121 672/832/1123 692/833/1156 691/854/1155
f 672/853/1123 673/833/1125 693/834/1157 692/855/1156
f 673/854/1125 674/834/1127 694/835/1158 693/856/1157
f 674/855/1127 675/835/1129 695/836/1159 694/857/1158
f 675/856/1129 676/836/1131 696/837/1160 695/858/1159
f 676/857/1131 677/837/1133 697/838/1161 696/859/1160
f 677/858/1133 678/838/1135 698/839/1162 697/860/1161
f 678/859/1135 679/839/1138 699/840/1163 698/861/1162
f 679/860/1138 680/840/1141 700/841/1164 699/862/1163
f 680/861/1141 681/841/1143 701/842/1165 700/863/1164
f 681/862/1143 682/842/1145 702/843/1166 701/864/1165
f 682/863/1145 683/843/1167 703/844/1168 702/865/1166
f 683/864/1167 664/844/1107 684/845/1149 703/866/1168
f 684/865/1169 685/846/1170 705/847/1171 704/868/1172
f 685/867/1170 686/847/1173 706/848/1174 705/869/1171
f 686/868/1173 687/848/1175 707/849/1176 706/870/1174
f 687/869/1175 688/849/1177 708/850/1178 707/871/1176
f 688/870/1177 689/850/1153 709/851/1179 708/872/1178
f 689/871/1153 690/851/1154 710/852/1180 709/873/1179
f 690/872/1154 691/852/1155 711/853/1181 710/874/1180
f 691/873/1155 692/853/1156 712/854/1182 711/875/1181
f 692/874/1156 693/854/1157 713/855/1183 712/876/1182
f 693/875/1157 694/855/1158 714/856/1184 713/877/1183
f 694/876/1158 695/856/1159 715/857/1185 714/878/1184
f 695/877/1159 696/857/1160 716/858/1186 715/879/1185
f 696/878/1160 697/858/1161 717/859/1187 716/880/1186
f 697/879/1161 698/859/1188 718/860/1189 717/881/1187
f 698/880/1188 699/860/1190 719/861/1191 718/882/1189
f 699/881/1190 700/861/1192 720/862/1193 719/883/1191
f 700/882/1192 701/862/1194 721/863/1195 720/884/1193
f 701/883/1194 702/863/1196 722/864/1197 721/885/1195
f 702/884/1196 703/864/1198 723/865/1199 722/886/1197
f 703/885/1198 684/865/1169 704/866/1172 723/887/1199
f 704/886/1200 705/867/1171 725/868/1201 724/889/1202
f 705/888/1171 706/868/1174 726/869/1203 725/890/1201
f 706/889/1174 707/869/1176 727/870/1204 726/891/1203
f 707/890/1176 708/870/1178 728/871/1205 727/892/1204
f 708/891/1178 709/871/1179 729/872/1206 728/893/1205
f 709/892/1179 710/872/1180 730/873/1207 729/894/1206
f 710/893/1180 711/873/1208 731/874/1209 730/895/1207
f 711/894/1208 712/874/1210 732/875/1211 731/896/1209
f 712/895/1210 713/875/1212 733/876/1213 732/897/1211
f 713/896/1212 714/876/1214 734/877/1215 733/898/1213
f 714/897/1214 715/877/1216 735/878/1217 734/899/1215
f 715/898/1216 716/878/1186 736/879/1218 735/900/1217
f 716/899/1186 717/879/1187 737/880/1219 736/901/1218
f 717/900/1187 718/880/1189 738/881/1220 737/902/1219
f 718/901/1189 719/881/1191 739/882/1221 738/903/1220
f 719/902/1191 720/882/1193 740/883/1222 739/904/1221
f 720/903/1193 721/883/1195 741/884/1223 740/905/1222
f 721/904/1195 722/884/1224 742/885/1225 741/906/1223
f 722/905/1224 723/885/1226 743/886/1227 742/907/1225
f 723/906/1226 704/886/1200 724/887/1202 743/908/1227
f 724/907/1228 725/888/1229 745/889/1230 744/910/1231
f 725/909/1229 726/889/1203 746/890/1232 745/911/1230
f 726/910/1203 727/890/1204 747/891/1233 746/912/1232
f 727/911/1204 728/891/1205 748/892/1234 747/913/1233
f 728/912/1205 729/892/1206 749/893/1235 748/914/1234
f 729/913/1206 730/893/1207 750/894/1236 749/915/1235
f 730/914/1207 731/894/1237 751/895/1238 750/916/1236
f 731/915/1237 732/895/1239 752/896/1240 751/917/1238
f 732/916/1239 733/896/1241 753/897/1242 752/918/1240
f 733/917/1241 734/897/1243 754/898/1244 753/919/1242
f 734/918/1243 735/898/1245 755/899/1246 754/920/1244
f 735/919/1245 736/899/1218 756/900/1247 755/921/1246
f 736/920/1218 737/900/1219 757/901/1248 756/922/1247
f 737/921/1219 738/901/1220 758/902/1249 757/923/1248
f 738/922/1220 739/902/1221 759/903/1250 758/924/1249
f 739/923/1221 740/903/1222 760/904/1251 759/925/1250
f 740/924/1222 741/904/1223 761/905/1252 760/926/1251
f 741/925/1223 742/905/1253 762/906/1254 761/927/1252
f 742/926/1253 743/906/1255 763/907/1256 762/928/1254
f 743/927/1255 724/907/1228 744/908/1231 763/929/1256
s off
f 744/928/1257 745/909/1258 765/910/1259 764/931/1260
f 745/930/1261 746/910/1262 768/911/1263 765/932/1264
f 746/931/1265 747/911/1266 770/912/1267 768/933/1268
f 747/932/1269 748/912/1270 772/913/1271 770/934/1272
f 748/933/1273 749/913/1274 774/914/1275 772/935/1276
f 749/934/1277 750/914/1278 776/915/1279 774/936/1280
f 750/935/1281 751/915/1282 778/916/1283 776/937/1284
f 751/936/1285 752/916/1286 780/917/1287 778/938/1288
f 752/937/1289 753/917/1290 782/918/1291 780/939/1292
f 753/938/1293 754/918/1294 784/919/1295 782/940/1296
f 754/939/1297 755/919/1298 786/920/1299 784/941/1300
f 755/940/1301 756/920/1302 788/921/1303 786/942/1304
f 756/941/1305 757/921/1306 790/922/1307 788/943/1308
f 757/942/1309 758/922/1310 792/923/1311 790/944/1312
f 758/943/1313 759/923/1314 794/924/1315 792/945/1316
f 759/944/1317 760/924/1318 796/925/1319 794/946/1320
f 760/945/1321 761/925/1322 798/926/1323 796/947/1324
f 761/946/1325 762/926/1326 800/927/1327 798/948/1328
f 762/947/1329 763/927/1330 802/928/1331 800/949/1332
f 763/948/1333 744/928/1334 764/929/1335 802/950/1336
s 1
f 246/949/1337 245/315/1338 805/314/1339 804/952/1340
f 247/951/1341 246/316/1337 804/315/1340 806/951/1342
f 248/953/1343 247/317/1341 806/316/1342 807/953/1344
f 249/954/1345 248/318/1343 807/317/1344 808/954/1346
f 250/955/1347 249/319/1345 808/318/1346 809/955/1348
f 251/956/1349 250/320/1347 809/319/1348 810/956/1350
f 252/957/1351 251/321/1349 810/320/1350 811/957/1352
f 253/958/1353 252/322/1351 811/321/1352 812/958/1354
f 254/959/1355 253/323/1353 812/322/1354 813/959/1356
f 255/960/1357 254/324/1355 813/323/1356 814/960/1358
f 256/961/1359 255/325/1357 814/324/1358 815/961/1360
f 257/962/1361 256/326/1359 815/325/1360 816/962/1362
f 258/963/1363 257/327/1361 816/326/1362 817/963/1364
f 259/964/1365 258/328/1363 817/327/1364 818/964/1366
f 260/965/1367 259/329/1365 818/328/1366 819/965/1368
f 261/966/1369 260/330/1367 819/329/1368 820/966/1370
f 262/967/1371 261/331/1369 820/330/1370 821/967/1372
f 263/968/1373 262/332/1371 821/331/1372 822/968/1374
f 264/969/1375 263/333/1373 822/332/1374 823/969/1376
f 245/970/1338 264/334/1375 823/333/1376 805/970/1339
f 804/971/1377 805/951/1378 827/952/1379 826/973/1380
f 806/972/1381 804/953/1377 826/951/1380 829/972/1382
f 807/974/1344 806/954/1381 829/953/1382 831/974/1383
f 808/975/1346 807/955/1344 831/954/1383 833/975/1384
f 809/976/1348 808/956/1346 833/955/1384 835/976/1385
f 810/977/1350 809/957/1348 835/956/1385 837/977/1386
f 811/978/1352 810/958/1350 837/957/1387 839/978/1388
f 812/979/1389 811/959/1352 839/958/1388 841/979/358
f 813/980/1390 812/960/1389 841/959/358 843/980/360
f 814/981/1391 813/961/1390 843/960/360 845/981/362
f 815/982/1392 814/962/1391 845/961/362 847/982/364
f 816/983/1393 815/963/1392 847/962/364 849/983/1394
f 817/984/1364 816/964/1393 849/963/1394 851/984/1395
f 818/985/1366 817/965/1364 851/964/1395 853/985/1396
f 819/986/1368 818/966/1366 853/965/1396 855/986/1397
f 820/987/1370 819/967/1368 855/966/1397 857/987/1398
f 821/988/1372 820/968/1370 857/967/1398 859/988/1399
f 822/989/1400 821/969/1372 859/968/1399 861/989/1401
f 823/990/1402 822/970/1400 861/969/1401 863/990/1403
f 805/991/1378 823/971/1402 863/970/1403 827/991/1379
s off
f 767/992/1404 766/664/1405 866/665/1406 865/994/1407
f 766/993/1408 769/665/1409 867/666/1410 866/995/1411
f 769/994/1412 771/666/1413 868/667/1414 867/996/1415
f 771/995/1416 773/667/1417 869/668/1418 868/997/1419
f 773/996/1420 775/668/1421 870/669/1422 869/998/1423
f 775/997/1424 777/669/1425 871/670/1426 870/999/1427
f 777/998/1428 779/670/1429 872/671/1430 871/1000/1431
f 779/999/1432 781/671/1433 873/672/1434 872/1001/1435
f 781/1000/1436 783/672/1437 874/673/1438 873/1002/1439
f 783/1001/1440 785/673/1441 875/674/1442 874/1003/1443
f 785/1002/1444 787/674/1445 876/675/1446 875/1004/1447
f 787/1003/1448 789/675/1449 877/676/1450 876/1005/1451
f 789/1004/1452 791/676/1453 878/677/1454 877/1006/1455
f 791/1005/1456 793/677/1457 879/678/1458 878/1007/1459
f 793/1006/1460 795/678/1461 880/679/1462 879/1008/1463
f 795/1007/1464 797/679/1465 881/680/1466 880/1009/1467
f 797/1008/1468 799/680/1469 882/681/1470 881/1010/1471
f 799/1009/1472 801/681/1473 883/682/1474 882/1011/1475
f 801/1010/1476 803/682/1477 884/683/1478 883/1012/1479
f 803/1011/1480 767/683/1481 865/684/1482 884/1013/1483
f 865/1012/1484 866/993/1485 886/994/1486 885/1015/1487
f 866/1014/1488 867/994/1489 887/995/1490 886/1016/1491
f 867/1015/1492 868/995/1493 888/996/1494 887/1017/1495
f 868/1016/1496 869/996/1497 889/997/1498 888/1018/1499
f 869/1017/1500 870/997/1501 890/998/1502 889/1019/1503
f 870/1018/1504 871/998/1505 891/999/1506 890/1020/1507
f 871/1019/1508 872/999/1509 892/1000/1510 891/1021/1511
f 872/1020/1512 873/1000/1513 893/1001/1514 892/1022/1515
f 873/1021/1516 874/1001/1517 894/1002/1518 893/1023/1519
f 874/1022/1520 875/1002/1521 895/1003/1522 894/1024/1523
f 875/1023/1524 876/1003/1525 896/1004/1526 895/1025/1527
f 876/1024/1528 877/1004/1529 897/1005/1530 896/1026/1531
f 877/1025/1532 878/1005/1533 898/1006/1534 897/1027/1535
f 878/1026/1536 879/1006/1537 899/1007/1538 898/1028/1539
f 879/1027/1540 880/1007/1541 900/1008/1542 899/1029/1543
f 880/1028/1544 881/1008/1545 901/1009/1546 900/1030/1547
f 881/1029/1548 882/1009/1549 902/1010/1550 901/1031/1551
f 882/1030/1552 883/1010/1553 903/1011/1554 902/1032/1555
f 883/1031/1556 884/1011/1557 904/1012/1558 903/1033/1559
f 884/1032/1560 865/1012/1561 885/1013/1562 904/1034/1563
s 35
f 885/1033/1564 886/1014/1565 906/1015/1566 905/1036/1567
f 886/1035/1565 887/1015/1568 908/1016/1569 906/1037/1566
f 887/1036/1568 888/1016/1570 909/1017/1571 908/1038/1569
f 888/1037/1570 889/1017/1572 910/1018/1573 909/1039/1571
f 889/1038/1572 890/1018/1574 911/1019/1575 910/1040/1573
f 890/1039/1574 891/1019/1576 912/1020/1577 911/1041/1575
f 891/1040/1576 892/1020/1578 913/1021/1579 912/1042/1577
f 892/1041/1578 893/1021/1580 914/1022/1581 913/1043/1579
f 893/1042/1580 894/1022/1582 915/1023/1583 914/1044/1581
f 894/1043/1582 895/1023/1584 916/1024/1585 915/1045/1583
f 895/1044/1584 896/1024/1586 917/1025/1587 916/1046/1585
f 896/1045/1586 897/1025/1588 918/1026/1589 917/1047/1587
f 897/1046/1588 898/1026/1590 919/1027/1591 918/1048/1589
f 898/1047/1590 899/1027/1592 920/1028/1593 919/1049/1591
f 899/1048/1592 900/1028/1594 921/1029/1595 920/1050/1593
f 900/1049/1594 901/1029/1596 922/1030/1597 921/1051/1595
f 901/1050/1596 902/1030/1598 923/1031/1599 922/1052/1597
f 902/1051/1598 903/1031/1600 924/1032/1601 923/1053/1599
f 903/1052/1600 904/1032/1602 925/1033/1603 924/1054/1601
f 904/1053/1602 885/1033/1564 905/1034/1567 925/1055/1603
s off
f 934/1054/1604 644/1071/1605 423/801/1606 654/1056/1607
f 926/813/1608 655/1057/1609 927/814/1610 936/1058/1611 654/1074/1612
s 36
f 927/813/1613 423/1058/1614 938/503/1615 936/1076/1616
s off
f 1032/1074/1617 1033/1167/1618 1034/821/1619 1035/1059/1620 1036/1072/1621
f 1034/1166/1622 1037/1059/1623 1038/1168/1624 1036/1169/1625 1035/1166/1626
f 1038/1072/1627 1039/1169/1628 1040/1170/1629 1036/1171/1630
s 37
f 929/1166/1631 441/1062/1632 654/540/1633
f 441/813/1632 663/1063/1634 930/824/1635 654/1064/1633
s off
f 1041/813/1636 1030/1172/1637 1031/1164/1638 1036/1065/1639
f 1031/1166/1640 983/1065/1641 982/819/1642 1036/1107/1643
f 931/1166/1644 651/1066/1645 932/809/1646 654/1067/1647
f 1081/813/1648 1080/1210/1649 1083/501/1650 1086/1068/1651
f 1083/1214/1652 1084/1068/1653 1087/1213/1654 1086/1215/1655
f 933/1214/1656 404/1069/1657 934/482/1658 654/1071/1659
s 25
f 937/813/1660 405/1075/1661 423/483/1662
s 36
f 936/503/1616 938/1074/1615 423/1076/1614 654/503/1663
s 25
f 405/813/1661 937/483/1660 423/1075/1662 927/503/1664 655/1058/1090 423/814/1089
s 23
f 1021/1056/1051 1020/1153/1050 1032/1152/1665
s off
f 1032/1173/1666 1020/1167/1667 1037/1152/1668 1034/1168/1669 1033/1059/1670
f 303/821/1671 588/374/1672 941/736/1673 939/1078/1674
f 587/1077/1675 584/735/1676 940/732/1677 942/1080/1678
f 600/1079/1679 322/750/1680 943/394/1681 944/1082/1682
f 585/1081/1683 598/733/1684 946/747/1685 945/1084/1686
f 602/1083/1687 324/752/1688 947/396/1689 948/1086/1690
f 604/1085/1691 602/754/1692 948/752/1693 950/1085/1694
f 608/1087/1695 325/760/1696 951/398/1697 952/1089/1698
f 612/1088/1699 342/764/1700 955/415/1701 956/1091/1702
f 609/1090/1703 612/761/1704 956/764/1705 958/1090/1706
f 623/1092/1707 363/776/1708 959/437/1709 960/1094/1710
f 633/1093/1711 365/788/1712 963/440/1713 964/1096/1714
f 365/1095/1715 620/440/1716 965/773/1717 963/1097/1718
f 627/1096/1719 637/781/1720 970/793/1721 969/1099/1722
f 632/1098/1723 642/787/1724 974/799/1725 973/1101/1726
f 648/1100/1727 401/806/1728 975/478/1729 976/1103/1730
f 401/1102/1731 635/478/1732 977/791/1733 975/1104/1734
f 422/1103/1735 651/500/1736 981/809/1737 979/1106/1738
f 651/1105/1739 931/809/1740 982/1066/1741 981/1107/1742
f 583/1106/1743 303/731/1744 939/374/1745 984/1077/1746
f 582/1108/1747 583/730/1748 984/731/1749 985/1108/1750
f 584/1109/1751 323/732/1752 986/395/1753 940/1110/1754
f 323/1080/1755 585/395/1756 945/733/1757 986/1083/1758
f 322/1110/1759 586/394/1760 987/734/1761 943/1111/1762
f 586/1082/1763 582/734/1764 985/730/1765 987/1109/1766
f 588/1111/1767 304/736/1768 988/375/1769 941/1112/1770
f 304/1078/1771 589/375/1772 989/737/1773 988/1113/1774
f 324/1112/1775 590/396/1776 990/738/1777 947/1114/1778
f 590/1086/1779 587/738/1780 942/735/1781 990/1079/1782
f 589/1114/1783 591/737/1784 991/739/1785 989/1115/1786
f 591/1113/1787 593/739/1788 949/742/1789 991/1116/1790
f 597/1115/1791 594/746/1792 993/743/1793 992/1118/1794
f 594/1117/1795 596/743/1796 953/745/1797 993/1119/1798
f 599/1118/1799 343/748/1800 995/416/1801 994/1121/1802
f 598/1120/1803 599/747/1804 994/748/1805 946/1120/1806
f 342/1084/1807 600/415/1808 944/750/1809 955/1081/1810
f 593/1091/1811 305/742/1812 996/397/1813 949/1122/1814
f 305/1116/1815 597/397/1816 992/755/1817 996/1123/1818
f 325/1122/1819 605/418/1820 997/756/1821 951/1125/1822
f 605/1124/1823 604/756/1824 950/754/1825 997/1087/1826
f 596/1125/1827 326/745/1828 998/399/1829 953/1126/1830
f 326/1119/1831 606/399/1832 999/758/1833 998/1127/1834
f 606/1126/1835 346/758/1836 1000/420/1837 999/1128/1838
f 607/1127/1839 345/759/1840 1002/419/1841 1001/1130/1842
f 345/1129/1843 608/419/1844 952/760/1845 1002/1088/1846
f 343/1130/1847 610/416/1848 1003/762/1849 995/1131/1850
f 363/1121/1851 611/437/1852 1004/763/1853 959/1132/1854
f 611/1094/1855 609/763/1856 958/761/1857 1004/1092/1858
f 610/1132/1859 613/762/1860 1005/765/1861 1003/1133/1862
f 613/1131/1863 615/765/1864 961/767/1865 1005/1134/1866
f 346/1133/1867 619/420/1868 1006/772/1869 1000/1135/1870
f 618/1128/1871 607/771/1872 1001/759/1873 1007/1129/1874
f 619/1136/1875 366/772/1876 1008/441/1877 1006/1137/1878
f 620/1135/1879 618/773/1880 1007/771/1881 965/1136/1882
f 615/1097/1883 364/767/1884 1009/438/1885 961/1138/1886
f 364/1134/1887 626/438/1888 1010/780/1889 1009/1139/1890
f 626/1138/1891 384/780/1892 1011/459/1893 1010/1140/1894
f 384/1139/1895 627/459/1896 969/781/1897 1011/1098/1898
f 383/1140/1899 623/458/1900 960/776/1901 967/1093/1902
f 366/1141/1903 631/441/1904 1012/786/1905 1008/1142/1906
f 631/1137/1907 630/786/1908 966/785/1909 1012/1143/1910
f 630/1142/1911 632/785/1912 973/787/1913 966/1100/1914
f 624/1143/1915 383/777/1916 967/458/1917 1013/1141/1918
f 634/1144/1919 624/789/1920 1013/777/1921 1014/1144/1922
f 635/1145/1923 634/791/1924 1014/789/1925 977/1145/1926
f 639/1104/1927 402/795/1928 1015/479/1929 1016/1147/1930
f 637/1146/1931 639/793/1932 1016/795/1933 970/1146/1934
f 641/1099/1935 640/798/1936 1018/796/1937 1017/1149/1938
f 640/1148/1939 633/796/1940 964/797/1941 1018/1150/1942
f 643/1149/1943 405/800/1944 1020/483/1945 1019/1152/1946
f 642/1151/1947 643/799/1948 1019/800/1949 974/1151/1950
f 644/1101/1951 934/801/1952 1022/1071/1953 1021/1154/1954
f 934/1153/1955 404/1071/1956 1023/482/1957 1022/1155/1958
f 404/1154/1959 645/482/1960 972/802/1961 1023/1156/1962
f 402/1155/1963 646/479/1964 1024/804/1965 1015/1157/1966
f 646/1147/1967 422/804/1968 979/500/1969 1024/1105/1970
f 647/1157/1971 421/805/1972 1026/499/1973 1025/1159/1974
f 421/1158/1975 648/499/1976 976/806/1977 1026/1102/1978
f 645/1159/1979 652/811/1980 1027/810/1981 972/1161/1982
f 652/1160/1983 641/810/1984 1017/798/1985 1027/1148/1986
f 657/1161/1987 656/816/1988 1028/815/1989 980/1163/1990
f 656/1162/1991 647/815/1992 1025/805/1993 1028/1158/1994
f 660/1163/1995 440/820/1996 1029/520/1997 1030/1165/1998
f 440/1164/1999 657/520/2000 980/816/2001 1029/1162/2002
f 654/1165/2003 423/813/2004 1032/503/2005 1036/1167/2006
f 442/1166/2007 928/522/2008 1038/1060/2009 1037/1169/2010
f 928/1168/2011 661/1060/2012 1039/822/2013 1038/1170/2014
f 661/1169/2015 929/822/2016 1040/1062/2017 1039/1171/2018
f 1042/1170/2019 1043/1174/2020 1044/1175/2021 1045/1176/2022
f 930/1177/2023 660/1064/2024 1030/820/2025 1041/1164/2026
f 654/1172/2027 930/813/2028 1041/1064/2029 1036/1172/2030
f 931/1166/2031 654/1066/2032 1036/813/2033 982/1166/2034
f 405/1107/2035 423/483/2036 1032/1056/2037 1020/1173/2038
f 423/1152/2039 644/1056/2040 1021/801/2041 1032/1153/2042
f 423/1173/2043 405/503/2044 1020/483/2045 1032/1152/2046
f 1047/1167/2047 1046/1178/2048 1048/1179/2049 1049/1180/2050
f 929/1181/2051 654/1062/2052 1043/813/2053 1042/1175/2054
f 654/1174/2055 1036/813/2056 1044/1166/2057 1043/1176/2058
f 1036/1175/2059 1040/1166/2060 1045/1171/2061 1044/1177/2062
f 1040/1176/2063 929/1171/2064 1042/1062/2065 1045/1174/2066
f 405/1177/2067 442/483/2068 1046/522/2069 1047/1179/2070
f 442/1178/2071 1037/522/2072 1048/1168/2073 1046/1180/2074
f 1037/1179/2075 1020/1168/2076 1049/1152/2077 1048/1181/2078
f 1020/1180/2079 405/1152/2080 1047/483/2081 1049/1178/2082
f 599/1181/2083 323/748/2084 1050/395/2085 1051/1183/2086
f 323/1182/2087 590/395/2088 1052/738/2089 1050/1184/2090
f 601/1183/2091 599/751/2092 1051/748/2093 1053/1182/2094
f 344/1185/2095 605/417/2096 1056/756/2097 1054/1187/2098
f 605/1186/2099 616/756/2100 1057/768/2101 1056/1188/2102
f 590/1187/2103 324/794/2104 1058/459/2105 1052/1190/2106
f 324/1189/2107 602/459/2108 1059/784/2109 1058/1191/2110
f 602/1190/2111 344/784/2112 1054/796/2113 1059/1192/2114
f 603/1191/2115 601/738/2116 1053/396/2117 1060/1193/2118
f 614/1184/2119 613/396/2120 1061/752/2121 1055/1194/2122
f 613/1193/2123 603/752/2124 1060/417/2125 1061/1186/2126
f 608/1194/2127 345/753/2128 1063/751/2129 1062/1185/2130
f 616/1195/2131 608/766/2132 1062/765/2133 1057/1197/2134
f 617/1196/2135 364/765/2136 1065/753/2137 1064/1195/2138
f 364/1197/2139 614/769/2140 1055/439/2141 1065/1199/2142
f 345/1198/2143 621/768/2144 1066/769/2145 1063/1198/2146
f 628/1188/2147 617/770/2148 1064/438/2149 1067/1201/2150
f 621/1200/2151 365/438/2152 1068/766/2153 1066/1196/2154
f 365/1201/2155 629/439/2156 1069/783/2157 1068/1202/2158
f 629/1199/2159 628/782/2160 1067/770/2161 1069/1200/2162
f 638/1203/2163 384/783/2164 1070/460/2165 1071/1204/2166
f 384/1202/2167 629/460/2168 1072/784/2169 1070/1191/2170
f 629/1204/2171 640/784/2172 1073/782/2173 1072/1203/2174
f 641/1191/2175 403/798/2176 1074/480/2177 1075/1206/2178
f 403/1205/2179 638/480/2180 1071/794/2181 1074/1189/2182
f 640/1206/2183 641/796/2184 1075/798/2185 1073/1205/2186
f 639/1192/2187 403/795/2188 1077/480/2189 1076/1206/2190
f 403/1207/2191 650/480/2192 1078/808/2193 1077/1208/2194
f 649/1206/2195 639/807/2196 1076/795/2197 1079/1207/2198
f 932/1209/2199 651/1067/2200 1082/809/2201 1081/1211/2202
f 651/1210/2203 649/809/2204 1079/807/2205 1082/1209/2206
f 650/1211/2207 652/808/2208 1085/810/2209 1078/1212/2210
f 652/1208/2211 653/810/2212 1084/812/2213 1085/1213/2214
f 654/1212/2215 932/813/2216 1081/1067/2217 1086/1210/2218
f 653/1214/2219 933/812/2220 1087/1069/2221 1084/1215/2222
f 933/1213/2223 654/1069/2224 1086/813/2225 1087/1214/2226
g default
v -0.551747 9.647527 0.063490
v -0.662694 9.865561 0.054018
v -0.835498 10.038528 0.041413
v -1.053244 10.149497 0.026907
v -1.294617 10.187606 0.011922
v -1.535991 10.149124 -0.002077
v -1.753737 10.037818 -0.013718
v -1.926541 9.864583 -0.021863
v -2.037488 9.646377 -0.025714
v -2.075718 9.404560 -0.024893
v -2.037488 9.162801 -0.019483
v -1.926541 8.944767 -0.010011
v -1.753737 8.771800 0.002595
v -1.535991 8.660831 0.017100
v -1.294617 8.622722 0.032086
v -1.053244 8.661204 0.046084
v -0.835498 8.772510 0.057726
v -0.662694 8.945745 0.065870
v -0.551747 9.163951 0.069721
v -0.513518 9.405768 0.068901
v -0.579447 9.653470 0.524781
v -0.690394 9.871505 0.515310
v -0.863199 10.044472 0.502704
v -1.080945 10.155441 0.488199
v -1.322318 10.193550 0.473213
v -1.563691 10.155068 0.459214
v -1.781437 10.043761 0.447573
v -1.954241 9.870527 0.439428
v -2.065188 9.652321 0.435578
v -2.103418 9.410503 0.436398
v -2.065188 9.168745 0.441808
v -1.954241 8.950711 0.451280
v -1.781437 8.777744 0.463886
v -1.563691 8.666775 0.478391
v -1.322318 8.628666 0.493377
v -1.080945 8.667148 0.507375
v -0.863199 8.778454 0.519017
v -0.690395 8.951689 0.527161
v -0.579448 9.169895 0.531012
v -0.541218 9.411712 0.530192
v -1.294617 9.405164 0.022004
v -1.322318 9.411108 0.483295
vt 0.648603 0.107966
vt 0.626409 0.064408
vt 0.591842 0.029841
vt 0.548284 0.007647
vt 0.500000 -0.000000
vt 0.451716 0.007647
vt 0.408159 0.029841
vt 0.373591 0.064409
vt 0.351397 0.107966
vt 0.343750 0.156250
vt 0.351397 0.204534
vt 0.373591 0.248091
vt 0.408159 0.282659
vt 0.451716 0.304853
vt 0.500000 0.312500
vt 0.548284 0.304853
vt 0.591841 0.282659
vt 0.626409 0.248091
vt 0.648603 0.204534
vt 0.656250 0.156250
vt 0.375000 0.312500
vt 0.387500 0.312500
vt 0.400000 0.312500
vt 0.412500 0.312500
vt 0.425000 0.312500
vt 0.437500 0.312500
vt 0.450000 0.312500
vt 0.462500 0.312500
vt 0.475000 0.312500
vt 0.487500 0.312500
vt 0.500000 0.312500
vt 0.512500 0.312500
vt 0.525000 0.312500
vt 0.537500 0.312500
vt 0.550000 0.312500
vt 0.562500 0.312500
vt 0.575000 0.312500
vt 0.587500 0.312500
vt 0.600000 0.312500
vt 0.612500 0.312500
vt 0.625000 0.312500
vt 0.375000 0.687500
vt 0.387500 0.687500
vt 0.400000 0.687500
vt 0.412500 0.687500
vt 0.425000 0.687500
vt 0.437500 0.687500
vt 0.450000 0.687500
vt 0.462500 0.687500
vt 0.475000 0.687500
vt 0.487500 0.687500
vt 0.500000 0.687500
vt 0.512500 0.687500
vt 0.525000 0.687500
vt 0.537500 0.687500
vt 0.550000 0.687500
vt 0.562500 0.687500
vt 0.575000 0.687500
vt 0.587500 0.687500
vt 0.600000 0.687500
vt 0.612500 0.687500
vt 0.625000 0.687500
vt 0.648603 0.795466
vt 0.626409 0.751908
vt 0.591842 0.717341
vt 0.548284 0.695147
vt 0.500000 0.687500
vt 0.451716 0.695147
vt 0.408159 0.717341
vt 0.373591 0.751909
vt 0.351397 0.795466
vt 0.343750 0.843750
vt 0.351397 0.892034
vt 0.373591 0.935591
vt 0.408159 0.970159
vt 0.451716 0.992353
vt 0.500000 1.000000
vt 0.548284 0.992353
vt 0.591841 0.970159
vt 0.626409 0.935591
vt 0.648603 0.892034
vt 0.656250 0.843750
vt 0.500000 0.156250
vt 0.500000 0.843750
vn 0.949347 0.309725 0.053017
vn 0.807562 0.588361 0.040913
vn 0.807562 0.588361 0.040913
vn 0.949347 0.309725 0.053017
vn 0.586728 0.809404 0.024804
vn 0.586728 0.809404 0.024804
vn 0.308461 0.951216 0.006267
vn 0.308461 0.951216 0.006267
vn -0.000000 0.999917 -0.012884
vn -0.000000 0.999917 -0.012884
vn -0.308462 0.950739 -0.030773
vn -0.308462 0.950739 -0.030773
vn -0.586729 0.808496 -0.045651
vn -0.586729 0.808496 -0.045651
vn -0.807563 0.587112 -0.056059
vn -0.807563 0.587112 -0.056059
vn -0.949347 0.308257 -0.060980
vn -0.949347 0.308257 -0.060980
vn -0.998202 -0.000772 -0.059932
vn -0.998202 -0.000772 -0.059932
vn -0.949347 -0.309726 -0.053017
vn -0.949347 -0.309726 -0.053017
vn -0.807562 -0.588361 -0.040913
vn -0.807562 -0.588361 -0.040913
vn -0.586729 -0.809404 -0.024804
vn -0.586729 -0.809404 -0.024804
vn -0.308461 -0.951216 -0.006267
vn -0.308461 -0.951216 -0.006267
vn 0.000000 -0.999917 0.012884
vn 0.000000 -0.999917 0.012884
vn 0.308461 -0.950739 0.030773
vn 0.308461 -0.950739 0.030773
vn 0.586729 -0.808496 0.045651
vn 0.586729 -0.808496 0.045651
vn 0.807562 -0.587112 0.056059
vn 0.807562 -0.587112 0.056059
vn 0.949347 -0.308257 0.060980
vn 0.949347 -0.308257 0.060980
vn 0.998202 0.000771 0.059932
vn 0.998202 0.000771 0.059932
vn 0.059937 -0.012861 -0.998119
vn 0.059937 -0.012861 -0.998119
vn 0.059937 -0.012861 -0.998119
vn 0.059937 -0.012861 -0.998119
vn 0.059937 -0.012861 -0.998119
vn 0.059937 -0.012861 -0.998119
vn 0.059937 -0.012861 -0.998119
vn 0.059937 -0.012861 -0.998119
vn 0.059937 -0.012861 -0.998119
vn 0.059937 -0.012861 -0.998119
vn 0.059937 -0.012861 -0.998119
vn 0.059937 -0.012861 -0.998119
vn 0.059937 -0.012861 -0.998119
vn 0.059937 -0.012861 -0.998119
vn 0.059937 -0.012861 -0.998119
vn 0.059937 -0.012861 -0.998119
vn 0.059937 -0.012861 -0.998119
vn 0.059937 -0.012861 -0.998119
vn 0.059937 -0.012861 -0.998119
vn 0.059937 -0.012861 -0.998119
vn 0.059937 -0.012861 -0.998119
vn -0.059937 0.012861 0.998119
vn -0.059937 0.012861 0.998119
vn -0.059937 0.012861 0.998119
vn -0.059937 0.012861 0.998119
vn -0.059937 0.012861 0.998119
vn -0.059937 0.012861 0.998119
vn -0.059937 0.012861 0.998119
vn -0.059937 0.012861 0.998119
vn -0.059937 0.012861 0.998119
vn -0.059937 0.012861 0.998119
vn -0.059937 0.012861 0.998119
vn -0.059937 0.012861 0.998119
vn -0.059937 0.012861 0.998119
vn -0.059937 0.012861 0.998119
vn -0.059937 0.012861 0.998119
vn -0.059937 0.012861 0.998119
vn -0.059937 0.012861 0.998119
vn -0.059937 0.012861 0.998119
vn -0.059937 0.012861 0.998119
vn -0.059937 0.012861 0.998119
vn -0.059937 0.012861 0.998119
s 1
g pCylinder1
usemtl aiLambert1SG
f 1088/1236/2227 1089/1237/2228 1109/1258/2229 1108/1257/2230
f 1089/1237/2228 1090/1238/2231 1110/1259/2232 1109/1258/2229
f 1090/1238/2231 1091/1239/2233 1111/1260/2234 1110/1259/2232
f 1091/1239/2233 1092/1240/2235 1112/1261/2236 1111/1260/2234
f 1092/1240/2235 1093/1241/2237 1113/1262/2238 1112/1261/2236
f 1093/1241/2237 1094/1242/2239 1114/1263/2240 1113/1262/2238
f 1094/1242/2239 1095/1243/2241 1115/1264/2242 1114/1263/2240
f 1095/1243/2241 1096/1244/2243 1116/1265/2244 1115/1264/2242
f 1096/1244/2243 1097/1245/2245 1117/1266/2246 1116/1265/2244
f 1097/1245/2245 1098/1246/2247 1118/1267/2248 1117/1266/2246
f 1098/1246/2247 1099/1247/2249 1119/1268/2250 1118/1267/2248
f 1099/1247/2249 1100/1248/2251 1120/1269/2252 1119/1268/2250
f 1100/1248/2251 1101/1249/2253 1121/1270/2254 1120/1269/2252
f 1101/1249/2253 1102/1250/2255 1122/1271/2256 1121/1270/2254
f 1102/1250/2255 1103/1251/2257 1123/1272/2258 1122/1271/2256
f 1103/1251/2257 1104/1252/2259 1124/1273/2260 1123/1272/2258
f 1104/1252/2259 1105/1253/2261 1125/1274/2262 1124/1273/2260
f 1105/1253/2261 1106/1254/2263 1126/1275/2264 1125/1274/2262
f 1106/1254/2263 1107/1255/2265 1127/1276/2266 1126/1275/2264
f 1107/1255/2265 1088/1256/2227 1108/1277/2230 1127/1276/2266
s 2
f 1089/1217/2267 1088/1216/2268 1128/1298/2269
f 1090/1218/2270 1089/1217/2267 1128/1298/2269
f 1091/1219/2271 1090/1218/2270 1128/1298/2269
f 1092/1220/2272 1091/1219/2271 1128/1298/2269
f 1093/1221/2273 1092/1220/2272 1128/1298/2269
f 1094/1222/2274 1093/1221/2273 1128/1298/2269
f 1095/1223/2275 1094/1222/2274 1128/1298/2269
f 1096/1224/2276 1095/1223/2275 1128/1298/2269
f 1097/1225/2277 1096/1224/2276 1128/1298/2269
f 1098/1226/2278 1097/1225/2277 1128/1298/2269
f 1099/1227/2279 1098/1226/2278 1128/1298/2269
f 1100/1228/2280 1099/1227/2279 1128/1298/2269
f 1101/1229/2281 1100/1228/2280 1128/1298/2269
f 1102/1230/2282 1101/1229/2281 1128/1298/2269
f 1103/1231/2283 1102/1230/2282 1128/1298/2269
f 1104/1232/2284 1103/1231/2283 1128/1298/2269
f 1105/1233/2285 1104/1232/2284 1128/1298/2269
f 1106/1234/2286 1105/1233/2285 1128/1298/2269
f 1107/1235/2287 1106/1234/2286 1128/1298/2269
f 1088/1216/2268 1107/1235/2287 1128/1298/2269
s 3
f 1108/1296/2288 1109/1295/2289 1129/1299/2290
f 1109/1295/2289 1110/1294/2291 1129/1299/2290
f 1110/1294/2291 1111/1293/2292 1129/1299/2290
f 1111/1293/2292 1112/1292/2293 1129/1299/2290
f 1112/1292/2293 1113/1291/2294 1129/1299/2290
f 1113/1291/2294 1114/1290/2295 1129/1299/2290
f 1114/1290/2295 1115/1289/2296 1129/1299/2290
f 1115/1289/2296 1116/1288/2297 1129/1299/2290
f 1116/1288/2297 1117/1287/2298 1129/1299/2290
f 1117/1287/2298 1118/1286/2299 1129/1299/2290
f 1118/1286/2299 1119/1285/2300 1129/1299/2290
f 1119/1285/2300 1120/1284/2301 1129/1299/2290
f 1120/1284/2301 1121/1283/2302 1129/1299/2290
f 1121/1283/2302 1122/1282/2303 1129/1299/2290
f 1122/1282/2303 1123/1281/2304 1129/1299/2290
f 1123/1281/2304 1124/1280/2305 1129/1299/2290
f 1124/1280/2305 1125/1279/2306 1129/1299/2290
f 1125/1279/2306 1126/1278/2307 1129/1299/2290
f 1126/1278/2307 1127/1297/2308 1129/1299/2290
f 1127/1297/2308 1108/1296/2288 1129/1299/2290
g default
v -0.585938 9.646163 -0.547973
v -0.696703 9.864402 -0.541585
v -0.869225 10.037687 -0.529489
v -1.086615 10.149058 -0.512868
v -1.327593 10.187611 -0.493350
v -1.568571 10.149573 -0.472845
v -1.785961 10.038668 -0.453360
v -1.958482 9.865752 -0.436803
v -2.069248 9.647750 -0.424795
v -2.107415 9.406003 -0.418510
v -2.069248 9.164175 -0.418564
v -1.958482 8.945936 -0.424951
v -1.785961 8.772650 -0.437048
v -1.568571 8.661280 -0.453668
v -1.327593 8.622727 -0.473186
v -1.086615 8.660765 -0.493691
v -0.869225 8.771670 -0.513176
v -0.696704 8.944586 -0.529733
v -0.585938 9.162587 -0.541742
v -0.547771 9.404334 -0.548027
v -0.547687 9.652097 -0.087436
v -0.658453 9.870336 -0.081049
v -0.830974 10.043621 -0.068952
v -1.048364 10.154992 -0.052332
v -1.289342 10.193545 -0.032814
v -1.530321 10.155507 -0.012309
v -1.747711 10.044602 0.007176
v -1.920232 9.871686 0.023733
v -2.030997 9.653684 0.035742
v -2.069165 9.411937 0.042027
v -2.030997 9.170109 0.041973
v -1.920232 8.951870 0.035585
v -1.747710 8.778585 0.023489
v -1.530321 8.667214 0.006868
v -1.289342 8.628661 -0.012650
v -1.048364 8.666699 -0.033155
v -0.830975 8.777604 -0.052639
v -0.658453 8.950520 -0.069197
v -0.547688 9.168521 -0.081205
v -0.509520 9.410268 -0.087490
v -1.327593 9.405169 -0.483268
v -1.289342 9.411103 -0.022732
vt 0.648603 0.107966
vt 0.626409 0.064408
vt 0.591842 0.029841
vt 0.548284 0.007647
vt 0.500000 -0.000000
vt 0.451716 0.007647
vt 0.408159 0.029841
vt 0.373591 0.064409
vt 0.351397 0.107966
vt 0.343750 0.156250
vt 0.351397 0.204534
vt 0.373591 0.248091
vt 0.408159 0.282659
vt 0.451716 0.304853
vt 0.500000 0.312500
vt 0.548284 0.304853
vt 0.591841 0.282659
vt 0.626409 0.248091
vt 0.648603 0.204534
vt 0.656250 0.156250
vt 0.375000 0.312500
vt 0.387500 0.312500
vt 0.400000 0.312500
vt 0.412500 0.312500
vt 0.425000 0.312500
vt 0.437500 0.312500
vt 0.450000 0.312500
vt 0.462500 0.312500
vt 0.475000 0.312500
vt 0.487500 0.312500
vt 0.500000 0.312500
vt 0.512500 0.312500
vt 0.525000 0.312500
vt 0.537500 0.312500
vt 0.550000 0.312500
vt 0.562500 0.312500
vt 0.575000 0.312500
vt 0.587500 0.312500
vt 0.600000 0.312500
vt 0.612500 0.312500
vt 0.625000 0.312500
vt 0.375000 0.687500
vt 0.387500 0.687500
vt 0.400000 0.687500
vt 0.412500 0.687500
vt 0.425000 0.687500
vt 0.437500 0.687500
vt 0.450000 0.687500
vt 0.462500 0.687500
vt 0.475000 0.687500
vt 0.487500 0.687500
vt 0.500000 0.687500
vt 0.512500 0.687500
vt 0.525000 0.687500
vt 0.537500 0.687500
vt 0.550000 0.687500
vt 0.562500 0.687500
vt 0.575000 0.687500
vt 0.587500 0.687500
vt 0.600000 0.687500
vt 0.612500 0.687500
vt 0.625000 0.687500
vt 0.648603 0.795466
vt 0.626409 0.751908
vt 0.591842 0.717341
vt 0.548284 0.695147
vt 0.500000 0.687500
vt 0.451716 0.695147
vt 0.408159 0.717341
vt 0.373591 0.751909
vt 0.351397 0.795466
vt 0.343750 0.843750
vt 0.351397 0.892034
vt 0.373591 0.935591
vt 0.408159 0.970159
vt 0.451716 0.992353
vt 0.500000 1.000000
vt 0.548284 0.992353
vt 0.591841 0.970159
vt 0.626409 0.935591
vt 0.648603 0.892034
vt 0.656250 0.843750
vt 0.500000 0.156250
vt 0.500000 0.843750
vn 0.947794 0.307976 -0.082689
vn 0.806241 0.586874 -0.074526
vn 0.806241 0.586874 -0.074526
vn 0.947794 0.307976 -0.082689
vn 0.585768 0.808323 -0.059067
vn 0.585768 0.808323 -0.059067
vn 0.307957 0.950648 -0.037827
vn 0.307957 0.950648 -0.037827
vn -0.000000 0.999917 -0.012884
vn -0.000000 0.999917 -0.012884
vn -0.307957 0.951307 0.013320
vn -0.307957 0.951307 0.013320
vn -0.585769 0.809576 0.038220
vn -0.585769 0.809576 0.038220
vn -0.806242 0.588599 0.059379
vn -0.806242 0.588599 0.059379
vn -0.947794 0.310005 0.074726
vn -0.947794 0.310005 0.074726
vn -0.996569 0.001066 0.082758
vn -0.996569 0.001066 0.082758
vn -0.947794 -0.307977 0.082689
vn -0.947794 -0.307977 0.082689
vn -0.806241 -0.586874 0.074525
vn -0.806241 -0.586874 0.074525
vn -0.585769 -0.808323 0.059067
vn -0.585769 -0.808323 0.059067
vn -0.307957 -0.950648 0.037827
vn -0.307957 -0.950648 0.037827
vn 0.000000 -0.999917 0.012884
vn 0.000000 -0.999917 0.012884
vn 0.307957 -0.951307 -0.013320
vn 0.307957 -0.951307 -0.013320
vn 0.585769 -0.809577 -0.038220
vn 0.585769 -0.809577 -0.038220
vn 0.806241 -0.588599 -0.059379
vn 0.806241 -0.588599 -0.059379
vn 0.947794 -0.310005 -0.074726
vn 0.947794 -0.310005 -0.074726
vn 0.996569 -0.001067 -0.082758
vn 0.996569 -0.001067 -0.082758
vn -0.082765 -0.012840 -0.996486
vn -0.082765 -0.012840 -0.996486
vn -0.082765 -0.012840 -0.996486
vn -0.082765 -0.012840 -0.996486
vn -0.082765 -0.012840 -0.996486
vn -0.082765 -0.012840 -0.996486
vn -0.082765 -0.012840 -0.996486
vn -0.082765 -0.012840 -0.996486
vn -0.082765 -0.012840 -0.996486
vn -0.082765 -0.012840 -0.996486
vn -0.082765 -0.012840 -0.996486
vn -0.082765 -0.012840 -0.996486
vn -0.082765 -0.012840 -0.996486
vn -0.082765 -0.012840 -0.996486
vn -0.082765 -0.012840 -0.996486
vn -0.082765 -0.012840 -0.996486
vn -0.082765 -0.012840 -0.996486
vn -0.082765 -0.012840 -0.996486
vn -0.082765 -0.012840 -0.996486
vn -0.082765 -0.012840 -0.996486
vn -0.082765 -0.012840 -0.996486
vn 0.082765 0.012840 0.996486
vn 0.082765 0.012840 0.996486
vn 0.082765 0.012840 0.996486
vn 0.082765 0.012840 0.996486
vn 0.082765 0.012840 0.996486
vn 0.082765 0.012840 0.996486
vn 0.082765 0.012840 0.996486
vn 0.082765 0.012840 0.996486
vn 0.082765 0.012840 0.996486
vn 0.082765 0.012840 0.996486
vn 0.082765 0.012840 0.996486
vn 0.082765 0.012840 0.996486
vn 0.082765 0.012840 0.996486
vn 0.082765 0.012840 0.996486
vn 0.082765 0.012840 0.996486
vn 0.082765 0.012840 0.996486
vn 0.082765 0.012840 0.996486
vn 0.082765 0.012840 0.996486
vn 0.082765 0.012840 0.996486
vn 0.082765 0.012840 0.996486
vn 0.082765 0.012840 0.996486
s 1
g pCylinder2
usemtl aiLambert1SG
f 1130/1320/2309 1131/1321/2310 1151/1342/2311 1150/1341/2312
f 1131/1321/2310 1132/1322/2313 1152/1343/2314 1151/1342/2311
f 1132/1322/2313 1133/1323/2315 1153/1344/2316 1152/1343/2314
f 1133/1323/2315 1134/1324/2317 1154/1345/2318 1153/1344/2316
f 1134/1324/2317 1135/1325/2319 1155/1346/2320 1154/1345/2318
f 1135/1325/2319 1136/1326/2321 1156/1347/2322 1155/1346/2320
f 1136/1326/2321 1137/1327/2323 1157/1348/2324 1156/1347/2322
f 1137/1327/2323 1138/1328/2325 1158/1349/2326 1157/1348/2324
f 1138/1328/2325 1139/1329/2327 1159/1350/2328 1158/1349/2326
f 1139/1329/2327 1140/1330/2329 1160/1351/2330 1159/1350/2328
f 1140/1330/2329 1141/1331/2331 1161/1352/2332 1160/1351/2330
f 1141/1331/2331 1142/1332/2333 1162/1353/2334 1161/1352/2332
f 1142/1332/2333 1143/1333/2335 1163/1354/2336 1162/1353/2334
f 1143/1333/2335 1144/1334/2337 1164/1355/2338 1163/1354/2336
f 1144/1334/2337 1145/1335/2339 1165/1356/2340 1164/1355/2338
f 1145/1335/2339 1146/1336/2341 1166/1357/2342 1165/1356/2340
f 1146/1336/2341 1147/1337/2343 1167/1358/2344 1166/1357/2342
f 1147/1337/2343 1148/1338/2345 1168/1359/2346 1167/1358/2344
f 1148/1338/2345 1149/1339/2347 1169/1360/2348 1168/1359/2346
f 1149/1339/2347 1130/1340/2309 1150/1361/2312 1169/1360/2348
s 2
f 1131/1301/2349 1130/1300/2350 1170/1382/2351
f 1132/1302/2352 1131/1301/2349 1170/1382/2351
f 1133/1303/2353 1132/1302/2352 1170/1382/2351
f 1134/1304/2354 1133/1303/2353 1170/1382/2351
f 1135/1305/2355 1134/1304/2354 1170/1382/2351
f 1136/1306/2356 1135/1305/2355 1170/1382/2351
f 1137/1307/2357 1136/1306/2356 1170/1382/2351
f 1138/1308/2358 1137/1307/2357 1170/1382/2351
f 1139/1309/2359 1138/1308/2358 1170/1382/2351
f 1140/1310/2360 1139/1309/2359 1170/1382/2351
f 1141/1311/2361 1140/1310/2360 1170/1382/2351
f 1142/1312/2362 1141/1311/2361 1170/1382/2351
f 1143/1313/2363 1142/1312/2362 1170/1382/2351
f 1144/1314/2364 1143/1313/2363 1170/1382/2351
f 1145/1315/2365 1144/1314/2364 1170/1382/2351
f 1146/1316/2366 1145/1315/2365 1170/1382/2351
f 1147/1317/2367 1146/1316/2366 1170/1382/2351
f 1148/1318/2368 1147/1317/2367 1170/1382/2351
f 1149/1319/2369 1148/1318/2368 1170/1382/2351
f 1130/1300/2350 1149/1319/2369 1170/1382/2351
s 3
f 1150/1380/2370 1151/1379/2371 1171/1383/2372
f 1151/1379/2371 1152/1378/2373 1171/1383/2372
f 1152/1378/2373 1153/1377/2374 1171/1383/2372
f 1153/1377/2374 1154/1376/2375 1171/1383/2372
f 1154/1376/2375 1155/1375/2376 1171/1383/2372
f 1155/1375/2376 1156/1374/2377 1171/1383/2372
f 1156/1374/2377 1157/1373/2378 1171/1383/2372
f 1157/1373/2378 1158/1372/2379 1171/1383/2372
f 1158/1372/2379 1159/1371/2380 1171/1383/2372
f 1159/1371/2380 1160/1370/2381 1171/1383/2372
f 1160/1370/2381 1161/1369/2382 1171/1383/2372
f 1161/1369/2382 1162/1368/2383 1171/1383/2372
f 1162/1368/2383 1163/1367/2384 1171/1383/2372
f 1163/1367/2384 1164/1366/2385 1171/1383/2372
f 1164/1366/2385 1165/1365/2386 1171/1383/2372
f 1165/1365/2386 1166/1364/2387 1171/1383/2372
f 1166/1364/2387 1167/1363/2388 1171/1383/2372
f 1167/1363/2388 1168/1362/2389 1171/1383/2372
f 1168/1362/2389 1169/1381/2390 1171/1383/2372
f 1169/1381/2390 1150/1380/2370 1171/1383/2372
g default
v -2.103867 9.478803 -0.056437
v -2.100944 9.440419 -0.107349
v -2.096390 9.380636 -0.147753
v -2.090653 9.305304 -0.173694
v -2.084293 9.221798 -0.182632
v -2.077933 9.138292 -0.173694
v -2.072195 9.062961 -0.147753
v -2.067642 9.003177 -0.107349
v -2.064719 8.964794 -0.056436
v -2.063711 8.951568 0.000000
v -2.064719 8.964794 0.056436
v -2.067642 9.003177 0.107349
v -2.072195 9.062961 0.147753
v -2.077933 9.138292 0.173694
v -2.084293 9.221798 0.182632
v -2.090653 9.305304 0.173694
v -2.096390 9.380636 0.147753
v -2.100943 9.440419 0.107349
v -2.103867 9.478802 0.056436
v -2.104874 9.492028 0.000000
v -2.624753 9.180635 0.000000
vt 0.737764 0.172746
vt 0.702254 0.103054
vt 0.646946 0.047746
vt 0.577254 0.012236
vt 0.500000 -0.000000
vt 0.422746 0.012236
vt 0.353054 0.047746
vt 0.297746 0.103054
vt 0.262236 0.172746
vt 0.250000 0.250000
vt 0.262236 0.327254
vt 0.297746 0.396946
vt 0.353054 0.452254
vt 0.422746 0.487764
vt 0.500000 0.500000
vt 0.577254 0.487764
vt 0.646946 0.452254
vt 0.702254 0.396946
vt 0.737764 0.327254
vt 0.750000 0.250000
vt 0.250000 0.500000
vt 0.275000 0.500000
vt 0.300000 0.500000
vt 0.325000 0.500000
vt 0.350000 0.500000
vt 0.375000 0.500000
vt 0.400000 0.500000
vt 0.425000 0.500000
vt 0.450000 0.500000
vt 0.475000 0.500000
vt 0.500000 0.500000
vt 0.525000 0.500000
vt 0.550000 0.500000
vt 0.575000 0.500000
vt 0.600000 0.500000
vt 0.625000 0.500000
vt 0.650000 0.500000
vt 0.675000 0.500000
vt 0.700000 0.500000
vt 0.725000 0.500000
vt 0.750000 0.500000
vt 0.500000 1.000000
vn 0.997112 0.075943 -0.000000
vn 0.997112 0.075943 -0.000000
vn 0.997112 0.075943 -0.000000
vn 0.997112 0.075943 -0.000000
vn 0.997112 0.075943 -0.000000
vn 0.997112 0.075943 -0.000000
vn 0.997112 0.075943 -0.000000
vn 0.997112 0.075943 -0.000000
vn 0.997112 0.075943 -0.000000
vn 0.997112 0.075943 -0.000000
vn 0.997112 0.075943 -0.000000
vn 0.997112 0.075943 -0.000000
vn 0.997112 0.075943 -0.000000
vn 0.997112 0.075943 -0.000000
vn 0.997112 0.075943 -0.000000
vn 0.997112 0.075943 -0.000000
vn 0.997112 0.075943 -0.000000
vn 0.997112 0.075943 -0.000000
vn 0.997112 0.075943 -0.000000
vn 0.997112 0.075943 -0.000000
vn -0.488583 0.779240 -0.392520
vn -0.433949 0.595685 -0.675905
vn -0.997112 -0.075943 -0.000001
vn -0.380616 0.384065 -0.841205
vn -0.341458 0.176708 -0.923136
vn -0.318384 -0.024249 -0.947652
vn -0.310758 -0.226383 -0.923136
vn -0.318060 -0.437278 -0.841205
vn -0.338729 -0.654534 -0.675905
vn -0.364934 -0.844246 -0.392521
vn -0.377997 -0.925807 0.000000
vn -0.364934 -0.844245 0.392521
vn -0.338729 -0.654534 0.675905
vn -0.318060 -0.437278 0.841205
vn -0.310758 -0.226383 0.923136
vn -0.318383 -0.024249 0.947652
vn -0.341458 0.176709 0.923136
vn -0.380616 0.384065 0.841205
vn -0.433949 0.595685 0.675905
vn -0.488583 0.779240 0.392521
vn -0.513847 0.857882 0.000001
s off
g pCone1
usemtl aiLambert3SG
f 1172/1384/2391 1191/1403/2392 1190/1402/2393 1189/1401/2394 1188/1400/2395 1187/1399/2396 1186/1398/2397 1185/1397/2398 1184/1396/2399 1183/1395/2400 1182/1394/2401 1181/1393/2402 1180/1392/2403 1179/1391/2404 1178/1390/2405 1177/1389/2406 1176/1388/2407 1175/1387/2408 1174/1386/2409 1173/1385/2410
s 1
f 1172/1404/2411 1173/1405/2412 1192/1425/2413
f 1173/1405/2412 1174/1406/2414 1192/1425/2413
f 1174/1406/2414 1175/1407/2415 1192/1425/2413
f 1175/1407/2415 1176/1408/2416 1192/1425/2413
f 1176/1408/2416 1177/1409/2417 1192/1425/2413
f 1177/1409/2417 1178/1410/2418 1192/1425/2413
f 1178/1410/2418 1179/1411/2419 1192/1425/2413
f 1179/1411/2419 1180/1412/2420 1192/1425/2413
f 1180/1412/2420 1181/1413/2421 1192/1425/2413
f 1181/1413/2421 1182/1414/2422 1192/1425/2413
f 1182/1414/2422 1183/1415/2423 1192/1425/2413
f 1183/1415/2423 1184/1416/2424 1192/1425/2413
f 1184/1416/2424 1185/1417/2425 1192/1425/2413
f 1185/1417/2425 1186/1418/2426 1192/1425/2413
f 1186/1418/2426 1187/1419/2427 1192/1425/2413
f 1187/1419/2427 1188/1420/2428 1192/1425/2413
f 1188/1420/2428 1189/1421/2429 1192/1425/2413
f 1189/1421/2429 1190/1422/2430 1192/1425/2413
f 1190/1422/2430 1191/1423/2431 1192/1425/2413
f 1191/1423/2431 1172/1424/2411 1192/1425/2413
