# This file uses centimeters as units for non-parametric coordinates.

mtllib ShirmpOBJ.mtl
g default
v 2.414871 4.189364 0.532002
v 2.517897 4.282987 0.379467
v 2.596579 4.428807 0.256210
v 2.643215 4.612552 0.174299
v 2.653239 4.816234 0.141749
v 2.625671 5.019917 0.161748
v 2.563208 5.203662 0.232338
v 2.471966 5.349482 0.346608
v 2.360876 5.443105 0.493374
v 2.240811 5.475365 0.658269
v 2.123525 5.443105 0.825152
v 2.020499 5.349482 0.977687
v 1.941817 5.203662 1.100943
v 1.895181 5.019917 1.182855
v 1.885157 4.816234 1.215405
v 1.912725 4.612552 1.195406
v 1.975188 4.428808 1.124816
v 2.066430 4.282987 1.010546
v 2.177520 4.189364 0.863779
v 2.297585 4.157104 0.698884
v 3.487023 4.259170 1.299008
v 3.590049 4.352792 1.146474
v 3.668732 4.498613 1.023217
v 3.715368 4.682358 0.941305
v 3.725392 4.886041 0.908756
v 3.697823 5.089723 0.928755
v 3.585442 5.262063 1.070161
v 3.544118 5.419288 1.113615
v 3.433029 5.512911 1.260382
v 3.312964 5.545171 1.425276
v 3.195678 5.512911 1.592159
v 3.092652 5.419288 1.744694
v 3.060631 5.262063 1.803763
v 2.967334 5.089723 1.949862
v 2.957310 4.886041 1.982411
v 2.984878 4.682358 1.962413
v 3.047341 4.498613 1.891823
v 3.138583 4.352793 1.777553
v 3.249673 4.259170 1.630786
v 3.369737 4.226910 1.465891
v 2.269198 4.816234 0.678577
v 3.341351 4.886041 1.445583
v 3.002460 4.271078 0.839237
v 2.466384 4.236175 0.455734
v 3.053974 4.317890 0.762970
v 3.538537 4.305981 1.222741
v 2.950947 4.224267 0.915505
v 3.093315 4.390800 0.701342
v 2.557238 4.355897 0.317839
v 3.132656 4.463710 0.639714
v 3.629390 4.425703 1.084846
v 3.155973 4.555582 0.598759
v 2.619897 4.520680 0.215255
v 3.179291 4.647455 0.557802
v 3.692050 4.590485 0.982262
v 3.184303 4.749296 0.541528
v 2.648227 4.714393 0.158024
v 3.189315 4.851138 0.525252
v 3.720379 4.784199 0.925031
v 3.175531 4.952979 0.535252
v 2.639455 4.918076 0.151749
v 3.161747 5.054820 0.545252
v 3.711608 4.987882 0.918756
v 3.130516 5.146693 0.580546
v 2.594440 5.111790 0.197043
v 3.099285 5.238565 0.615841
v 3.666592 5.181595 0.964049
v 3.053664 5.311475 0.672977
v 2.517587 5.276572 0.289473
v 3.008043 5.384385 0.730112
v 3.546912 5.323641 1.118416
v 2.952497 5.431197 0.803495
v 2.416421 5.396294 0.419992
v 2.896952 5.478008 0.876878
v 3.488574 5.466100 1.186998
v 2.836920 5.494138 0.959326
v 2.300844 5.459235 0.575822
v 2.776887 5.510268 1.041773
v 3.372996 5.529041 1.342829
v 2.718245 5.494138 1.125214
v 2.182169 5.459235 0.741711
v 2.659602 5.478008 1.208655
v 3.254321 5.529041 1.508718
v 2.608089 5.431197 1.284923
v 2.072012 5.396294 0.901420
v 2.556575 5.384385 1.361191
v 3.144165 5.466100 1.668427
v 2.517234 5.311475 1.422818
v 1.981158 5.276572 1.039315
v 2.477893 5.238565 1.484447
v 3.053311 5.346378 1.806322
v 2.454576 5.146692 1.525402
v 1.918500 5.111790 1.141899
v 2.431258 5.054820 1.566359
v 3.040938 5.184470 1.838352
v 2.426246 4.952979 1.582633
v 1.890170 4.918076 1.199129
v 2.421234 4.851138 1.598908
v 2.962322 4.987882 1.966136
v 2.435018 4.749296 1.588908
v 1.898942 4.714393 1.205405
v 2.448802 4.647455 1.578909
v 2.971094 4.784199 1.972412
v 2.480033 4.555583 1.543614
v 1.943957 4.520680 1.160111
v 2.511264 4.463711 1.508320
v 3.016109 4.590485 1.927117
v 2.556885 4.390800 1.451184
v 2.020809 4.355897 1.067680
v 2.602506 4.317890 1.394049
v 3.092962 4.425703 1.834687
v 2.658051 4.271078 1.320665
v 2.121975 4.236176 0.937162
v 2.713597 4.224267 1.247283
v 3.194128 4.305982 1.704169
v 2.773629 4.208137 1.164835
v 2.237552 4.173234 0.781332
v 2.833662 4.192007 1.082388
v 3.309705 4.243040 1.548339
v 2.892304 4.208137 0.998946
v 2.356227 4.173234 0.615443
v 3.428381 4.243040 1.382450
v 2.381128 4.486972 0.552083
v 2.342034 4.502799 0.605290
v 2.393548 4.549610 0.529022
v 2.432700 4.554930 0.473808
v 2.432889 4.622521 0.467394
v 2.468267 4.648467 0.415578
v 2.456207 4.714393 0.426437
v 2.484349 4.758426 0.383092
v 2.461218 4.816234 0.410163
v 2.479370 4.874043 0.379530
v 2.447435 4.918076 0.420162
v 2.453817 4.984002 0.405241
v 2.416203 5.009948 0.455458
v 2.410193 5.077539 0.457707
v 2.370582 5.082858 0.512592
v 2.352768 5.145497 0.531795
v 2.315036 5.129670 0.585976
v 2.287160 5.181225 0.620249
v 2.255004 5.145800 0.668423
v 2.219797 5.181225 0.714414
v 2.196361 5.129670 0.751864
v 2.157268 5.145497 0.805071
v 2.144848 5.082858 0.828132
v 2.105696 5.077539 0.883345
v 2.105507 5.009948 0.889760
v 2.070129 4.984002 0.941575
v 2.082190 4.918076 0.930716
v 2.054048 4.874043 0.974062
v 2.077178 4.816234 0.946991
v 2.059026 4.758426 0.977624
v 2.090962 4.714393 0.936991
v 2.084579 4.648467 0.951913
v 2.122193 4.622521 0.901696
v 2.128203 4.554931 0.899447
v 2.167814 4.549611 0.844561
v 2.185628 4.486972 0.825359
v 2.223359 4.502799 0.771178
v 2.251236 4.451244 0.736904
v 2.283392 4.486669 0.688730
v 2.318599 4.451244 0.642740
v 3.453281 4.556777 1.319090
v 3.465700 4.619416 1.296028
v 3.414187 4.572605 1.372296
v 3.504853 4.624736 1.240816
v 3.505041 4.692327 1.234401
v 3.540420 4.718273 1.182585
v 3.528359 4.784199 1.193445
v 3.556501 4.828232 1.150099
v 3.533371 4.886041 1.177170
v 3.551522 4.943849 1.146537
v 3.519587 4.987882 1.187169
v 3.525970 5.053808 1.172248
v 3.461286 5.098458 1.258602
v 3.456210 5.155543 1.260502
v 3.442735 5.152664 1.279599
v 3.424920 5.215303 1.298801
v 3.387189 5.199476 1.352983
v 3.359314 5.251031 1.387257
v 3.327158 5.215606 1.435430
v 3.291950 5.251031 1.481421
v 3.268514 5.199476 1.518871
v 3.229421 5.215303 1.572078
v 3.217001 5.152664 1.595139
v 3.177848 5.147344 1.650352
v 3.198881 5.098458 1.625403
v 3.169000 5.076545 1.669165
v 3.154342 4.987882 1.697723
v 3.126200 4.943849 1.741069
v 3.149331 4.886041 1.713998
v 3.131179 4.828232 1.744631
v 3.163114 4.784199 1.703999
v 3.156732 4.718273 1.718920
v 3.194346 4.692327 1.668703
v 3.200356 4.624736 1.666453
v 3.239967 4.619417 1.611568
v 3.257782 4.556778 1.592366
v 3.295512 4.572605 1.538185
v 3.323388 4.521050 1.503911
v 3.355545 4.556475 1.455738
v 3.390752 4.521050 1.409747
v 3.759029 6.337479 2.008643
v 3.837564 6.366015 1.973587
v 3.965604 6.434910 2.008324
v 4.068146 6.503804 2.092503
v 4.085121 6.532340 2.176815
v 4.006586 6.503804 2.211870
v 3.878545 6.434910 2.177135
v 3.776004 6.366015 2.092955
v 3.692286 6.088868 1.974222
v 3.769936 6.114135 1.938710
v 3.895839 6.175137 1.972344
v 3.996243 6.236139 2.055421
v 4.012332 6.261406 2.139277
v 3.934682 6.236139 2.174789
v 3.808780 6.175137 2.141155
v 3.708375 6.114135 2.058078
v 3.601974 5.833279 1.927647
v 3.677683 5.853129 1.891133
v 3.798901 5.901049 1.922351
v 3.894620 5.948971 2.003013
v 3.908770 5.968820 2.085867
v 3.833061 5.948971 2.122380
v 3.711842 5.901049 2.091163
v 3.616123 5.853129 2.010501
v 3.479114 5.578852 1.864286
v 3.549216 5.587399 1.824881
v 3.656896 5.608034 1.849116
v 3.739078 5.628670 1.922796
v 3.747620 5.637217 2.002759
v 3.677518 5.628670 2.042164
v 3.569837 5.608034 2.017928
v 3.487655 5.587399 1.944248
v 3.337980 5.386710 1.791500
v 3.382567 5.363358 1.738937
v 3.428652 5.306983 1.731407
v 3.449237 5.250608 1.773320
v 3.432266 5.227257 1.840125
v 3.387678 5.250608 1.892688
v 3.341592 5.306983 1.900218
v 3.321007 5.363358 1.858305
v 3.210951 5.320226 1.725988
v 3.211576 5.270239 1.650754
v 3.151526 5.149561 1.588488
v 3.065977 5.028882 1.575666
v 3.005042 4.978896 1.619798
v 3.004417 5.028882 1.695033
v 3.064467 5.149561 1.757299
v 3.150016 5.270239 1.770122
v 3.062308 5.340621 1.649331
v 3.051262 5.291497 1.568077
v 2.963035 5.172899 1.491280
v 2.849309 5.054302 1.463925
v 2.776703 5.005177 1.502039
v 2.787750 5.054302 1.583294
v 2.875976 5.172899 1.660091
v 2.989702 5.291497 1.687445
v 4.118719 6.337479 1.505856
v 4.197254 6.366015 1.470800
v 4.325294 6.434910 1.505535
v 4.427835 6.503804 1.589715
v 4.444809 6.532340 1.674028
v 4.366274 6.503804 1.709083
v 4.238234 6.434910 1.674347
v 4.135693 6.366015 1.590168
v 4.051976 6.088868 1.471435
v 4.129625 6.114135 1.435923
v 4.255528 6.175137 1.469556
v 4.355932 6.236139 1.552633
v 4.372021 6.261406 1.636489
v 4.294371 6.236139 1.672001
v 4.168469 6.175137 1.638368
v 4.068065 6.114135 1.555290
v 3.961663 5.833279 1.424859
v 4.037372 5.853129 1.388346
v 4.158591 5.901049 1.419563
v 4.254310 5.948971 1.500225
v 4.268459 5.968820 1.583079
v 4.192750 5.948971 1.619593
v 4.071531 5.901049 1.588375
v 3.975812 5.853129 1.507713
v 3.838803 5.578852 1.361498
v 3.908905 5.587399 1.322093
v 4.016586 5.608034 1.346329
v 4.098768 5.628670 1.420009
v 4.107309 5.637217 1.499971
v 4.037207 5.628670 1.539376
v 3.929526 5.608034 1.515141
v 3.847345 5.587399 1.441461
v 3.697669 5.386710 1.288713
v 3.742257 5.363358 1.236150
v 3.788341 5.306983 1.228619
v 3.808927 5.250608 1.270533
v 3.791955 5.227257 1.337338
v 3.747366 5.250608 1.389900
v 3.701282 5.306983 1.397430
v 3.680696 5.363358 1.355517
v 3.570640 5.320226 1.223202
v 3.571266 5.270239 1.147966
v 3.511215 5.149561 1.085700
v 3.425665 5.028882 1.072878
v 3.364730 4.978896 1.117010
v 3.364106 5.028882 1.192246
v 3.424156 5.149561 1.254512
v 3.509705 5.270239 1.267334
v 3.421997 5.340621 1.146544
v 3.410951 5.291497 1.065289
v 3.322724 5.172899 0.988492
v 3.208998 5.054302 0.961138
v 3.136392 5.005177 0.999251
v 3.147439 5.054302 1.080506
v 3.235665 5.172899 1.157303
v 3.349392 5.291497 1.184657
v 1.489752 4.148592 -0.342117
v 1.651765 3.931835 -0.568973
v 1.780199 4.153067 -0.749108
v 1.862482 4.431835 -0.864888
v 1.890560 4.740852 -0.904981
v 1.861682 5.049868 -0.865459
v 1.778679 5.328637 -0.750195
v 1.649673 5.549868 -0.570470
v 1.487293 5.691907 -0.343877
v 1.307434 5.740851 -0.092596
v 1.127700 5.691907 0.158775
v 0.965688 5.549868 0.385632
v 0.837254 5.328636 0.565766
v 0.754971 5.049868 0.681545
v 0.726894 4.740852 0.721638
v 0.755770 4.431835 0.682118
v 0.838774 4.153067 0.566854
v 0.967780 3.931836 0.387128
v 1.130160 4.148592 0.160535
v 1.310019 4.099649 -0.090746
v 3.116368 4.151770 0.821546
v 3.278380 3.935014 0.594689
v 3.406814 4.156246 0.414556
v 3.489097 4.435014 0.298776
v 3.517174 4.744030 0.258684
v 3.488298 5.053047 0.298204
v 3.405294 5.331815 0.413468
v 3.276289 5.553047 0.593194
v 3.113908 5.695086 0.819787
v 2.934049 5.744029 1.071068
v 2.754316 5.695086 1.322439
v 2.592304 5.553047 1.549295
v 2.463870 5.331815 1.729429
v 2.381587 5.053047 1.845209
v 2.353509 4.744030 1.885302
v 2.382386 4.435014 1.845781
v 2.465389 4.156246 1.730516
v 2.594394 3.935014 1.550792
v 2.756775 4.151771 1.324199
v 2.936635 4.102828 1.072918
v 1.308727 4.740852 -0.091671
v 2.935341 4.744030 1.071993
v 2.384066 4.221201 0.126286
v 1.570758 4.219612 -0.455545
v 2.465073 3.933424 0.012858
v 3.197374 4.222791 0.708119
v 2.303060 4.150181 0.239714
v 2.529290 4.044040 -0.077209
v 1.715982 4.042451 -0.659041
v 2.593506 4.154656 -0.167276
v 3.342598 4.045630 0.504623
v 2.634648 4.294041 -0.225166
v 1.821340 4.292451 -0.806998
v 2.675789 4.433424 -0.283056
v 3.447956 4.295629 0.356666
v 2.689828 4.587932 -0.303102
v 1.876521 4.586343 -0.884933
v 2.703867 4.742441 -0.323148
v 3.503136 4.589522 0.278730
v 2.689429 4.896950 -0.303388
v 1.876121 4.895360 -0.885220
v 2.674991 5.051458 -0.283627
v 3.502737 4.898539 0.278444
v 2.633489 5.190842 -0.225996
v 1.820181 5.189252 -0.807827
v 2.591987 5.330226 -0.168364
v 3.446796 5.192431 0.355836
v 2.527484 5.440842 -0.078501
v 1.714177 5.439252 -0.660333
v 2.462981 5.551457 0.011362
v 3.340791 5.442431 0.503331
v 2.381791 5.622477 0.124659
v 1.568483 5.620888 -0.457173
v 2.300601 5.693497 0.237955
v 3.195098 5.624066 0.706491
v 2.210671 5.717968 0.363596
v 1.397363 5.716379 -0.218236
v 2.120741 5.742440 0.489236
v 3.023979 5.719558 0.945427
v 2.030875 5.717968 0.614922
v 1.217567 5.716379 0.033091
v 1.941008 5.693497 0.740607
v 2.844183 5.719558 1.196754
v 1.860002 5.622477 0.854035
v 1.046694 5.620888 0.272204
v 1.778996 5.551457 0.967464
v 2.673310 5.624066 1.435867
v 1.714778 5.440842 1.057530
v 0.901472 5.439252 0.475699
v 1.650562 5.330226 1.147598
v 2.528086 5.442431 1.639362
v 1.609420 5.190842 1.205488
v 0.796113 5.189252 0.623656
v 1.568279 5.051458 1.263378
v 2.422728 5.192431 1.787319
v 1.554241 4.896949 1.283423
v 0.740933 4.895360 0.701592
v 1.540202 4.742441 1.303470
v 2.367548 4.898539 1.865255
v 1.554639 4.587933 1.283710
v 0.741333 4.586343 0.701878
v 1.569078 4.433424 1.263949
v 2.367947 4.589522 1.865542
v 1.610580 4.294041 1.206317
v 0.797272 4.292451 0.624485
v 1.652082 4.154657 1.148686
v 2.423887 4.295630 1.788149
v 1.716585 4.044041 1.058823
v 0.903277 4.042451 0.476991
v 1.781087 3.933425 0.968960
v 2.529892 4.045630 1.640655
v 1.862278 4.221202 0.855663
v 1.048970 4.219612 0.273831
v 1.943468 4.150182 0.742367
v 2.675585 4.222791 1.437495
v 2.033397 4.125710 0.616726
v 1.220089 4.124121 0.034894
v 2.123327 4.101238 0.491086
v 2.846704 4.127300 1.198558
v 2.213193 4.125710 0.365400
v 1.399886 4.124120 -0.216433
v 3.026500 4.127299 0.947231
v 1.457466 4.241311 -0.298220
v 1.399240 4.265324 -0.216894
v 1.480246 4.336344 -0.330322
v 1.539899 4.344414 -0.413731
v 1.544463 4.446959 -0.420389
v 1.599705 4.486323 -0.497717
v 1.585604 4.586343 -0.478279
v 1.631027 4.653147 -0.541956
v 1.599643 4.740852 -0.498325
v 1.630800 4.828556 -0.542118
v 1.585205 4.895360 -0.478565
v 1.599047 4.995380 -0.498188
v 1.543703 5.034744 -0.420933
v 1.538875 5.137289 -0.414464
v 1.479200 5.145360 -0.331070
v 1.456174 5.240392 -0.299143
v 1.398010 5.216380 -0.217773
v 1.359041 5.294597 -0.163514
v 1.308080 5.240851 -0.092133
v 1.256981 5.294597 -0.020852
v 1.218214 5.216380 0.033552
v 1.159988 5.240392 0.114878
v 1.137208 5.145360 0.146980
v 1.077554 5.137289 0.230389
v 1.072990 5.034744 0.237047
v 1.017748 4.995380 0.314375
v 1.031848 4.895360 0.294937
v 0.986426 4.828556 0.358614
v 1.017810 4.740852 0.314983
v 0.986653 4.653147 0.358776
v 1.032248 4.586343 0.295223
v 1.018406 4.486323 0.314846
v 1.073750 4.446959 0.237591
v 1.078579 4.344414 0.231122
v 1.138254 4.336344 0.147729
v 1.161279 4.241311 0.115802
v 1.219444 4.265324 0.034432
v 1.258413 4.187107 -0.019828
v 1.309373 4.240852 -0.091208
v 1.360471 4.187107 -0.162490
v 3.084081 4.244490 0.865444
v 3.106861 4.339522 0.833342
v 3.025855 4.268503 0.946770
v 3.166515 4.347593 0.749933
v 3.171078 4.450138 0.743274
v 3.226320 4.489502 0.665947
v 3.212220 4.589522 0.685385
v 3.257642 4.656326 0.621708
v 3.226258 4.744030 0.665339
v 3.257415 4.831735 0.621546
v 3.211820 4.898539 0.685099
v 3.225662 4.998559 0.665476
v 3.170318 5.037923 0.742731
v 3.165490 5.140468 0.749200
v 3.105815 5.148538 0.832593
v 3.082789 5.243571 0.864520
v 3.024625 5.219558 0.945890
v 2.985655 5.297775 1.000150
v 2.934696 5.244030 1.071530
v 2.883596 5.297775 1.142812
v 2.844829 5.219558 1.197216
v 2.786603 5.243571 1.278542
v 2.763822 5.148538 1.310644
v 2.704169 5.140468 1.394053
v 2.699606 5.037923 1.400711
v 2.644363 4.998559 1.478039
v 2.658464 4.898539 1.458601
v 2.613041 4.831735 1.522278
v 2.644425 4.744030 1.478647
v 2.613267 4.656326 1.522440
v 2.658864 4.589522 1.458887
v 2.645021 4.489502 1.478509
v 2.700366 4.450138 1.401255
v 2.705194 4.347593 1.394786
v 2.764868 4.339522 1.311392
v 2.787895 4.244490 1.279466
v 2.846058 4.268503 1.198095
v 2.885028 4.190286 1.143836
v 2.935988 4.244031 1.072455
v 2.987087 4.190286 1.001174
v 0.496234 3.786979 -1.005412
v 0.617615 3.908680 -1.218520
v 0.698242 3.823365 -1.398879
v 0.730220 4.062216 -1.528830
v 0.710422 4.326985 -1.595654
v 0.640783 4.591753 -1.592812
v 0.528122 4.830604 -1.520581
v 0.383465 5.020158 -1.386029
v 0.220974 5.141858 -1.202329
v 0.056553 5.183793 -0.987464
v -0.093701 5.141858 -0.762463
v -0.215083 5.020158 -0.549354
v -0.295709 4.830604 -0.368996
v -0.327688 4.591753 -0.239044
v -0.307888 4.326985 -0.172219
v -0.238251 4.062216 -0.175062
v -0.125590 3.823365 -0.247294
v 0.019067 3.908680 -0.381845
v 0.181558 3.786980 -0.565545
v 0.345978 3.745044 -0.780411
v 1.889934 4.142840 -0.008372
v 2.011315 4.264541 -0.221481
v 2.091941 4.179226 -0.401838
v 2.123920 4.418077 -0.531791
v 2.104122 4.682846 -0.598616
v 2.034483 4.947615 -0.595773
v 1.921821 5.186466 -0.523540
v 1.777165 5.376019 -0.388989
v 1.614674 5.497720 -0.205290
v 1.450253 5.539655 0.009576
v 1.299999 5.497720 0.234575
v 1.178617 5.376019 0.447685
v 1.097991 5.186466 0.628042
v 1.066012 4.947614 0.757995
v 1.085811 4.682846 0.824820
v 1.155449 4.418077 0.821977
v 1.268111 4.179226 0.749744
v 1.412767 4.264541 0.615193
v 1.575258 4.142841 0.431494
v 1.739679 4.100906 0.216627
v 0.201267 4.326985 -0.883936
v 1.594966 4.682846 0.113102
v 1.253774 4.025760 -0.613446
v 0.556924 3.847829 -1.111966
v 1.314465 4.086610 -0.720000
v 1.950624 4.203691 -0.114926
v 1.193083 3.964910 -0.506891
v 1.354778 3.906519 -0.810179
v 0.657929 3.728588 -1.308700
v 1.395092 4.001295 -0.900359
v 2.051629 4.084449 -0.311660
v 1.411081 4.120721 -0.965335
v 0.714231 3.942790 -1.463855
v 1.427070 4.240147 -1.030311
v 2.107931 4.298652 -0.466815
v 1.417171 4.372531 -1.063723
v 0.720321 4.194600 -1.562243
v 1.407272 4.504915 -1.097136
v 2.114021 4.550462 -0.565203
v 1.372452 4.637299 -1.095715
v 0.675602 4.459369 -1.594233
v 1.337633 4.769684 -1.094293
v 2.069302 4.815230 -0.597195
v 1.281302 4.889109 -1.058177
v 0.584452 4.711179 -1.556697
v 1.224971 5.008535 -1.022061
v 1.978153 5.067040 -0.559657
v 1.152643 5.103311 -0.954785
v 0.455793 4.925381 -1.453305
v 1.080315 5.198088 -0.887508
v 1.849494 5.281242 -0.456265
v 0.999069 5.258939 -0.795659
v 0.302219 5.081008 -1.294179
v 0.917824 5.319789 -0.703809
v 1.695920 5.436869 -0.297140
v 0.835614 5.340757 -0.596376
v 0.138764 5.162826 -1.094895
v 0.753403 5.361724 -0.488943
v 1.532464 5.518687 -0.097856
v 0.678276 5.340756 -0.376444
v -0.018574 5.162826 -0.874962
v 0.603149 5.319789 -0.263944
v 1.375126 5.518687 0.122076
v 0.542457 5.258939 -0.157389
v -0.154393 5.081008 -0.655909
v 0.481767 5.198088 -0.050835
v 1.239308 5.436869 0.341130
v 0.441454 5.103311 0.039345
v -0.255396 4.925381 -0.459175
v 0.401141 5.008535 0.129523
v 1.138304 5.281242 0.537864
v 0.385151 4.889109 0.194499
v -0.311698 4.711179 -0.304020
v 0.369162 4.769684 0.259475
v 1.082001 5.067040 0.693018
v 0.379061 4.637299 0.292888
v -0.317790 4.459369 -0.205632
v 0.388960 4.504915 0.326300
v 1.075912 4.815230 0.791407
v 0.423780 4.372531 0.324879
v -0.273070 4.194600 -0.173641
v 0.458599 4.240147 0.323458
v 1.120630 4.550462 0.823398
v 0.514930 4.120721 0.287341
v -0.181920 3.942791 -0.211178
v 0.571261 4.001296 0.251226
v 1.211780 4.298652 0.785860
v 0.643589 3.906519 0.183950
v -0.053261 3.728588 -0.314569
v 0.715917 4.086611 0.116674
v 1.340438 4.084450 0.682468
v 0.797163 4.025761 0.024824
v 0.100313 3.847830 -0.473696
v 0.878408 3.964910 -0.067025
v 1.494012 4.203691 0.523343
v 0.960619 3.943943 -0.174458
v 0.263769 3.766012 -0.672977
v 1.042829 3.922975 -0.281891
v 1.657468 4.121873 0.324061
v 1.117956 3.943942 -0.394392
v 0.421106 3.766012 -0.892911
v 1.814806 4.121873 0.104128
v 0.403150 3.898973 -1.013375
v 0.348751 3.919548 -0.944674
v 0.409441 3.980398 -1.051228
v 0.460484 3.987313 -1.125049
v 0.449754 4.075175 -1.141408
v 0.492444 4.108902 -1.213120
v 0.465744 4.194600 -1.206384
v 0.495901 4.251839 -1.268968
v 0.455844 4.326985 -1.239797
v 0.470517 4.402131 -1.287127
v 0.421024 4.459369 -1.238376
v 0.418777 4.545067 -1.265820
v 0.364694 4.578794 -1.202260
v 0.345745 4.666656 -1.207131
v 0.292366 4.673571 -1.134984
v 0.258571 4.754996 -1.116805
v 0.211120 4.734422 -1.043134
v 0.165788 4.801439 -1.003686
v 0.128910 4.755389 -0.935700
v 0.076477 4.801439 -0.878843
v 0.053783 4.734422 -0.823200
v -0.000618 4.754996 -0.754499
v -0.006909 4.673571 -0.716645
v -0.057951 4.666656 -0.642826
v -0.047222 4.578794 -0.626467
v -0.089911 4.545067 -0.554754
v -0.063212 4.459369 -0.561491
v -0.093368 4.402131 -0.498906
v -0.053311 4.326985 -0.528078
v -0.067984 4.251839 -0.480747
v -0.018492 4.194600 -0.529499
v -0.016244 4.108902 -0.502054
v 0.037839 4.075175 -0.565616
v 0.056787 3.987313 -0.560743
v 0.110166 3.980398 -0.632891
v 0.143961 3.898974 -0.651069
v 0.191412 3.919548 -0.724741
v 0.236745 3.852531 -0.764189
v 0.273622 3.898580 -0.832173
v 0.326055 3.852531 -0.889031
v 1.796851 4.529703 -0.016335
v 1.803140 4.611128 -0.054190
v 1.742450 4.550277 0.052364
v 1.854185 4.343174 -0.128008
v 1.843454 4.431036 -0.144368
v 1.886144 4.464763 -0.216080
v 1.859443 4.550462 -0.209345
v 1.889600 4.607700 -0.271929
v 1.849544 4.682846 -0.242757
v 1.864216 4.757992 -0.290089
v 1.814724 4.815230 -0.241336
v 1.812477 4.900928 -0.268781
v 1.758394 4.934656 -0.205219
v 1.739445 5.022518 -0.210092
v 1.686065 5.029432 -0.137944
v 1.652271 5.110857 -0.119766
v 1.604820 5.090283 -0.046094
v 1.559488 5.157300 -0.006646
v 1.522609 5.111250 0.061338
v 1.470176 5.157300 0.118196
v 1.447483 5.090283 0.173839
v 1.393081 5.110857 0.242539
v 1.386792 5.029432 0.280394
v 1.335748 5.022518 0.354212
v 1.346479 4.934656 0.370572
v 1.303789 4.900928 0.442284
v 1.330490 4.815230 0.435548
v 1.300332 4.757992 0.498133
v 1.340389 4.682846 0.468961
v 1.325716 4.607700 0.516292
v 1.375207 4.550462 0.467539
v 1.377456 4.464764 0.494985
v 1.431538 4.431036 0.431423
v 1.450487 4.343174 0.436296
v 1.503867 4.611128 0.364147
v 1.537661 4.529703 0.345970
v 1.585112 4.550278 0.272298
v 1.630445 4.483261 0.232850
v 1.667323 4.529310 0.164865
v 1.719756 4.483261 0.108007
v -0.113164 3.282050 -1.368295
v -0.046791 3.363882 -1.574456
v -0.004265 3.228804 -1.745328
v -0.048407 3.389408 -1.906144
v -0.144059 3.567438 -2.019105
v -0.281857 3.745468 -2.073152
v -0.448313 3.906072 -2.062995
v -0.627133 4.033527 -1.989627
v -0.800812 4.115359 -1.860230
v -0.952350 4.143556 -1.687474
v -1.066914 4.115359 -1.488263
v -1.133288 4.033527 -1.282103
v -1.144976 3.906071 -1.089171
v -1.100834 3.682843 -0.928355
v -1.005181 3.504813 -0.815392
v -0.867383 3.326782 -0.761346
v -0.700928 3.228804 -0.771503
v -0.552946 3.363882 -0.866932
v -0.379266 3.282050 -0.996327
v -0.227728 3.253853 -1.169085
v 0.823959 4.210923 -0.697886
v 0.890333 4.292754 -0.904048
v 0.932859 4.157677 -1.074918
v 0.888716 4.318280 -1.235736
v 0.793064 4.496310 -1.348697
v 0.655266 4.674340 -1.402743
v 0.488811 4.834944 -1.392587
v 0.309990 4.962400 -1.319219
v 0.136311 5.044231 -1.189822
v -0.015227 5.072429 -1.017064
v -0.129790 5.044231 -0.817855
v -0.196165 4.962400 -0.611694
v -0.207852 4.834944 -0.418762
v -0.163710 4.674340 -0.257945
v -0.068058 4.496310 -0.144985
v 0.069740 4.318280 -0.090938
v 0.236196 4.157677 -0.101095
v 0.384178 4.292755 -0.196524
v 0.557857 4.210923 -0.325919
v 0.709395 4.182726 -0.498677
v -0.605458 3.829971 -1.439311
v 0.362503 4.496310 -0.746840
v 0.388584 3.787402 -1.136170
v -0.079977 3.322966 -1.471375
v 0.421772 3.828318 -1.239251
v 0.857146 4.251839 -0.800966
v 0.355397 3.746487 -1.033091
v 0.427616 3.892046 -1.335717
v -0.040946 3.427610 -1.670922
v 0.464297 3.693240 -1.410123
v 0.896177 4.356482 -1.000514
v 0.442226 3.773542 -1.490531
v -0.026336 3.309106 -1.825736
v 0.420154 3.853844 -1.570939
v 0.910787 4.237978 -1.155328
v 0.372329 3.942859 -1.627419
v -0.096233 3.478423 -1.962624
v 0.324503 4.031874 -1.683900
v 0.840890 4.407295 -1.292216
v 0.255603 4.120889 -1.710923
v -0.212959 3.656453 -2.046128
v 0.186704 4.209904 -1.737946
v 0.724165 4.585325 -1.375720
v 0.103476 4.290206 -1.732869
v -0.365085 3.825770 -2.068072
v 0.020248 4.370508 -1.727790
v 0.572038 4.754642 -1.397664
v -0.069161 4.434235 -1.691106
v -0.537723 3.969799 -2.026311
v -0.158572 4.497963 -1.654424
v 0.399400 4.898671 -1.355903
v -0.245411 4.538879 -1.589724
v -0.713973 4.074443 -1.924928
v -0.332251 4.579795 -1.525027
v 0.223151 5.003315 -1.254521
v -0.408019 4.593893 -1.438647
v -0.876581 4.129457 -1.773852
v -0.483789 4.607992 -1.352269
v 0.060542 5.058329 -1.103444
v -0.541070 4.593893 -1.252664
v -1.009632 4.129457 -1.587869
v -0.598353 4.579795 -1.153060
v -0.072509 5.058329 -0.917460
v -0.631539 4.538879 -1.049979
v -1.100101 4.074443 -1.385184
v -0.664727 4.497963 -0.946900
v -0.162978 5.003315 -0.714775
v -0.670571 4.434235 -0.850432
v -1.139132 3.969799 -1.185637
v -0.676415 4.370508 -0.753966
v -0.202009 4.898671 -0.515228
v -0.654343 4.290206 -0.673558
v -1.122904 3.825770 -1.008763
v -0.632271 4.209904 -0.593149
v -0.185781 4.754642 -0.338354
v -0.584445 4.120889 -0.536669
v -1.053008 3.593828 -0.871874
v -0.536620 4.031874 -0.480188
v -0.115884 4.585325 -0.201466
v -0.467720 3.942859 -0.453165
v -0.936282 3.415798 -0.788369
v -0.398822 3.853844 -0.426142
v 0.000841 4.407295 -0.117961
v -0.315594 3.773542 -0.431221
v -0.784155 3.246481 -0.766424
v -0.232366 3.693241 -0.436299
v 0.152968 4.237978 -0.096016
v -0.173794 3.892046 -0.495044
v -0.642355 3.427610 -0.830248
v -0.084384 3.828318 -0.531728
v 0.294768 4.356482 -0.159840
v 0.002455 3.787403 -0.596425
v -0.466107 3.322967 -0.931630
v 0.089295 3.746487 -0.661123
v 0.471017 4.251839 -0.261221
v 0.165064 3.732388 -0.747502
v -0.303498 3.267952 -1.082707
v 0.240833 3.718290 -0.833881
v 0.633627 4.196824 -0.412298
v 0.298115 3.732388 -0.933486
v -0.170447 3.267952 -1.268691
v 0.766676 4.196824 -0.598282
v -0.307177 3.542177 -1.457513
v -0.359312 3.556011 -1.403802
v -0.326125 3.596927 -1.506883
v -0.285021 3.601576 -1.570781
v -0.289442 3.398121 -1.581288
v -0.263394 3.420799 -1.649121
v -0.311514 3.478423 -1.661696
v -0.303071 3.516909 -1.726823
v -0.359339 3.567438 -1.718177
v -0.369328 3.617966 -1.774224
v -0.428239 3.656453 -1.745200
v -0.455680 3.714077 -1.786679
v -0.511466 3.736755 -1.740121
v -0.553676 3.795833 -1.762975
v -0.600876 3.800483 -1.703439
v -0.653721 3.855232 -1.705426
v -0.687716 3.841398 -1.638740
v -0.746024 3.886461 -1.619670
v -0.763485 3.855497 -1.552361
v -0.821549 3.886461 -1.514098
v -0.820767 3.841398 -1.452756
v -0.872902 3.855232 -1.399047
v -0.853955 3.800482 -1.349677
v -0.895058 3.795833 -1.285779
v -0.859798 3.736755 -1.253211
v -0.885847 3.714076 -1.185378
v -0.868565 3.856361 -1.194863
v -0.877009 3.817875 -1.129735
v -0.820738 3.767346 -1.138383
v -0.810751 3.716818 -1.082335
v -0.751839 3.678331 -1.111360
v -0.693560 3.358174 -1.047818
v -0.637774 3.398121 -1.094376
v -0.626402 3.601576 -1.093585
v -0.579201 3.596927 -1.153121
v -0.526356 3.542177 -1.151132
v -0.492362 3.556011 -1.217820
v -0.434054 3.510949 -1.236890
v -0.416593 3.541912 -1.304198
v -0.358530 3.510949 -1.342460
v 0.629947 4.471049 -0.787103
v 0.610999 4.525799 -0.836473
v 0.577812 4.484883 -0.733394
v 0.652102 4.530449 -0.900372
v 0.647681 4.326993 -0.910880
v 0.673729 4.349671 -0.978713
v 0.625610 4.407295 -0.991288
v 0.634053 4.445782 -1.056416
v 0.577783 4.496310 -1.047769
v 0.567796 4.546838 -1.103816
v 0.508884 4.585325 -1.074792
v 0.481443 4.642949 -1.116273
v 0.425657 4.665627 -1.069714
v 0.383447 4.724705 -1.092566
v 0.336246 4.729355 -1.033030
v 0.283401 4.784104 -1.035018
v 0.249406 4.770271 -0.968331
v 0.191099 4.815333 -0.949262
v 0.173638 4.784369 -0.881952
v 0.115574 4.815333 -0.843690
v 0.116355 4.770271 -0.782348
v 0.064221 4.784104 -0.728639
v 0.083170 4.729355 -0.679267
v 0.042065 4.724705 -0.615369
v 0.077325 4.665627 -0.582802
v 0.051277 4.642949 -0.514969
v 0.099396 4.585325 -0.502393
v 0.090953 4.546838 -0.437265
v 0.147222 4.496310 -0.445912
v 0.157210 4.445782 -0.389866
v 0.216121 4.407295 -0.418888
v 0.243563 4.349672 -0.377409
v 0.299349 4.326993 -0.423967
v 0.310720 4.530449 -0.423176
v 0.357921 4.525799 -0.482712
v 0.410766 4.471049 -0.480723
v 0.444761 4.484883 -0.547410
v 0.503068 4.439821 -0.566481
v 0.520530 4.470785 -0.633789
v 0.578594 4.439821 -0.672051
v -0.563229 2.386258 -1.474263
v -0.542745 2.437359 -1.657504
v -0.499729 2.519397 -1.776273
v -0.252463 2.290748 -1.732362
v -0.830107 2.274907 -2.209083
v -0.969365 2.354223 -2.275458
v -1.126440 2.426134 -2.291110
v -1.285960 2.483600 -2.254504
v -1.432309 2.520997 -2.169227
v -1.551163 2.534665 -2.043622
v -1.630885 2.523264 -1.889989
v -1.663672 2.487912 -1.723363
v -1.646315 2.432068 -1.560056
v -1.580515 2.361200 -1.416053
v -1.472709 2.282244 -1.305449
v -0.855328 2.312602 -0.847650
v -0.842408 2.537990 -0.887779
v -0.879622 2.450866 -1.022550
v -0.740332 2.393358 -1.140447
v -0.631314 2.371096 -1.296098
v 0.005689 3.772591 -1.156781
v 0.044785 3.819916 -1.319020
v 0.037254 3.894405 -1.475491
v -0.003039 3.875416 -1.600625
v -0.110844 3.954373 -1.711226
v -0.250101 4.033688 -1.777602
v -0.407177 4.105599 -1.793254
v -0.566697 4.163065 -1.756650
v -0.713047 4.200463 -1.671372
v -0.831900 4.214130 -1.545768
v -0.911622 4.202730 -1.392133
v -0.944409 4.167377 -1.225507
v -0.927052 4.111534 -1.062200
v -0.861250 4.040665 -0.918197
v -0.753445 3.961709 -0.807594
v -0.614190 3.882394 -0.741219
v -0.482623 3.900341 -0.744436
v -0.332926 3.824228 -0.787876
v -0.192885 3.774859 -0.877542
v -0.076207 3.757066 -1.004659
v -0.432146 3.958041 -1.259412
v -0.451344 3.048901 -1.570744
v -0.552985 2.411808 -1.565883
v -0.431796 3.072563 -1.651864
v 0.025238 3.796254 -1.237901
v -0.470892 3.025239 -1.489627
v -0.435563 3.109808 -1.730100
v -0.557308 2.478378 -1.742692
v -0.439328 3.147053 -1.808335
v 0.041019 3.857161 -1.397256
v -0.329770 3.000249 -1.777551
v -0.134755 2.251109 -1.606559
v -0.362670 3.035684 -1.849553
v 0.029862 3.839982 -1.528623
v -0.416573 3.075162 -1.904855
v -0.776205 2.235429 -2.153781
v -0.470477 3.114640 -1.960154
v -0.056942 3.914894 -1.655927
v -0.540104 3.154297 -1.993342
v -0.899736 2.314566 -2.242270
v -0.609732 3.193955 -2.026530
v -0.180472 3.994030 -1.744416
v -0.688270 3.229911 -2.034356
v -1.047902 2.390178 -2.283284
v -0.766808 3.265866 -2.042182
v -0.328639 4.069643 -1.785428
v -0.846569 3.294599 -2.023879
v -1.206200 2.454866 -2.272807
v -0.926328 3.323333 -2.005578
v -0.486937 4.134332 -1.774951
v -0.999504 3.342032 -1.962937
v -1.359135 2.502299 -2.211865
v -1.072678 3.360730 -1.920299
v -0.639872 4.181764 -1.714009
v -1.132104 3.367563 -1.857497
v -1.491736 2.527831 -2.106425
v -1.191531 3.374397 -1.794696
v -0.772473 4.207297 -1.608569
v -1.231392 3.368697 -1.717877
v -1.591023 2.528964 -1.966805
v -1.271253 3.362997 -1.641061
v -0.871760 4.208430 -1.468951
v -1.287647 3.345321 -1.557748
v -1.647278 2.505588 -1.806676
v -1.304040 3.327645 -1.474435
v -0.928015 4.185054 -1.308820
v -1.295362 3.299723 -1.392781
v -1.654993 2.459990 -1.641709
v -1.286684 3.271801 -1.311128
v -0.935730 4.139456 -1.143853
v -1.253783 3.236367 -1.239127
v -1.613415 2.396634 -1.488053
v -1.220883 3.200933 -1.167125
v -0.894152 4.076100 -0.990199
v -1.166980 3.161454 -1.111823
v -1.526612 2.321722 -1.360751
v -1.113078 3.121976 -1.056521
v -0.807349 4.001187 -0.862895
v -1.043450 3.082319 -1.023335
v -1.373647 2.242250 -1.313653
v -0.973820 3.042661 -0.990148
v -0.683817 3.922051 -0.774405
v -0.895283 3.006706 -0.982322
v -0.575924 2.271331 -0.784011
v -0.959204 3.152989 -1.077283
v -0.535651 3.846439 -0.733393
v -0.884356 3.114932 -1.099002
v -0.957583 2.494427 -0.988248
v -0.809508 3.076876 -1.120721
v -0.407774 3.862284 -0.766156
v -0.739487 3.052191 -1.165555
v -0.809979 2.422112 -1.081500
v -0.669466 3.027506 -1.210389
v -0.262906 3.799543 -0.832709
v -0.611128 3.018610 -1.273946
v -0.685825 2.382228 -1.218274
v -0.552787 3.009713 -1.337504
v -0.134545 3.765962 -0.941102
v -0.511839 3.017476 -1.413566
v -0.597269 2.378676 -1.385180
v -0.035258 3.764829 -1.080720
v -0.085511 2.067221 -1.296222
v -0.152771 2.080865 -1.215802
v -0.142091 2.112821 -1.373019
v -0.099114 2.114774 -1.469590
v -0.109373 2.192071 -1.473237
v 0.014343 2.189368 -1.498221
v -0.283024 2.175367 -1.714829
v -0.533787 2.293442 -1.675143
v -0.990757 2.255886 -1.983174
v -1.008549 2.299004 -2.032571
v -1.060386 2.316399 -2.016362
v -1.092654 2.341925 -2.055854
v -1.138924 2.352354 -2.024188
v -1.182511 2.378645 -2.049907
v -1.218684 2.381088 -2.005885
v -1.269322 2.405569 -2.015313
v -1.291859 2.399786 -1.963246
v -1.344591 2.420062 -1.955460
v -1.351285 2.406620 -1.900445
v -1.400949 2.420705 -1.876208
v -1.391146 2.400920 -1.823628
v -1.432882 2.407436 -1.785314
v -1.407540 2.383244 -1.740315
v -1.437262 2.381553 -1.691672
v -1.398861 2.355322 -1.658662
v -1.413660 2.345590 -1.604451
v -1.365962 2.319888 -1.586659
v -1.364387 2.303067 -1.532189
v -1.312058 2.280410 -1.531358
v -1.221694 2.202763 -1.236258
v -1.142922 2.144911 -1.052701
v -0.889528 2.140543 -0.927335
v -0.378025 2.207695 -0.724282
v -0.480980 2.130087 -0.749840
v -0.425179 2.124171 -0.839440
v -0.330687 2.077053 -0.834114
v -0.301599 2.086836 -0.935285
v -0.207257 2.047390 -0.962132
v -0.207733 2.071915 -1.064969
v -0.122776 2.044003 -1.121364
v -0.150671 3.829180 -1.231364
v -0.176012 3.853372 -1.276362
v -0.192406 3.835696 -1.193049
v -0.146292 3.855063 -1.325005
v -0.184691 3.881294 -1.358016
v -0.169894 3.891026 -1.412225
v -0.217593 3.916729 -1.430018
v -0.219166 3.933549 -1.484487
v -0.271494 3.956207 -1.485318
v -0.289286 3.978470 -1.534717
v -0.341123 3.995864 -1.518506
v -0.373391 4.021390 -1.557998
v -0.419661 4.031820 -1.526332
v -0.463248 4.058110 -1.552051
v -0.499421 4.060553 -1.508029
v -0.550059 4.085034 -1.517457
v -0.572596 4.079252 -1.465392
v -0.625328 4.099528 -1.457606
v -0.632022 4.086086 -1.402589
v -0.681687 4.100171 -1.378354
v -0.671884 4.080386 -1.325772
v -0.713620 4.086902 -1.287457
v -0.688277 4.062709 -1.242459
v -0.717999 4.061018 -1.193816
v -0.679599 4.034787 -1.160806
v -0.694397 4.025056 -1.106597
v -0.646698 3.999353 -1.088803
v -0.645125 3.982532 -1.034335
v -0.592795 3.959875 -1.033502
v -0.575003 3.937612 -0.984105
v -0.523167 3.920217 -1.000316
v -0.490899 3.894691 -0.960824
v -0.444629 3.884261 -0.992490
v -0.401043 3.857972 -0.966771
v -0.364869 3.855528 -1.010791
v -0.314232 3.831047 -1.001363
v -0.291694 3.836830 -1.053430
v -0.238963 3.816554 -1.061215
v -0.232268 3.829996 -1.116233
v -0.182603 3.815911 -1.140468
v -0.581476 2.052531 -1.263074
v -0.363804 2.032380 -1.771563
v -0.940432 2.008189 -2.008737
v -0.512895 2.173738 -1.659314
v -1.060386 2.188743 -2.016362
v -1.008549 2.171348 -2.032571
v -1.138924 2.224698 -2.024188
v -1.092654 2.214269 -2.055852
v -1.218684 2.253431 -2.005885
v -1.182511 2.250988 -2.049907
v -1.291859 2.272130 -1.963246
v -1.269322 2.277912 -2.015313
v -1.351285 2.278963 -1.900445
v -1.344591 2.292405 -1.955460
v -1.391146 2.273263 -1.823628
v -1.400949 2.293049 -1.876208
v -1.407540 2.255587 -1.740315
v -1.432882 2.279780 -1.785314
v -1.398861 2.227666 -1.658662
v -1.437262 2.253897 -1.691672
v -1.365962 2.192232 -1.586659
v -1.413660 2.217934 -1.604451
v -1.230706 1.992819 -1.303451
v -1.364387 2.175410 -1.532189
v -0.680020 2.070043 -0.758829
v -1.200802 2.083058 -1.220429
v 0.472833 1.911823 -0.766239
v 0.623045 1.787344 -0.913968
v 0.932642 1.727438 -0.860710
v 0.989214 1.681840 -0.783917
v 0.943981 1.515759 -0.974078
v 1.021596 1.465892 -0.922450
v 0.799627 1.950522 -1.184689
v 0.958465 1.533128 -1.077355
v 0.483411 1.967330 -0.171957
v 0.554338 1.531387 -0.239678
v 0.477285 1.552422 -0.170418
v 0.695541 1.475290 -0.292293
v 0.639734 1.481201 -0.202693
v 0.819120 1.437946 -0.388132
v 0.790032 1.428172 -0.286968
v 0.579944 1.718073 -0.757048
v 0.644506 1.326357 -0.605654
v 0.728997 1.322964 -0.764887
v 1.101055 2.344292 -0.718387
v 1.157627 2.298691 -0.641596
v 0.821422 2.240185 -0.751846
v 1.061616 2.423542 -0.870226
v 1.144025 2.346245 -0.814964
v 0.854381 2.427691 -1.135842
v 1.079601 2.420840 -0.970849
v 0.671981 2.439162 -0.135819
v 0.112533 2.372014 -0.271848
v 0.052276 2.376370 -0.331046
v 0.817959 2.355643 -0.184816
v 0.762155 2.361558 -0.095217
v 0.941552 2.318298 -0.280650
v 0.912454 2.308526 -0.179487
v 0.766461 2.231230 -0.601012
v 0.766936 2.206710 -0.498177
v 0.851420 2.203317 -0.657406
v -0.448616 3.320241 -0.941741
v -0.324011 3.224227 -0.852600
v -0.523961 3.811635 -0.995643
v -0.378420 3.837480 -0.891524
v -0.427220 3.811635 -1.130872
v -0.281679 3.837480 -1.026753
v -0.351874 3.320241 -1.076970
v -0.227271 3.224227 -0.987830
v -0.581274 2.870174 -1.241080
v -0.456670 2.774160 -1.151940
v -0.553412 2.774160 -1.016711
v -0.678015 2.870174 -1.105851
v -0.171469 3.320299 -1.328462
v -0.046866 3.224284 -1.239322
v -0.246815 3.811693 -1.382363
v -0.101275 3.837538 -1.278245
v -0.150073 3.811693 -1.517592
v -0.004532 3.837538 -1.413474
v -0.074727 3.320299 -1.463691
v 0.049876 3.224284 -1.374551
v -0.304128 2.870232 -1.627801
v -0.179524 2.774217 -1.538661
v -0.276267 2.774217 -1.403432
v -0.400870 2.870232 -1.492572
v -0.001866 3.679164 -0.622140
v 0.122737 3.583150 -0.532999
v -0.077212 4.170558 -0.676042
v 0.068328 4.196403 -0.571923
v 0.019529 4.170558 -0.811271
v 0.165071 4.196403 -0.707152
v 0.094876 3.679164 -0.757369
v 0.219480 3.583150 -0.668229
v -0.134524 3.229097 -0.921481
v -0.009921 3.133083 -0.832339
v -0.106662 3.133083 -0.697110
v -0.231266 3.229097 -0.786250
v 0.275280 3.679222 -1.008861
v 0.399884 3.583207 -0.919721
v 0.199934 4.170616 -1.062762
v 0.345475 4.196461 -0.958646
v 0.296676 4.170616 -1.197991
v 0.442216 4.196461 -1.093875
v 0.372022 3.679222 -1.144090
v 0.496625 3.583207 -1.054950
v 0.142622 3.229155 -1.308202
v 0.267226 3.133140 -1.219060
v 0.170484 3.133140 -1.083831
v 0.045880 3.229155 -1.172971
v 0.550448 3.892814 -0.248770
v 0.662610 3.775886 -0.168530
v 0.533004 4.392404 -0.261249
v 0.680054 4.392404 -0.156051
v 0.629745 4.392404 -0.396479
v 0.776796 4.392404 -0.291280
v 0.647190 3.892814 -0.383999
v 0.759351 3.775886 -0.303760
v 0.367822 3.487687 -0.583856
v 0.479984 3.370759 -0.503616
v 0.383243 3.370759 -0.368387
v 0.271081 3.487687 -0.448625
v 0.827598 3.892814 -0.635487
v 0.939760 3.775886 -0.555248
v 0.810153 4.392404 -0.647967
v 0.957204 4.392404 -0.542768
v 0.906894 4.392404 -0.783197
v 1.053946 4.392404 -0.677998
v 0.924339 3.892814 -0.770718
v 1.036500 3.775886 -0.690477
v 0.644972 3.487687 -0.970574
v 0.757134 3.370759 -0.890336
v 0.660392 3.370759 -0.755105
v 0.548231 3.487687 -0.835344
v 1.025755 4.011195 0.091261
v 1.137917 3.894267 0.171499
v 1.008311 4.510785 0.078781
v 1.155362 4.510785 0.183979
v 1.105053 4.510785 -0.056449
v 1.252103 4.510785 0.048750
v 1.122497 4.011195 -0.043969
v 1.234659 3.894267 0.036270
v 0.843130 3.606068 -0.243826
v 0.955291 3.489140 -0.163587
v 0.858550 3.489140 -0.028356
v 0.746388 3.606068 -0.108596
v 1.302906 4.011195 -0.295458
v 1.415067 3.894267 -0.215218
v 1.285460 4.510785 -0.307938
v 1.432512 4.510785 -0.202739
v 1.382202 4.510785 -0.443167
v 1.529254 4.510785 -0.337968
v 1.399646 4.011195 -0.430687
v 1.511808 3.894267 -0.350448
v 1.120279 3.606068 -0.630544
v 1.232441 3.489140 -0.550304
v 1.135700 3.489140 -0.415075
v 1.023538 3.606068 -0.495315
v 1.521997 3.941830 0.446267
v 1.634160 3.824902 0.526506
v 1.504552 4.441420 0.433787
v 1.651603 4.441420 0.538986
v 1.601295 4.441420 0.298557
v 1.748346 4.441420 0.403756
v 1.618740 3.941830 0.311037
v 1.730901 3.824902 0.391276
v 1.339372 3.536703 0.111180
v 1.451534 3.419775 0.191420
v 1.354791 3.419775 0.326650
v 1.242630 3.536703 0.246410
v 1.799147 3.941830 0.059548
v 1.911309 3.824902 0.139788
v 1.781703 4.441420 0.047069
v 1.928753 4.441420 0.152268
v 1.878444 4.441420 -0.088160
v 2.025495 4.441420 0.017038
v 1.895889 3.941830 -0.075681
v 2.008050 3.824902 0.004559
v 1.616521 3.536703 -0.275537
v 1.728683 3.419775 -0.195298
v 1.631941 3.419775 -0.060068
v 1.519780 3.536703 -0.140308
v 1.963491 3.941830 0.762106
v 2.075653 3.824902 0.842346
v 1.946046 4.441420 0.749626
v 2.093097 4.441420 0.854826
v 2.042787 4.441420 0.614397
v 2.189839 4.441420 0.719596
v 2.060232 3.941830 0.626877
v 2.172393 3.824902 0.707116
v 1.780864 3.536703 0.427020
v 1.893027 3.419775 0.507259
v 1.796285 3.419775 0.642489
v 1.684124 3.536703 0.562250
v 2.240640 3.941830 0.375388
v 2.352802 3.824902 0.455628
v 2.223196 4.441420 0.362908
v 2.370246 4.441420 0.468107
v 2.319937 4.441420 0.227679
v 2.466988 4.441420 0.332878
v 2.337382 3.941830 0.240159
v 2.449544 3.824902 0.320398
v 2.058014 3.536703 0.040302
v 2.170176 3.419775 0.120542
v 2.073434 3.419775 0.255771
v 1.961273 3.536703 0.175531
v 2.458189 3.941830 1.116009
v 2.570350 3.824902 1.196247
v 2.440744 4.441420 1.103529
v 2.587795 4.441420 1.208727
v 2.537486 4.441420 0.968299
v 2.684537 4.441420 1.073498
v 2.554930 3.941830 0.980779
v 2.667092 3.824902 1.061018
v 2.275563 3.536703 0.780922
v 2.387724 3.419775 0.861161
v 2.290983 3.419775 0.996391
v 2.178821 3.536703 0.916152
v 2.764450 3.941830 0.687904
v 2.876612 3.824902 0.768144
v 2.747006 4.441420 0.675425
v 2.894057 4.441420 0.780624
v 2.843748 4.441420 0.540195
v 2.990799 4.441420 0.645393
v 2.861191 3.941830 0.552674
v 2.973354 3.824902 0.632914
v 2.581825 3.536703 0.352818
v 2.693986 3.419775 0.433058
v 2.597244 3.419775 0.568287
v 2.485082 3.536703 0.488048
v 2.741169 5.142479 1.639493
v 2.739486 5.142479 1.650643
v 2.741333 5.142479 1.661767
v 2.746525 5.142479 1.671777
v 2.754557 5.142479 1.679691
v 2.764641 5.142479 1.684737
v 2.775792 5.142479 1.686420
v 2.786915 5.142479 1.684573
v 2.796925 5.142479 1.679380
v 2.804840 5.142479 1.671349
v 2.809885 5.142479 1.661264
v 2.811567 5.142479 1.650114
v 2.809722 5.142479 1.638990
v 2.804529 5.142479 1.628981
v 2.796497 5.142479 1.621066
v 2.786413 5.142479 1.616021
v 2.775262 5.142479 1.614339
v 2.764139 5.142479 1.616184
v 2.754129 5.142479 1.621377
v 2.746214 5.142479 1.629409
v 2.707656 5.134039 1.628876
v 2.704334 5.134039 1.650901
v 2.707980 5.134039 1.672875
v 2.718237 5.134039 1.692648
v 2.734104 5.134039 1.708283
v 2.754024 5.134039 1.718248
v 2.776049 5.134039 1.721572
v 2.798024 5.134039 1.717926
v 2.817796 5.134039 1.707668
v 2.833431 5.134039 1.691802
v 2.843397 5.134039 1.671882
v 2.846720 5.134039 1.649857
v 2.843074 5.134039 1.627882
v 2.832817 5.134039 1.608110
v 2.816950 5.134039 1.592475
v 2.797030 5.134039 1.582509
v 2.775005 5.134039 1.579186
v 2.753030 5.134039 1.582831
v 2.733258 5.134039 1.593089
v 2.717623 5.134039 1.608955
v 2.675816 5.120204 1.618788
v 2.670934 5.120204 1.651146
v 2.676290 5.120204 1.683430
v 2.691360 5.120204 1.712478
v 2.714670 5.120204 1.735447
v 2.743936 5.120204 1.750090
v 2.776294 5.120204 1.754972
v 2.808578 5.120204 1.749616
v 2.837626 5.120204 1.734545
v 2.860595 5.120204 1.711236
v 2.875238 5.120204 1.681970
v 2.880120 5.120204 1.649612
v 2.874763 5.120204 1.617328
v 2.859693 5.120204 1.588280
v 2.836384 5.120204 1.565311
v 2.807118 5.120204 1.550668
v 2.774760 5.120204 1.545786
v 2.742476 5.120204 1.551142
v 2.713428 5.120204 1.566213
v 2.690458 5.120204 1.589521
v 2.646431 5.101314 1.609478
v 2.640110 5.101314 1.651373
v 2.647045 5.101314 1.693171
v 2.666556 5.101314 1.730779
v 2.696735 5.101314 1.760518
v 2.734625 5.101314 1.779475
v 2.776521 5.101314 1.785796
v 2.818319 5.101314 1.778861
v 2.855927 5.101314 1.759350
v 2.885666 5.101314 1.729171
v 2.904624 5.101314 1.691279
v 2.910945 5.101314 1.649385
v 2.904009 5.101314 1.607587
v 2.884498 5.101314 1.569979
v 2.854319 5.101314 1.540239
v 2.816429 5.101314 1.521282
v 2.774533 5.101314 1.514961
v 2.732736 5.101314 1.521896
v 2.695127 5.101314 1.541408
v 2.665388 5.101314 1.571587
v 2.620224 5.077835 1.601174
v 2.612619 5.077835 1.651574
v 2.620962 5.077835 1.701857
v 2.644434 5.077835 1.747100
v 2.680740 5.077835 1.782876
v 2.726323 5.077835 1.805682
v 2.776722 5.077835 1.813286
v 2.827005 5.077835 1.804943
v 2.872249 5.077835 1.781470
v 2.908024 5.077835 1.745166
v 2.930831 5.077835 1.699583
v 2.938434 5.077835 1.649183
v 2.930091 5.077835 1.598901
v 2.906619 5.077835 1.553657
v 2.870314 5.077835 1.517881
v 2.824731 5.077835 1.495075
v 2.774332 5.077835 1.487472
v 2.724049 5.077835 1.495814
v 2.678805 5.077835 1.519286
v 2.643030 5.077835 1.555592
v 2.597841 5.050344 1.594083
v 2.589141 5.050344 1.651747
v 2.598686 5.050344 1.709276
v 2.625541 5.050344 1.761041
v 2.667079 5.050344 1.801972
v 2.719231 5.050344 1.828065
v 2.776895 5.050344 1.836764
v 2.834425 5.050344 1.827220
v 2.886188 5.050344 1.800365
v 2.927121 5.050344 1.758827
v 2.953213 5.050344 1.706675
v 2.961913 5.050344 1.649011
v 2.952368 5.050344 1.591481
v 2.925512 5.050344 1.539718
v 2.883976 5.050344 1.498785
v 2.831823 5.050344 1.472693
v 2.774159 5.050344 1.463993
v 2.716630 5.050344 1.473538
v 2.664865 5.050344 1.500394
v 2.623933 5.050344 1.541930
v 2.579834 5.019519 1.588378
v 2.570251 5.019519 1.651885
v 2.580764 5.019519 1.715245
v 2.610342 5.019519 1.772255
v 2.656087 5.019519 1.817335
v 2.713526 5.019519 1.846072
v 2.777033 5.019519 1.855654
v 2.840394 5.019519 1.845141
v 2.897403 5.019519 1.815564
v 2.942483 5.019519 1.769817
v 2.971221 5.019519 1.712380
v 2.980802 5.019519 1.648872
v 2.970290 5.019519 1.585512
v 2.940712 5.019519 1.528503
v 2.894966 5.019519 1.483422
v 2.837528 5.019519 1.454685
v 2.774021 5.019519 1.445104
v 2.710661 5.019519 1.455616
v 2.653651 5.019519 1.485193
v 2.608571 5.019519 1.530940
v 2.566644 4.986119 1.584199
v 2.556417 4.986119 1.651986
v 2.567638 4.986119 1.719617
v 2.599208 4.986119 1.780469
v 2.648038 4.986119 1.828588
v 2.709347 4.986119 1.859262
v 2.777135 4.986119 1.869489
v 2.844765 4.986119 1.858268
v 2.905617 4.986119 1.826697
v 2.953736 4.986119 1.777867
v 2.984410 4.986119 1.716559
v 2.994637 4.986119 1.648770
v 2.983416 4.986119 1.581141
v 2.951846 4.986119 1.520289
v 2.903016 4.986119 1.472170
v 2.841707 4.986119 1.441496
v 2.773919 4.986119 1.431269
v 2.706289 4.986119 1.442490
v 2.645437 4.986119 1.474060
v 2.597318 4.986119 1.522890
v 2.558599 4.950965 1.581650
v 2.547977 4.950965 1.652048
v 2.559631 4.950965 1.722283
v 2.592417 4.950965 1.785480
v 2.643128 4.950965 1.835451
v 2.706798 4.950965 1.867307
v 2.777196 4.950965 1.877928
v 2.847432 4.950965 1.866275
v 2.910628 4.950965 1.833489
v 2.960599 4.950965 1.782778
v 2.992455 4.950965 1.719108
v 3.003076 4.950965 1.648709
v 2.991423 4.950965 1.578474
v 2.958637 4.950965 1.515278
v 2.907926 4.950965 1.465306
v 2.844255 4.950965 1.433451
v 2.773857 4.950965 1.422830
v 2.703622 4.950965 1.434483
v 2.640426 4.950965 1.467269
v 2.590454 4.950965 1.517980
v 2.555894 4.914924 1.580793
v 2.545141 4.914924 1.652069
v 2.556940 4.914924 1.723180
v 2.590135 4.914924 1.787164
v 2.641477 4.914924 1.837758
v 2.705942 4.914924 1.870011
v 2.777217 4.914924 1.880765
v 2.848328 4.914924 1.868966
v 2.912312 4.914924 1.835771
v 2.962906 4.914924 1.784429
v 2.995159 4.914924 1.719964
v 3.005912 4.914924 1.648688
v 2.994114 4.914924 1.577578
v 2.960919 4.914924 1.513594
v 2.909576 4.914924 1.462999
v 2.845112 4.914924 1.430746
v 2.773836 4.914924 1.419993
v 2.702726 4.914924 1.431791
v 2.638742 4.914924 1.464987
v 2.588148 4.914924 1.516329
v 2.558599 4.878882 1.581650
v 2.547977 4.878882 1.652048
v 2.559631 4.878882 1.722283
v 2.592417 4.878882 1.785480
v 2.643128 4.878882 1.835451
v 2.706798 4.878882 1.867307
v 2.777196 4.878882 1.877928
v 2.847432 4.878882 1.866275
v 2.910628 4.878882 1.833489
v 2.960599 4.878882 1.782778
v 2.992455 4.878882 1.719108
v 3.003076 4.878882 1.648709
v 2.991423 4.878882 1.578474
v 2.958637 4.878882 1.515278
v 2.907926 4.878882 1.465306
v 2.844255 4.878882 1.433451
v 2.773857 4.878882 1.422830
v 2.703622 4.878882 1.434483
v 2.640426 4.878882 1.467269
v 2.590454 4.878882 1.517980
v 2.566644 4.843728 1.584199
v 2.556417 4.843728 1.651986
v 2.567638 4.843728 1.719617
v 2.599208 4.843728 1.780469
v 2.648038 4.843728 1.828588
v 2.709347 4.843728 1.859262
v 2.777135 4.843728 1.869489
v 2.844765 4.843728 1.858268
v 2.905617 4.843728 1.826697
v 2.953736 4.843728 1.777867
v 2.984410 4.843728 1.716559
v 2.994637 4.843728 1.648770
v 2.983416 4.843728 1.581141
v 2.951846 4.843728 1.520289
v 2.903016 4.843728 1.472170
v 2.841707 4.843728 1.441496
v 2.773919 4.843728 1.431269
v 2.706289 4.843728 1.442490
v 2.645437 4.843728 1.474060
v 2.597318 4.843728 1.522890
v 2.579834 4.810328 1.588378
v 2.570251 4.810328 1.651885
v 2.580764 4.810328 1.715245
v 2.610342 4.810328 1.772255
v 2.656087 4.810328 1.817335
v 2.713526 4.810328 1.846072
v 2.777033 4.810328 1.855654
v 2.840394 4.810328 1.845141
v 2.897403 4.810328 1.815564
v 2.942483 4.810328 1.769817
v 2.971221 4.810328 1.712380
v 2.980802 4.810328 1.648872
v 2.970290 4.810328 1.585512
v 2.940712 4.810328 1.528503
v 2.894966 4.810328 1.483422
v 2.837528 4.810328 1.454685
v 2.774021 4.810328 1.445104
v 2.710661 4.810328 1.455616
v 2.653651 4.810328 1.485193
v 2.608571 4.810328 1.530940
v 2.597841 4.779503 1.594083
v 2.589141 4.779503 1.651747
v 2.598686 4.779503 1.709276
v 2.625541 4.779503 1.761041
v 2.667079 4.779503 1.801972
v 2.719231 4.779503 1.828065
v 2.776895 4.779503 1.836764
v 2.834425 4.779503 1.827220
v 2.886188 4.779503 1.800365
v 2.927121 4.779503 1.758827
v 2.953213 4.779503 1.706675
v 2.961913 4.779503 1.649011
v 2.952368 4.779503 1.591481
v 2.925512 4.779503 1.539718
v 2.883976 4.779503 1.498785
v 2.831823 4.779503 1.472693
v 2.774159 4.779503 1.463993
v 2.716630 4.779503 1.473538
v 2.664865 4.779503 1.500394
v 2.623933 4.779503 1.541930
v 2.620224 4.752012 1.601174
v 2.612619 4.752012 1.651574
v 2.620962 4.752012 1.701857
v 2.644434 4.752012 1.747100
v 2.680740 4.752012 1.782876
v 2.726323 4.752012 1.805682
v 2.776722 4.752012 1.813286
v 2.827005 4.752012 1.804943
v 2.872249 4.752012 1.781470
v 2.908024 4.752012 1.745166
v 2.930831 4.752012 1.699583
v 2.938434 4.752012 1.649183
v 2.930091 4.752012 1.598901
v 2.906619 4.752012 1.553657
v 2.870314 4.752012 1.517881
v 2.824731 4.752012 1.495075
v 2.774332 4.752012 1.487472
v 2.724049 4.752012 1.495814
v 2.678805 4.752012 1.519286
v 2.643030 4.752012 1.555592
v 2.646431 4.728533 1.609478
v 2.640110 4.728533 1.651373
v 2.647045 4.728533 1.693171
v 2.666556 4.728533 1.730779
v 2.696735 4.728533 1.760518
v 2.734625 4.728533 1.779475
v 2.776521 4.728533 1.785796
v 2.818319 4.728533 1.778861
v 2.855927 4.728533 1.759350
v 2.885666 4.728533 1.729171
v 2.904624 4.728533 1.691279
v 2.910945 4.728533 1.649385
v 2.904009 4.728533 1.607587
v 2.884498 4.728533 1.569979
v 2.854319 4.728533 1.540239
v 2.816429 4.728533 1.521282
v 2.774533 4.728533 1.514961
v 2.732736 4.728533 1.521896
v 2.695127 4.728533 1.541408
v 2.665388 4.728533 1.571587
v 2.675816 4.709643 1.618788
v 2.670934 4.709643 1.651146
v 2.676290 4.709643 1.683430
v 2.691360 4.709643 1.712478
v 2.714670 4.709643 1.735447
v 2.743936 4.709643 1.750090
v 2.776294 4.709643 1.754972
v 2.808578 4.709643 1.749616
v 2.837626 4.709643 1.734545
v 2.860595 4.709643 1.711236
v 2.875238 4.709643 1.681970
v 2.880120 4.709643 1.649612
v 2.874763 4.709643 1.617328
v 2.859693 4.709643 1.588280
v 2.836384 4.709643 1.565311
v 2.807118 4.709643 1.550668
v 2.774760 4.709643 1.545786
v 2.742476 4.709643 1.551142
v 2.713428 4.709643 1.566213
v 2.690458 4.709643 1.589521
v 2.707656 4.695808 1.628876
v 2.704334 4.695808 1.650901
v 2.707980 4.695808 1.672875
v 2.718237 4.695808 1.692648
v 2.734104 4.695808 1.708283
v 2.754024 4.695808 1.718248
v 2.776049 4.695808 1.721572
v 2.798024 4.695808 1.717926
v 2.817796 4.695808 1.707668
v 2.833431 4.695808 1.691802
v 2.843397 4.695808 1.671882
v 2.846720 4.695808 1.649857
v 2.843074 4.695808 1.627882
v 2.832817 4.695808 1.608110
v 2.816950 4.695808 1.592475
v 2.797030 4.695808 1.582509
v 2.775005 4.695808 1.579186
v 2.753030 4.695808 1.582831
v 2.733258 4.695808 1.593089
v 2.717623 4.695808 1.608955
v 2.741169 4.687368 1.639493
v 2.739486 4.687368 1.650643
v 2.741333 4.687368 1.661767
v 2.746525 4.687368 1.671777
v 2.754557 4.687368 1.679691
v 2.764641 4.687368 1.684737
v 2.775792 4.687368 1.686420
v 2.786915 4.687368 1.684573
v 2.796925 4.687368 1.679380
v 2.804840 4.687368 1.671349
v 2.809885 4.687368 1.661264
v 2.811567 4.687368 1.650114
v 2.809722 4.687368 1.638990
v 2.804529 4.687368 1.628981
v 2.796497 4.687368 1.621066
v 2.786413 4.687368 1.616021
v 2.775262 4.687368 1.614339
v 2.764139 4.687368 1.616184
v 2.754129 4.687368 1.621377
v 2.746214 4.687368 1.629409
v 2.775527 5.145316 1.650378
v 2.775527 4.684532 1.650378
v 3.343416 5.142479 0.797649
v 3.341734 5.142479 0.808799
v 3.343579 5.142479 0.819923
v 3.348772 5.142479 0.829932
v 3.356803 5.142479 0.837848
v 3.366888 5.142479 0.842893
v 3.378038 5.142479 0.844575
v 3.389163 5.142479 0.842730
v 3.399171 5.142479 0.837536
v 3.407086 5.142479 0.829505
v 3.412132 5.142479 0.819420
v 3.413814 5.142479 0.808271
v 3.411968 5.142479 0.797146
v 3.406775 5.142479 0.787137
v 3.398743 5.142479 0.779222
v 3.388659 5.142479 0.774177
v 3.377509 5.142479 0.772494
v 3.366385 5.142479 0.774340
v 3.356375 5.142479 0.779532
v 3.348461 5.142479 0.787564
v 3.309904 5.134039 0.787031
v 3.306580 5.134039 0.809057
v 3.310226 5.134039 0.831031
v 3.320484 5.134039 0.850803
v 3.336350 5.134039 0.866438
v 3.356270 5.134039 0.876405
v 3.378295 5.134039 0.879727
v 3.400270 5.134039 0.876082
v 3.420043 5.134039 0.865824
v 3.435677 5.134039 0.849958
v 3.445644 5.134039 0.830037
v 3.448967 5.134039 0.808012
v 3.445321 5.134039 0.786038
v 3.435063 5.134039 0.766266
v 3.419197 5.134039 0.750631
v 3.399276 5.134039 0.740665
v 3.377251 5.134039 0.737342
v 3.355277 5.134039 0.740987
v 3.335504 5.134039 0.751246
v 3.319870 5.134039 0.767111
v 3.278062 5.120204 0.776943
v 3.273181 5.120204 0.809302
v 3.278537 5.120204 0.841585
v 3.293607 5.120204 0.870634
v 3.316916 5.120204 0.893603
v 3.346182 5.120204 0.908246
v 3.378542 5.120204 0.913128
v 3.410824 5.120204 0.907771
v 3.439872 5.120204 0.892701
v 3.462843 5.120204 0.869392
v 3.477484 5.120204 0.840125
v 3.482366 5.120204 0.807767
v 3.477010 5.120204 0.775483
v 3.461940 5.120204 0.746435
v 3.438631 5.120204 0.723466
v 3.409364 5.120204 0.708823
v 3.377006 5.120204 0.703941
v 3.344722 5.120204 0.709298
v 3.315674 5.120204 0.724368
v 3.292705 5.120204 0.747678
v 3.248677 5.101314 0.767634
v 3.242356 5.101314 0.809528
v 3.249291 5.101314 0.851326
v 3.268803 5.101314 0.888935
v 3.298981 5.101314 0.918674
v 3.336873 5.101314 0.937631
v 3.378768 5.101314 0.943952
v 3.420565 5.101314 0.937018
v 3.458173 5.101314 0.917505
v 3.487913 5.101314 0.887327
v 3.506870 5.101314 0.849436
v 3.513191 5.101314 0.807541
v 3.506256 5.101314 0.765743
v 3.486744 5.101314 0.728134
v 3.456565 5.101314 0.698396
v 3.418675 5.101314 0.679438
v 3.376780 5.101314 0.673118
v 3.334982 5.101314 0.680052
v 3.297373 5.101314 0.699564
v 3.267635 5.101314 0.729742
v 3.222470 5.077835 0.759331
v 3.214866 5.077835 0.809730
v 3.223209 5.077835 0.860013
v 3.246682 5.077835 0.905256
v 3.282986 5.077835 0.941032
v 3.328569 5.077835 0.963839
v 3.378969 5.077835 0.971442
v 3.429251 5.077835 0.963100
v 3.474495 5.077835 0.939627
v 3.510271 5.077835 0.903322
v 3.533077 5.077835 0.857739
v 3.540680 5.077835 0.807339
v 3.532339 5.077835 0.757056
v 3.508866 5.077835 0.711813
v 3.472560 5.077835 0.676037
v 3.426978 5.077835 0.653232
v 3.376578 5.077835 0.645627
v 3.326295 5.077835 0.653970
v 3.281052 5.077835 0.677443
v 3.245276 5.077835 0.713747
v 3.200087 5.050344 0.752239
v 3.191388 5.050344 0.809902
v 3.200933 5.050344 0.867432
v 3.227788 5.050344 0.919196
v 3.269325 5.050344 0.960128
v 3.321477 5.050344 0.986221
v 3.379141 5.050344 0.994921
v 3.436671 5.050344 0.985375
v 3.488435 5.050344 0.958520
v 3.529367 5.050344 0.916983
v 3.555460 5.050344 0.864830
v 3.564159 5.050344 0.807167
v 3.554615 5.050344 0.749638
v 3.527759 5.050344 0.697873
v 3.486222 5.050344 0.656941
v 3.434069 5.050344 0.630848
v 3.376405 5.050344 0.622149
v 3.318876 5.050344 0.631694
v 3.267112 5.050344 0.658549
v 3.226181 5.050344 0.700087
v 3.182080 5.019519 0.746533
v 3.172498 5.019519 0.810041
v 3.183011 5.019519 0.873401
v 3.212588 5.019519 0.930411
v 3.258335 5.019519 0.975492
v 3.315773 5.019519 1.004229
v 3.379280 5.019519 1.013810
v 3.442640 5.019519 1.003297
v 3.499651 5.019519 0.973721
v 3.544730 5.019519 0.927974
v 3.573467 5.019519 0.870536
v 3.583048 5.019519 0.807028
v 3.572536 5.019519 0.743669
v 3.542959 5.019519 0.686658
v 3.497213 5.019519 0.641578
v 3.439774 5.019519 0.612841
v 3.376267 5.019519 0.603259
v 3.312908 5.019519 0.613772
v 3.255897 5.019519 0.643349
v 3.210817 5.019519 0.689096
v 3.168891 4.986119 0.742355
v 3.158663 4.986119 0.810143
v 3.169884 4.986119 0.877772
v 3.201455 4.986119 0.938625
v 3.250285 4.986119 0.986743
v 3.311594 4.986119 1.017417
v 3.379382 4.986119 1.027644
v 3.447012 4.986119 1.016423
v 3.507864 4.986119 0.984853
v 3.555982 4.986119 0.936023
v 3.586656 4.986119 0.874714
v 3.596883 4.986119 0.806927
v 3.585662 4.986119 0.739297
v 3.554092 4.986119 0.678444
v 3.505262 4.986119 0.630326
v 3.443953 4.986119 0.599652
v 3.376166 4.986119 0.589425
v 3.308536 4.986119 0.600646
v 3.247683 4.986119 0.632217
v 3.199565 4.986119 0.681046
v 3.160845 4.950965 0.739806
v 3.150224 4.950965 0.810205
v 3.161877 4.950965 0.880440
v 3.194664 4.950965 0.943636
v 3.245374 4.950965 0.993608
v 3.309045 4.950965 1.025463
v 3.379444 4.950965 1.036084
v 3.449678 4.950965 1.024431
v 3.512874 4.950965 0.991644
v 3.562847 4.950965 0.940934
v 3.594701 4.950965 0.877263
v 3.605323 4.950965 0.806865
v 3.593669 4.950965 0.736630
v 3.560883 4.950965 0.673433
v 3.510172 4.950965 0.623462
v 3.446502 4.950965 0.591606
v 3.376104 4.950965 0.580985
v 3.305869 4.950965 0.592639
v 3.242672 4.950965 0.625424
v 3.192701 4.950965 0.676135
v 3.158141 4.914924 0.738950
v 3.147388 4.914924 0.810226
v 3.159186 4.914924 0.881335
v 3.192381 4.914924 0.945320
v 3.243724 4.914924 0.995915
v 3.308188 4.914924 1.028167
v 3.379465 4.914924 1.038920
v 3.450574 4.914924 1.027122
v 3.514558 4.914924 0.993927
v 3.565154 4.914924 0.942584
v 3.597406 4.914924 0.878120
v 3.608160 4.914924 0.806844
v 3.596361 4.914924 0.735734
v 3.563165 4.914924 0.671749
v 3.511823 4.914924 0.621155
v 3.447359 4.914924 0.588903
v 3.376083 4.914924 0.578149
v 3.304972 4.914924 0.589948
v 3.240988 4.914924 0.623142
v 3.190394 4.914924 0.674485
v 3.160845 4.878882 0.739806
v 3.150224 4.878882 0.810205
v 3.161877 4.878882 0.880440
v 3.194664 4.878882 0.943636
v 3.245374 4.878882 0.993608
v 3.309045 4.878882 1.025463
v 3.379444 4.878882 1.036084
v 3.449678 4.878882 1.024431
v 3.512874 4.878882 0.991644
v 3.562847 4.878882 0.940934
v 3.594701 4.878882 0.877263
v 3.605323 4.878882 0.806865
v 3.593669 4.878882 0.736630
v 3.560883 4.878882 0.673433
v 3.510172 4.878882 0.623462
v 3.446502 4.878882 0.591606
v 3.376104 4.878882 0.580985
v 3.305869 4.878882 0.592639
v 3.242672 4.878882 0.625424
v 3.192701 4.878882 0.676135
v 3.168891 4.843728 0.742355
v 3.158663 4.843728 0.810143
v 3.169884 4.843728 0.877772
v 3.201455 4.843728 0.938625
v 3.250285 4.843728 0.986743
v 3.311594 4.843728 1.017417
v 3.379382 4.843728 1.027644
v 3.447012 4.843728 1.016423
v 3.507864 4.843728 0.984853
v 3.555982 4.843728 0.936023
v 3.586656 4.843728 0.874714
v 3.596883 4.843728 0.806927
v 3.585662 4.843728 0.739297
v 3.554092 4.843728 0.678444
v 3.505262 4.843728 0.630326
v 3.443953 4.843728 0.599652
v 3.376166 4.843728 0.589425
v 3.308536 4.843728 0.600646
v 3.247683 4.843728 0.632217
v 3.199565 4.843728 0.681046
v 3.182080 4.810328 0.746533
v 3.172498 4.810328 0.810041
v 3.183011 4.810328 0.873401
v 3.212588 4.810328 0.930411
v 3.258335 4.810328 0.975492
v 3.315773 4.810328 1.004229
v 3.379280 4.810328 1.013810
v 3.442640 4.810328 1.003297
v 3.499651 4.810328 0.973721
v 3.544730 4.810328 0.927974
v 3.573467 4.810328 0.870536
v 3.583048 4.810328 0.807028
v 3.572536 4.810328 0.743669
v 3.542959 4.810328 0.686658
v 3.497213 4.810328 0.641578
v 3.439774 4.810328 0.612841
v 3.376267 4.810328 0.603259
v 3.312908 4.810328 0.613772
v 3.255897 4.810328 0.643349
v 3.210817 4.810328 0.689096
v 3.200087 4.779503 0.752239
v 3.191388 4.779503 0.809902
v 3.200933 4.779503 0.867432
v 3.227788 4.779503 0.919196
v 3.269325 4.779503 0.960128
v 3.321477 4.779503 0.986221
v 3.379141 4.779503 0.994921
v 3.436671 4.779503 0.985375
v 3.488435 4.779503 0.958520
v 3.529367 4.779503 0.916983
v 3.555460 4.779503 0.864830
v 3.564159 4.779503 0.807167
v 3.554615 4.779503 0.749638
v 3.527759 4.779503 0.697873
v 3.486222 4.779503 0.656941
v 3.434069 4.779503 0.630848
v 3.376405 4.779503 0.622149
v 3.318876 4.779503 0.631694
v 3.267112 4.779503 0.658549
v 3.226181 4.779503 0.700087
v 3.222470 4.752012 0.759331
v 3.214866 4.752012 0.809730
v 3.223209 4.752012 0.860013
v 3.246682 4.752012 0.905256
v 3.282986 4.752012 0.941032
v 3.328569 4.752012 0.963839
v 3.378969 4.752012 0.971442
v 3.429251 4.752012 0.963100
v 3.474495 4.752012 0.939627
v 3.510271 4.752012 0.903322
v 3.533077 4.752012 0.857739
v 3.540680 4.752012 0.807339
v 3.532339 4.752012 0.757056
v 3.508866 4.752012 0.711813
v 3.472560 4.752012 0.676037
v 3.426978 4.752012 0.653232
v 3.376578 4.752012 0.645627
v 3.326295 4.752012 0.653970
v 3.281052 4.752012 0.677443
v 3.245276 4.752012 0.713747
v 3.248677 4.728533 0.767634
v 3.242356 4.728533 0.809528
v 3.249291 4.728533 0.851326
v 3.268803 4.728533 0.888935
v 3.298981 4.728533 0.918674
v 3.336873 4.728533 0.937631
v 3.378768 4.728533 0.943952
v 3.420565 4.728533 0.937018
v 3.458173 4.728533 0.917505
v 3.487913 4.728533 0.887327
v 3.506870 4.728533 0.849436
v 3.513191 4.728533 0.807541
v 3.506256 4.728533 0.765743
v 3.486744 4.728533 0.728134
v 3.456565 4.728533 0.698396
v 3.418675 4.728533 0.679438
v 3.376780 4.728533 0.673118
v 3.334982 4.728533 0.680052
v 3.297373 4.728533 0.699564
v 3.267635 4.728533 0.729742
v 3.278062 4.709643 0.776943
v 3.273181 4.709643 0.809302
v 3.278537 4.709643 0.841585
v 3.293607 4.709643 0.870634
v 3.316916 4.709643 0.893603
v 3.346182 4.709643 0.908246
v 3.378542 4.709643 0.913128
v 3.410824 4.709643 0.907771
v 3.439872 4.709643 0.892701
v 3.462843 4.709643 0.869392
v 3.477484 4.709643 0.840125
v 3.482366 4.709643 0.807767
v 3.477010 4.709643 0.775483
v 3.461940 4.709643 0.746435
v 3.438631 4.709643 0.723466
v 3.409364 4.709643 0.708823
v 3.377006 4.709643 0.703941
v 3.344722 4.709643 0.709298
v 3.315674 4.709643 0.724368
v 3.292705 4.709643 0.747678
v 3.309904 4.695808 0.787031
v 3.306580 4.695808 0.809057
v 3.310226 4.695808 0.831031
v 3.320484 4.695808 0.850803
v 3.336350 4.695808 0.866438
v 3.356270 4.695808 0.876405
v 3.378295 4.695808 0.879727
v 3.400270 4.695808 0.876082
v 3.420043 4.695808 0.865824
v 3.435677 4.695808 0.849958
v 3.445644 4.695808 0.830037
v 3.448967 4.695808 0.808012
v 3.445321 4.695808 0.786038
v 3.435063 4.695808 0.766266
v 3.419197 4.695808 0.750631
v 3.399276 4.695808 0.740665
v 3.377251 4.695808 0.737342
v 3.355277 4.695808 0.740987
v 3.335504 4.695808 0.751246
v 3.319870 4.695808 0.767111
v 3.343416 4.687368 0.797649
v 3.341734 4.687368 0.808799
v 3.343579 4.687368 0.819923
v 3.348772 4.687368 0.829932
v 3.356803 4.687368 0.837848
v 3.366888 4.687368 0.842893
v 3.378038 4.687368 0.844575
v 3.389163 4.687368 0.842730
v 3.399171 4.687368 0.837536
v 3.407086 4.687368 0.829505
v 3.412132 4.687368 0.819420
v 3.413814 4.687368 0.808271
v 3.411968 4.687368 0.797146
v 3.406775 4.687368 0.787137
v 3.398743 4.687368 0.779222
v 3.388659 4.687368 0.774177
v 3.377509 4.687368 0.772494
v 3.366385 4.687368 0.774340
v 3.356375 4.687368 0.779532
v 3.348461 4.687368 0.787564
v 3.377774 5.145316 0.808535
v 3.377774 4.684532 0.808535
vt 0.375000 0.500000
vt 0.375000 0.312500
vt 0.381250 0.312500
vt 0.381250 0.500000
vt 0.387500 0.500000
vt 0.387500 0.312500
vt 0.393750 0.312500
vt 0.393750 0.500000
vt 0.400000 0.500000
vt 0.400000 0.312500
vt 0.406250 0.312500
vt 0.406250 0.500000
vt 0.412500 0.500000
vt 0.412500 0.312500
vt 0.418750 0.312500
vt 0.418750 0.500000
vt 0.425000 0.500000
vt 0.425000 0.312500
vt 0.431250 0.312500
vt 0.431250 0.500000
vt 0.437500 0.500000
vt 0.437500 0.312500
vt 0.443750 0.312500
vt 0.443750 0.500000
vt 0.450000 0.500000
vt 0.450000 0.312500
vt 0.456250 0.312500
vt 0.456250 0.500000
vt 0.462500 0.500000
vt 0.462500 0.312500
vt 0.468750 0.312500
vt 0.468750 0.500000
vt 0.475000 0.500000
vt 0.475000 0.312500
vt 0.481250 0.312500
vt 0.481250 0.500000
vt 0.487500 0.500000
vt 0.487500 0.312500
vt 0.493750 0.312500
vt 0.493750 0.500000
vt 0.500000 0.500000
vt 0.500000 0.312500
vt 0.506250 0.312500
vt 0.506250 0.500000
vt 0.512500 0.500000
vt 0.512500 0.312500
vt 0.518750 0.312500
vt 0.518750 0.500000
vt 0.525000 0.500000
vt 0.525000 0.312500
vt 0.531250 0.312500
vt 0.531250 0.500000
vt 0.537500 0.500000
vt 0.537500 0.312500
vt 0.543750 0.312500
vt 0.543750 0.500000
vt 0.550000 0.500000
vt 0.550000 0.312500
vt 0.556250 0.312500
vt 0.556250 0.500000
vt 0.562500 0.500000
vt 0.562500 0.312500
vt 0.568750 0.312500
vt 0.568750 0.500000
vt 0.575000 0.500000
vt 0.575000 0.312500
vt 0.581250 0.312500
vt 0.581250 0.500000
vt 0.587500 0.500000
vt 0.587500 0.312500
vt 0.593750 0.312500
vt 0.593750 0.500000
vt 0.600000 0.500000
vt 0.600000 0.312500
vt 0.606250 0.312500
vt 0.606250 0.500000
vt 0.612500 0.500000
vt 0.612500 0.312500
vt 0.618750 0.312500
vt 0.618750 0.500000
vt 0.563205 0.110329
vt 0.626409 0.064408
vt 0.637506 0.086187
vt 0.578053 0.116480
vt 0.545921 0.093046
vt 0.591842 0.029841
vt 0.609125 0.047125
vt 0.561943 0.094307
vt 0.524142 0.081949
vt 0.548284 0.007647
vt 0.570063 0.018744
vt 0.539770 0.078197
vt 0.500000 0.078125
vt 0.500000 -0.000000
vt 0.524142 0.003824
vt 0.513704 0.069727
vt 0.475858 0.081949
vt 0.451716 0.007647
vt 0.475858 0.003824
vt 0.486296 0.069727
vt 0.454079 0.093046
vt 0.408159 0.029841
vt 0.429937 0.018744
vt 0.460230 0.078197
vt 0.436796 0.110329
vt 0.373591 0.064409
vt 0.390875 0.047125
vt 0.438057 0.094307
vt 0.425699 0.132108
vt 0.351397 0.107966
vt 0.362494 0.086187
vt 0.421947 0.116480
vt 0.421875 0.156250
vt 0.343750 0.156250
vt 0.347574 0.132108
vt 0.413477 0.142546
vt 0.425699 0.180392
vt 0.351397 0.204534
vt 0.347574 0.180392
vt 0.413477 0.169954
vt 0.436796 0.202171
vt 0.373591 0.248091
vt 0.362494 0.226313
vt 0.421947 0.196020
vt 0.454079 0.219454
vt 0.408159 0.282659
vt 0.390875 0.265375
vt 0.438057 0.218193
vt 0.475858 0.230551
vt 0.451716 0.304853
vt 0.429937 0.293756
vt 0.460230 0.234303
vt 0.500000 0.234375
vt 0.500000 0.312500
vt 0.475858 0.308676
vt 0.486296 0.242773
vt 0.524142 0.230551
vt 0.548284 0.304853
vt 0.524142 0.308676
vt 0.513704 0.242773
vt 0.545921 0.219454
vt 0.591841 0.282659
vt 0.570063 0.293756
vt 0.539770 0.234303
vt 0.563204 0.202171
vt 0.626409 0.248091
vt 0.609125 0.265375
vt 0.561943 0.218193
vt 0.574301 0.180392
vt 0.648603 0.204534
vt 0.637506 0.226313
vt 0.578053 0.196020
vt 0.578125 0.156250
vt 0.656250 0.156250
vt 0.652426 0.180392
vt 0.586523 0.169954
vt 0.574301 0.132108
vt 0.648603 0.107966
vt 0.652426 0.132108
vt 0.586523 0.142546
vt 0.574301 0.867892
vt 0.648603 0.892034
vt 0.637506 0.913813
vt 0.578053 0.883520
vt 0.563204 0.889671
vt 0.626409 0.935591
vt 0.609125 0.952875
vt 0.561943 0.905694
vt 0.545921 0.906954
vt 0.591841 0.970159
vt 0.570063 0.981256
vt 0.539770 0.921803
vt 0.524142 0.918051
vt 0.548284 0.992353
vt 0.524142 0.996176
vt 0.513704 0.930273
vt 0.500000 0.921875
vt 0.500000 1.000000
vt 0.475858 0.996176
vt 0.486296 0.930273
vt 0.475858 0.918051
vt 0.451716 0.992353
vt 0.429937 0.981256
vt 0.460230 0.921803
vt 0.454079 0.906954
vt 0.408159 0.970159
vt 0.390875 0.952875
vt 0.438057 0.905693
vt 0.436796 0.889671
vt 0.373591 0.935591
vt 0.362494 0.913813
vt 0.421947 0.883520
vt 0.425699 0.867892
vt 0.351397 0.892034
vt 0.347574 0.867892
vt 0.413477 0.857454
vt 0.421875 0.843750
vt 0.343750 0.843750
vt 0.347574 0.819608
vt 0.413477 0.830046
vt 0.425699 0.819608
vt 0.351397 0.795466
vt 0.362494 0.773687
vt 0.421947 0.803980
vt 0.436796 0.797829
vt 0.373591 0.751909
vt 0.390875 0.734625
vt 0.438057 0.781807
vt 0.454079 0.780546
vt 0.408159 0.717341
vt 0.429937 0.706244
vt 0.460230 0.765697
vt 0.475858 0.769449
vt 0.451716 0.695147
vt 0.475858 0.691324
vt 0.486296 0.757227
vt 0.500000 0.765625
vt 0.500000 0.687500
vt 0.524142 0.691324
vt 0.513704 0.757227
vt 0.524142 0.769449
vt 0.548284 0.695147
vt 0.570063 0.706244
vt 0.539770 0.765697
vt 0.545921 0.780545
vt 0.591842 0.717341
vt 0.609125 0.734625
vt 0.561943 0.781806
vt 0.563205 0.797829
vt 0.626409 0.751908
vt 0.637506 0.773687
vt 0.578053 0.803980
vt 0.574301 0.819608
vt 0.648603 0.795466
vt 0.652426 0.819608
vt 0.586523 0.830046
vt 0.578125 0.843750
vt 0.656250 0.843750
vt 0.652426 0.867892
vt 0.586523 0.857454
vt 0.387500 0.687500
vt 0.381250 0.687500
vt 0.375000 0.687500
vt 0.400000 0.687500
vt 0.393750 0.687500
vt 0.412500 0.687500
vt 0.406250 0.687500
vt 0.425000 0.687500
vt 0.418750 0.687500
vt 0.437500 0.687500
vt 0.431250 0.687500
vt 0.450000 0.687500
vt 0.443750 0.687500
vt 0.462500 0.687500
vt 0.456250 0.687500
vt 0.475000 0.687500
vt 0.468750 0.687500
vt 0.487500 0.687500
vt 0.481250 0.687500
vt 0.500000 0.687500
vt 0.493750 0.687500
vt 0.512500 0.687500
vt 0.506250 0.687500
vt 0.525000 0.687500
vt 0.518750 0.687500
vt 0.537500 0.687500
vt 0.531250 0.687500
vt 0.550000 0.687500
vt 0.543750 0.687500
vt 0.562500 0.687500
vt 0.556250 0.687500
vt 0.575000 0.687500
vt 0.568750 0.687500
vt 0.587500 0.687500
vt 0.581250 0.687500
vt 0.600000 0.687500
vt 0.593750 0.687500
vt 0.612500 0.687500
vt 0.606250 0.687500
vt 0.625000 0.312500
vt 0.625000 0.500000
vt 0.625000 0.687500
vt 0.618750 0.687500
vt 0.500000 0.156250
vt 0.500000 0.843750
vt 0.000000 0.000000
vt 0.092753 0.000000
vt 0.092753 0.207173
vt 0.000000 0.207173
vt 0.185505 0.000000
vt 0.185505 0.207173
vt 0.278258 0.000000
vt 0.278258 0.207173
vt 0.371010 0.000000
vt 0.371010 0.207173
vt 0.463763 0.000000
vt 0.463763 0.207173
vt 0.556515 0.000000
vt 0.556515 0.207173
vt 0.649268 0.000000
vt 0.649268 0.207173
vt 0.742020 0.000000
vt 0.742020 0.207173
vt 0.092753 0.408893
vt 0.000000 0.408893
vt 0.185505 0.408893
vt 0.278258 0.408893
vt 0.371010 0.408893
vt 0.463763 0.408893
vt 0.556515 0.408893
vt 0.649268 0.408893
vt 0.742020 0.408893
vt 0.092753 0.596596
vt 0.000000 0.596596
vt 0.185505 0.596596
vt 0.278258 0.596596
vt 0.371010 0.596596
vt 0.463763 0.596596
vt 0.556515 0.596596
vt 0.649268 0.596596
vt 0.742020 0.596596
vt 0.092753 0.732028
vt 0.000000 0.732028
vt 0.185505 0.732028
vt 0.278258 0.732028
vt 0.371010 0.732028
vt 0.463763 0.732028
vt 0.556515 0.732028
vt 0.649268 0.732028
vt 0.742020 0.732028
vt 0.092753 0.828802
vt 0.000000 0.828802
vt 0.185505 0.828802
vt 0.278258 0.828802
vt 0.371010 0.828802
vt 0.463763 0.828802
vt 0.556515 0.828802
vt 0.649268 0.828802
vt 0.742020 0.828802
vt 0.092753 1.000000
vt 0.000000 1.000000
vt 0.185505 1.000000
vt 0.278258 1.000000
vt 0.371010 1.000000
vt 0.463763 1.000000
vt 0.556515 1.000000
vt 0.649268 1.000000
vt 0.742020 1.000000
vt 0.000000 0.000000
vt 0.092753 0.000000
vt 0.092753 0.207173
vt 0.000000 0.207173
vt 0.185505 0.000000
vt 0.185505 0.207173
vt 0.278258 0.000000
vt 0.278258 0.207173
vt 0.371010 0.000000
vt 0.371010 0.207173
vt 0.463763 0.000000
vt 0.463763 0.207173
vt 0.556515 0.000000
vt 0.556515 0.207173
vt 0.649268 0.000000
vt 0.649268 0.207173
vt 0.742020 0.000000
vt 0.742020 0.207173
vt 0.092753 0.408893
vt 0.000000 0.408893
vt 0.185505 0.408893
vt 0.278258 0.408893
vt 0.371010 0.408893
vt 0.463763 0.408893
vt 0.556515 0.408893
vt 0.649268 0.408893
vt 0.742020 0.408893
vt 0.092753 0.596596
vt 0.000000 0.596596
vt 0.185505 0.596596
vt 0.278258 0.596596
vt 0.371010 0.596596
vt 0.463763 0.596596
vt 0.556515 0.596596
vt 0.649268 0.596596
vt 0.742020 0.596596
vt 0.092753 0.732028
vt 0.000000 0.732028
vt 0.185505 0.732028
vt 0.278258 0.732028
vt 0.371010 0.732028
vt 0.463763 0.732028
vt 0.556515 0.732028
vt 0.649268 0.732028
vt 0.742020 0.732028
vt 0.092753 0.828802
vt 0.000000 0.828802
vt 0.185505 0.828802
vt 0.278258 0.828802
vt 0.371010 0.828802
vt 0.463763 0.828802
vt 0.556515 0.828802
vt 0.649268 0.828802
vt 0.742020 0.828802
vt 0.092753 1.000000
vt 0.000000 1.000000
vt 0.185505 1.000000
vt 0.278258 1.000000
vt 0.371010 1.000000
vt 0.463763 1.000000
vt 0.556515 1.000000
vt 0.649268 1.000000
vt 0.742020 1.000000
vt 0.375000 0.500000
vt 0.375000 0.312500
vt 0.381250 0.312500
vt 0.381250 0.500000
vt 0.387500 0.500000
vt 0.387500 0.312500
vt 0.393750 0.312500
vt 0.393750 0.500000
vt 0.400000 0.500000
vt 0.400000 0.312500
vt 0.406250 0.312500
vt 0.406250 0.500000
vt 0.412500 0.500000
vt 0.412500 0.312500
vt 0.418750 0.312500
vt 0.418750 0.500000
vt 0.425000 0.500000
vt 0.425000 0.312500
vt 0.431250 0.312500
vt 0.431250 0.500000
vt 0.437500 0.500000
vt 0.437500 0.312500
vt 0.443750 0.312500
vt 0.443750 0.500000
vt 0.450000 0.500000
vt 0.450000 0.312500
vt 0.456250 0.312500
vt 0.456250 0.500000
vt 0.462500 0.500000
vt 0.462500 0.312500
vt 0.468750 0.312500
vt 0.468750 0.500000
vt 0.475000 0.500000
vt 0.475000 0.312500
vt 0.481250 0.312500
vt 0.481250 0.500000
vt 0.487500 0.500000
vt 0.487500 0.312500
vt 0.493750 0.312500
vt 0.493750 0.500000
vt 0.500000 0.500000
vt 0.500000 0.312500
vt 0.506250 0.312500
vt 0.506250 0.500000
vt 0.512500 0.500000
vt 0.512500 0.312500
vt 0.518750 0.312500
vt 0.518750 0.500000
vt 0.525000 0.500000
vt 0.525000 0.312500
vt 0.531250 0.312500
vt 0.531250 0.500000
vt 0.537500 0.500000
vt 0.537500 0.312500
vt 0.543750 0.312500
vt 0.543750 0.500000
vt 0.550000 0.500000
vt 0.550000 0.312500
vt 0.556250 0.312500
vt 0.556250 0.500000
vt 0.562500 0.500000
vt 0.562500 0.312500
vt 0.568750 0.312500
vt 0.568750 0.500000
vt 0.575000 0.500000
vt 0.575000 0.312500
vt 0.581250 0.312500
vt 0.581250 0.500000
vt 0.587500 0.500000
vt 0.587500 0.312500
vt 0.593750 0.312500
vt 0.593750 0.500000
vt 0.600000 0.500000
vt 0.600000 0.312500
vt 0.606250 0.312500
vt 0.606250 0.500000
vt 0.612500 0.500000
vt 0.612500 0.312500
vt 0.618750 0.312500
vt 0.618750 0.500000
vt 0.563205 0.110329
vt 0.626409 0.064408
vt 0.637506 0.086187
vt 0.578053 0.116480
vt 0.545921 0.093046
vt 0.591842 0.029841
vt 0.609125 0.047125
vt 0.561943 0.094307
vt 0.524142 0.081949
vt 0.548284 0.007647
vt 0.570063 0.018744
vt 0.539770 0.078197
vt 0.500000 0.078125
vt 0.500000 -0.000000
vt 0.524142 0.003824
vt 0.513704 0.069727
vt 0.475858 0.081949
vt 0.451716 0.007647
vt 0.475858 0.003824
vt 0.486296 0.069727
vt 0.454079 0.093046
vt 0.408159 0.029841
vt 0.429937 0.018744
vt 0.460230 0.078197
vt 0.436796 0.110329
vt 0.373591 0.064409
vt 0.390875 0.047125
vt 0.438057 0.094307
vt 0.425699 0.132108
vt 0.351397 0.107966
vt 0.362494 0.086187
vt 0.421947 0.116480
vt 0.421875 0.156250
vt 0.343750 0.156250
vt 0.347574 0.132108
vt 0.413477 0.142546
vt 0.425699 0.180392
vt 0.351397 0.204534
vt 0.347574 0.180392
vt 0.413477 0.169954
vt 0.436796 0.202171
vt 0.373591 0.248091
vt 0.362494 0.226313
vt 0.421947 0.196020
vt 0.454079 0.219454
vt 0.408159 0.282659
vt 0.390875 0.265375
vt 0.438057 0.218193
vt 0.475858 0.230551
vt 0.451716 0.304853
vt 0.429937 0.293756
vt 0.460230 0.234303
vt 0.500000 0.234375
vt 0.500000 0.312500
vt 0.475858 0.308676
vt 0.486296 0.242773
vt 0.524142 0.230551
vt 0.548284 0.304853
vt 0.524142 0.308676
vt 0.513704 0.242773
vt 0.545921 0.219454
vt 0.591841 0.282659
vt 0.570063 0.293756
vt 0.539770 0.234303
vt 0.563204 0.202171
vt 0.626409 0.248091
vt 0.609125 0.265375
vt 0.561943 0.218193
vt 0.574301 0.180392
vt 0.648603 0.204534
vt 0.637506 0.226313
vt 0.578053 0.196020
vt 0.578125 0.156250
vt 0.656250 0.156250
vt 0.652426 0.180392
vt 0.586523 0.169954
vt 0.574301 0.132108
vt 0.648603 0.107966
vt 0.652426 0.132108
vt 0.586523 0.142546
vt 0.574301 0.867892
vt 0.648603 0.892034
vt 0.637506 0.913813
vt 0.578053 0.883520
vt 0.563204 0.889671
vt 0.626409 0.935591
vt 0.609125 0.952875
vt 0.561943 0.905694
vt 0.545921 0.906954
vt 0.591841 0.970159
vt 0.570063 0.981256
vt 0.539770 0.921803
vt 0.524142 0.918051
vt 0.548284 0.992353
vt 0.524142 0.996176
vt 0.513704 0.930273
vt 0.500000 0.921875
vt 0.500000 1.000000
vt 0.475858 0.996176
vt 0.486296 0.930273
vt 0.475858 0.918051
vt 0.451716 0.992353
vt 0.429937 0.981256
vt 0.460230 0.921803
vt 0.454079 0.906954
vt 0.408159 0.970159
vt 0.390875 0.952875
vt 0.438057 0.905693
vt 0.436796 0.889671
vt 0.373591 0.935591
vt 0.362494 0.913813
vt 0.421947 0.883520
vt 0.425699 0.867892
vt 0.351397 0.892034
vt 0.347574 0.867892
vt 0.413477 0.857454
vt 0.421875 0.843750
vt 0.343750 0.843750
vt 0.347574 0.819608
vt 0.413477 0.830046
vt 0.425699 0.819608
vt 0.351397 0.795466
vt 0.362494 0.773687
vt 0.421947 0.803980
vt 0.436796 0.797829
vt 0.373591 0.751909
vt 0.390875 0.734625
vt 0.438057 0.781807
vt 0.454079 0.780546
vt 0.408159 0.717341
vt 0.429937 0.706244
vt 0.460230 0.765697
vt 0.475858 0.769449
vt 0.451716 0.695147
vt 0.475858 0.691324
vt 0.486296 0.757227
vt 0.500000 0.765625
vt 0.500000 0.687500
vt 0.524142 0.691324
vt 0.513704 0.757227
vt 0.524142 0.769449
vt 0.548284 0.695147
vt 0.570063 0.706244
vt 0.539770 0.765697
vt 0.545921 0.780545
vt 0.591842 0.717341
vt 0.609125 0.734625
vt 0.561943 0.781806
vt 0.563205 0.797829
vt 0.626409 0.751908
vt 0.637506 0.773687
vt 0.578053 0.803980
vt 0.574301 0.819608
vt 0.648603 0.795466
vt 0.652426 0.819608
vt 0.586523 0.830046
vt 0.578125 0.843750
vt 0.656250 0.843750
vt 0.652426 0.867892
vt 0.586523 0.857454
vt 0.387500 0.687500
vt 0.381250 0.687500
vt 0.375000 0.687500
vt 0.400000 0.687500
vt 0.393750 0.687500
vt 0.412500 0.687500
vt 0.406250 0.687500
vt 0.425000 0.687500
vt 0.418750 0.687500
vt 0.437500 0.687500
vt 0.431250 0.687500
vt 0.450000 0.687500
vt 0.443750 0.687500
vt 0.462500 0.687500
vt 0.456250 0.687500
vt 0.475000 0.687500
vt 0.468750 0.687500
vt 0.487500 0.687500
vt 0.481250 0.687500
vt 0.500000 0.687500
vt 0.493750 0.687500
vt 0.512500 0.687500
vt 0.506250 0.687500
vt 0.525000 0.687500
vt 0.518750 0.687500
vt 0.537500 0.687500
vt 0.531250 0.687500
vt 0.550000 0.687500
vt 0.543750 0.687500
vt 0.562500 0.687500
vt 0.556250 0.687500
vt 0.575000 0.687500
vt 0.568750 0.687500
vt 0.587500 0.687500
vt 0.581250 0.687500
vt 0.600000 0.687500
vt 0.593750 0.687500
vt 0.612500 0.687500
vt 0.606250 0.687500
vt 0.625000 0.312500
vt 0.625000 0.500000
vt 0.625000 0.687500
vt 0.618750 0.687500
vt 0.500000 0.156250
vt 0.500000 0.843750
vt 0.375000 0.500000
vt 0.375000 0.312500
vt 0.381250 0.312500
vt 0.381250 0.500000
vt 0.387500 0.500000
vt 0.387500 0.312500
vt 0.393750 0.312500
vt 0.393750 0.500000
vt 0.400000 0.500000
vt 0.400000 0.312500
vt 0.406250 0.312500
vt 0.406250 0.500000
vt 0.412500 0.500000
vt 0.412500 0.312500
vt 0.418750 0.312500
vt 0.418750 0.500000
vt 0.425000 0.500000
vt 0.425000 0.312500
vt 0.431250 0.312500
vt 0.431250 0.500000
vt 0.437500 0.500000
vt 0.437500 0.312500
vt 0.443750 0.312500
vt 0.443750 0.500000
vt 0.450000 0.500000
vt 0.450000 0.312500
vt 0.456250 0.312500
vt 0.456250 0.500000
vt 0.462500 0.500000
vt 0.462500 0.312500
vt 0.468750 0.312500
vt 0.468750 0.500000
vt 0.475000 0.500000
vt 0.475000 0.312500
vt 0.481250 0.312500
vt 0.481250 0.500000
vt 0.487500 0.500000
vt 0.487500 0.312500
vt 0.493750 0.312500
vt 0.493750 0.500000
vt 0.500000 0.500000
vt 0.500000 0.312500
vt 0.506250 0.312500
vt 0.506250 0.500000
vt 0.512500 0.500000
vt 0.512500 0.312500
vt 0.518750 0.312500
vt 0.518750 0.500000
vt 0.525000 0.500000
vt 0.525000 0.312500
vt 0.531250 0.312500
vt 0.531250 0.500000
vt 0.537500 0.500000
vt 0.537500 0.312500
vt 0.543750 0.312500
vt 0.543750 0.500000
vt 0.550000 0.500000
vt 0.550000 0.312500
vt 0.556250 0.312500
vt 0.556250 0.500000
vt 0.562500 0.500000
vt 0.562500 0.312500
vt 0.568750 0.312500
vt 0.568750 0.500000
vt 0.575000 0.500000
vt 0.575000 0.312500
vt 0.581250 0.312500
vt 0.581250 0.500000
vt 0.587500 0.500000
vt 0.587500 0.312500
vt 0.593750 0.312500
vt 0.593750 0.500000
vt 0.600000 0.500000
vt 0.600000 0.312500
vt 0.606250 0.312500
vt 0.606250 0.500000
vt 0.612500 0.500000
vt 0.612500 0.312500
vt 0.618750 0.312500
vt 0.618750 0.500000
vt 0.563205 0.110329
vt 0.626409 0.064408
vt 0.637506 0.086187
vt 0.578053 0.116480
vt 0.545921 0.093046
vt 0.591842 0.029841
vt 0.609125 0.047125
vt 0.561943 0.094307
vt 0.524142 0.081949
vt 0.548284 0.007647
vt 0.570063 0.018744
vt 0.539770 0.078197
vt 0.500000 0.078125
vt 0.500000 -0.000000
vt 0.524142 0.003824
vt 0.513704 0.069727
vt 0.475858 0.081949
vt 0.451716 0.007647
vt 0.475858 0.003824
vt 0.486296 0.069727
vt 0.454079 0.093046
vt 0.408159 0.029841
vt 0.429937 0.018744
vt 0.460230 0.078197
vt 0.436796 0.110329
vt 0.373591 0.064409
vt 0.390875 0.047125
vt 0.438057 0.094307
vt 0.425699 0.132108
vt 0.351397 0.107966
vt 0.362494 0.086187
vt 0.421947 0.116480
vt 0.421875 0.156250
vt 0.343750 0.156250
vt 0.347574 0.132108
vt 0.413477 0.142546
vt 0.425699 0.180392
vt 0.351397 0.204534
vt 0.347574 0.180392
vt 0.413477 0.169954
vt 0.436796 0.202171
vt 0.373591 0.248091
vt 0.362494 0.226313
vt 0.421947 0.196020
vt 0.454079 0.219454
vt 0.408159 0.282659
vt 0.390875 0.265375
vt 0.438057 0.218193
vt 0.475858 0.230551
vt 0.451716 0.304853
vt 0.429937 0.293756
vt 0.460230 0.234303
vt 0.500000 0.234375
vt 0.500000 0.312500
vt 0.475858 0.308676
vt 0.486296 0.242773
vt 0.524142 0.230551
vt 0.548284 0.304853
vt 0.524142 0.308676
vt 0.513704 0.242773
vt 0.545921 0.219454
vt 0.591841 0.282659
vt 0.570063 0.293756
vt 0.539770 0.234303
vt 0.563204 0.202171
vt 0.626409 0.248091
vt 0.609125 0.265375
vt 0.561943 0.218193
vt 0.574301 0.180392
vt 0.648603 0.204534
vt 0.637506 0.226313
vt 0.578053 0.196020
vt 0.578125 0.156250
vt 0.656250 0.156250
vt 0.652426 0.180392
vt 0.586523 0.169954
vt 0.574301 0.132108
vt 0.648603 0.107966
vt 0.652426 0.132108
vt 0.586523 0.142546
vt 0.574301 0.867892
vt 0.648603 0.892034
vt 0.637506 0.913813
vt 0.578053 0.883520
vt 0.563204 0.889671
vt 0.626409 0.935591
vt 0.609125 0.952875
vt 0.561943 0.905694
vt 0.545921 0.906954
vt 0.591841 0.970159
vt 0.570063 0.981256
vt 0.539770 0.921803
vt 0.524142 0.918051
vt 0.548284 0.992353
vt 0.524142 0.996176
vt 0.513704 0.930273
vt 0.500000 0.921875
vt 0.500000 1.000000
vt 0.475858 0.996176
vt 0.486296 0.930273
vt 0.475858 0.918051
vt 0.451716 0.992353
vt 0.429937 0.981256
vt 0.460230 0.921803
vt 0.454079 0.906954
vt 0.408159 0.970159
vt 0.390875 0.952875
vt 0.438057 0.905693
vt 0.436796 0.889671
vt 0.373591 0.935591
vt 0.362494 0.913813
vt 0.421947 0.883520
vt 0.425699 0.867892
vt 0.351397 0.892034
vt 0.347574 0.867892
vt 0.413477 0.857454
vt 0.421875 0.843750
vt 0.343750 0.843750
vt 0.347574 0.819608
vt 0.413477 0.830046
vt 0.425699 0.819608
vt 0.351397 0.795466
vt 0.362494 0.773687
vt 0.421947 0.803980
vt 0.436796 0.797829
vt 0.373591 0.751909
vt 0.390875 0.734625
vt 0.438057 0.781807
vt 0.454079 0.780546
vt 0.408159 0.717341
vt 0.429937 0.706244
vt 0.460230 0.765697
vt 0.475858 0.769449
vt 0.451716 0.695147
vt 0.475858 0.691324
vt 0.486296 0.757227
vt 0.500000 0.765625
vt 0.500000 0.687500
vt 0.524142 0.691324
vt 0.513704 0.757227
vt 0.524142 0.769449
vt 0.548284 0.695147
vt 0.570063 0.706244
vt 0.539770 0.765697
vt 0.545921 0.780545
vt 0.591842 0.717341
vt 0.609125 0.734625
vt 0.561943 0.781806
vt 0.563205 0.797829
vt 0.626409 0.751908
vt 0.637506 0.773687
vt 0.578053 0.803980
vt 0.574301 0.819608
vt 0.648603 0.795466
vt 0.652426 0.819608
vt 0.586523 0.830046
vt 0.578125 0.843750
vt 0.656250 0.843750
vt 0.652426 0.867892
vt 0.586523 0.857454
vt 0.387500 0.687500
vt 0.381250 0.687500
vt 0.375000 0.687500
vt 0.400000 0.687500
vt 0.393750 0.687500
vt 0.412500 0.687500
vt 0.406250 0.687500
vt 0.425000 0.687500
vt 0.418750 0.687500
vt 0.437500 0.687500
vt 0.431250 0.687500
vt 0.450000 0.687500
vt 0.443750 0.687500
vt 0.462500 0.687500
vt 0.456250 0.687500
vt 0.475000 0.687500
vt 0.468750 0.687500
vt 0.487500 0.687500
vt 0.481250 0.687500
vt 0.500000 0.687500
vt 0.493750 0.687500
vt 0.512500 0.687500
vt 0.506250 0.687500
vt 0.525000 0.687500
vt 0.518750 0.687500
vt 0.537500 0.687500
vt 0.531250 0.687500
vt 0.550000 0.687500
vt 0.543750 0.687500
vt 0.562500 0.687500
vt 0.556250 0.687500
vt 0.575000 0.687500
vt 0.568750 0.687500
vt 0.587500 0.687500
vt 0.581250 0.687500
vt 0.600000 0.687500
vt 0.593750 0.687500
vt 0.612500 0.687500
vt 0.606250 0.687500
vt 0.625000 0.312500
vt 0.625000 0.500000
vt 0.625000 0.687500
vt 0.618750 0.687500
vt 0.500000 0.156250
vt 0.500000 0.843750
vt 0.375000 0.500000
vt 0.375000 0.312500
vt 0.381250 0.312500
vt 0.381250 0.500000
vt 0.387500 0.500000
vt 0.387500 0.312500
vt 0.393750 0.312500
vt 0.393750 0.500000
vt 0.400000 0.500000
vt 0.400000 0.312500
vt 0.406250 0.312500
vt 0.406250 0.500000
vt 0.412500 0.500000
vt 0.412500 0.312500
vt 0.418750 0.312500
vt 0.418750 0.500000
vt 0.425000 0.500000
vt 0.425000 0.312500
vt 0.431250 0.312500
vt 0.431250 0.500000
vt 0.437500 0.500000
vt 0.437500 0.312500
vt 0.443750 0.312500
vt 0.443750 0.500000
vt 0.450000 0.500000
vt 0.450000 0.312500
vt 0.456250 0.312500
vt 0.456250 0.500000
vt 0.462500 0.500000
vt 0.462500 0.312500
vt 0.468750 0.312500
vt 0.468750 0.500000
vt 0.475000 0.500000
vt 0.475000 0.312500
vt 0.481250 0.312500
vt 0.481250 0.500000
vt 0.487500 0.500000
vt 0.487500 0.312500
vt 0.493750 0.312500
vt 0.493750 0.500000
vt 0.500000 0.500000
vt 0.500000 0.312500
vt 0.506250 0.312500
vt 0.506250 0.500000
vt 0.512500 0.500000
vt 0.512500 0.312500
vt 0.518750 0.312500
vt 0.518750 0.500000
vt 0.525000 0.500000
vt 0.525000 0.312500
vt 0.531250 0.312500
vt 0.531250 0.500000
vt 0.537500 0.500000
vt 0.537500 0.312500
vt 0.543750 0.312500
vt 0.543750 0.500000
vt 0.550000 0.500000
vt 0.550000 0.312500
vt 0.556250 0.312500
vt 0.556250 0.500000
vt 0.562500 0.500000
vt 0.562500 0.312500
vt 0.568750 0.312500
vt 0.568750 0.500000
vt 0.575000 0.500000
vt 0.575000 0.312500
vt 0.581250 0.312500
vt 0.581250 0.500000
vt 0.587500 0.500000
vt 0.587500 0.312500
vt 0.593750 0.312500
vt 0.593750 0.500000
vt 0.600000 0.500000
vt 0.600000 0.312500
vt 0.606250 0.312500
vt 0.606250 0.500000
vt 0.612500 0.500000
vt 0.612500 0.312500
vt 0.618750 0.312500
vt 0.618750 0.500000
vt 0.563205 0.110329
vt 0.626409 0.064408
vt 0.637506 0.086187
vt 0.578053 0.116480
vt 0.545921 0.093046
vt 0.591842 0.029841
vt 0.609125 0.047125
vt 0.561943 0.094307
vt 0.524142 0.081949
vt 0.548284 0.007647
vt 0.570063 0.018744
vt 0.539770 0.078197
vt 0.500000 0.078125
vt 0.500000 -0.000000
vt 0.524142 0.003824
vt 0.513704 0.069727
vt 0.475858 0.081949
vt 0.451716 0.007647
vt 0.475858 0.003824
vt 0.486296 0.069727
vt 0.454079 0.093046
vt 0.408159 0.029841
vt 0.429937 0.018744
vt 0.460230 0.078197
vt 0.436796 0.110329
vt 0.373591 0.064409
vt 0.390875 0.047125
vt 0.438057 0.094307
vt 0.425699 0.132108
vt 0.351397 0.107966
vt 0.362494 0.086187
vt 0.421947 0.116480
vt 0.421875 0.156250
vt 0.343750 0.156250
vt 0.347574 0.132108
vt 0.413477 0.142546
vt 0.425699 0.180392
vt 0.351397 0.204534
vt 0.347574 0.180392
vt 0.413477 0.169954
vt 0.436796 0.202171
vt 0.373591 0.248091
vt 0.362494 0.226313
vt 0.421947 0.196020
vt 0.454079 0.219454
vt 0.408159 0.282659
vt 0.390875 0.265375
vt 0.438057 0.218193
vt 0.475858 0.230551
vt 0.451716 0.304853
vt 0.429937 0.293756
vt 0.460230 0.234303
vt 0.500000 0.234375
vt 0.500000 0.312500
vt 0.475858 0.308676
vt 0.486296 0.242773
vt 0.524142 0.230551
vt 0.548284 0.304853
vt 0.524142 0.308676
vt 0.513704 0.242773
vt 0.545921 0.219454
vt 0.591841 0.282659
vt 0.570063 0.293756
vt 0.539770 0.234303
vt 0.563204 0.202171
vt 0.626409 0.248091
vt 0.609125 0.265375
vt 0.561943 0.218193
vt 0.574301 0.180392
vt 0.648603 0.204534
vt 0.637506 0.226313
vt 0.578053 0.196020
vt 0.578125 0.156250
vt 0.656250 0.156250
vt 0.652426 0.180392
vt 0.586523 0.169954
vt 0.574301 0.132108
vt 0.648603 0.107966
vt 0.652426 0.132108
vt 0.586523 0.142546
vt 0.574301 0.867892
vt 0.648603 0.892034
vt 0.637506 0.913813
vt 0.578053 0.883520
vt 0.563204 0.889671
vt 0.626409 0.935591
vt 0.609125 0.952875
vt 0.561943 0.905694
vt 0.545921 0.906954
vt 0.591841 0.970159
vt 0.570063 0.981256
vt 0.539770 0.921803
vt 0.524142 0.918051
vt 0.548284 0.992353
vt 0.524142 0.996176
vt 0.513704 0.930273
vt 0.500000 0.921875
vt 0.500000 1.000000
vt 0.475858 0.996176
vt 0.486296 0.930273
vt 0.475858 0.918051
vt 0.451716 0.992353
vt 0.429937 0.981256
vt 0.460230 0.921803
vt 0.454079 0.906954
vt 0.408159 0.970159
vt 0.390875 0.952875
vt 0.438057 0.905693
vt 0.436796 0.889671
vt 0.373591 0.935591
vt 0.362494 0.913813
vt 0.421947 0.883520
vt 0.425699 0.867892
vt 0.351397 0.892034
vt 0.347574 0.867892
vt 0.413477 0.857454
vt 0.421875 0.843750
vt 0.343750 0.843750
vt 0.347574 0.819608
vt 0.413477 0.830046
vt 0.425699 0.819608
vt 0.351397 0.795466
vt 0.362494 0.773687
vt 0.421947 0.803980
vt 0.436796 0.797829
vt 0.373591 0.751909
vt 0.390875 0.734625
vt 0.438057 0.781807
vt 0.454079 0.780546
vt 0.408159 0.717341
vt 0.429937 0.706244
vt 0.460230 0.765697
vt 0.475858 0.769449
vt 0.451716 0.695147
vt 0.475858 0.691324
vt 0.486296 0.757227
vt 0.500000 0.765625
vt 0.500000 0.687500
vt 0.524142 0.691324
vt 0.513704 0.757227
vt 0.524142 0.769449
vt 0.548284 0.695147
vt 0.570063 0.706244
vt 0.539770 0.765697
vt 0.545921 0.780545
vt 0.591842 0.717341
vt 0.609125 0.734625
vt 0.561943 0.781806
vt 0.563205 0.797829
vt 0.626409 0.751908
vt 0.637506 0.773687
vt 0.578053 0.803980
vt 0.574301 0.819608
vt 0.648603 0.795466
vt 0.652426 0.819608
vt 0.586523 0.830046
vt 0.578125 0.843750
vt 0.656250 0.843750
vt 0.652426 0.867892
vt 0.586523 0.857454
vt 0.387500 0.687500
vt 0.381250 0.687500
vt 0.375000 0.687500
vt 0.400000 0.687500
vt 0.393750 0.687500
vt 0.412500 0.687500
vt 0.406250 0.687500
vt 0.425000 0.687500
vt 0.418750 0.687500
vt 0.437500 0.687500
vt 0.431250 0.687500
vt 0.450000 0.687500
vt 0.443750 0.687500
vt 0.462500 0.687500
vt 0.456250 0.687500
vt 0.475000 0.687500
vt 0.468750 0.687500
vt 0.487500 0.687500
vt 0.481250 0.687500
vt 0.500000 0.687500
vt 0.493750 0.687500
vt 0.512500 0.687500
vt 0.506250 0.687500
vt 0.525000 0.687500
vt 0.518750 0.687500
vt 0.537500 0.687500
vt 0.531250 0.687500
vt 0.550000 0.687500
vt 0.543750 0.687500
vt 0.562500 0.687500
vt 0.556250 0.687500
vt 0.575000 0.687500
vt 0.568750 0.687500
vt 0.587500 0.687500
vt 0.581250 0.687500
vt 0.600000 0.687500
vt 0.593750 0.687500
vt 0.612500 0.687500
vt 0.606250 0.687500
vt 0.625000 0.312500
vt 0.625000 0.500000
vt 0.625000 0.687500
vt 0.618750 0.687500
vt 0.500000 0.156250
vt 0.500000 0.843750
vt 0.375000 0.500000
vt 0.375000 0.312500
vt 0.381250 0.312500
vt 0.381250 0.500000
vt 0.387500 0.500000
vt 0.387500 0.312500
vt 0.393750 0.312500
vt 0.393750 0.500000
vt 0.400000 0.500000
vt 0.400000 0.312500
vt 0.406250 0.312500
vt 0.406250 0.500000
vt 0.412500 0.500000
vt 0.412500 0.312500
vt 0.418750 0.312500
vt 0.418750 0.500000
vt 0.425000 0.500000
vt 0.425000 0.312500
vt 0.431250 0.312500
vt 0.431250 0.500000
vt 0.437500 0.500000
vt 0.437500 0.312500
vt 0.443750 0.312500
vt 0.443750 0.500000
vt 0.450000 0.500000
vt 0.450000 0.312500
vt 0.456250 0.312500
vt 0.456250 0.500000
vt 0.462500 0.500000
vt 0.462500 0.312500
vt 0.468750 0.312500
vt 0.468750 0.500000
vt 0.475000 0.500000
vt 0.475000 0.312500
vt 0.481250 0.312500
vt 0.481250 0.500000
vt 0.487500 0.500000
vt 0.487500 0.312500
vt 0.493750 0.312500
vt 0.493750 0.500000
vt 0.500000 0.500000
vt 0.500000 0.312500
vt 0.506250 0.312500
vt 0.506250 0.500000
vt 0.512500 0.500000
vt 0.512500 0.312500
vt 0.518750 0.312500
vt 0.518750 0.500000
vt 0.525000 0.500000
vt 0.525000 0.312500
vt 0.531250 0.312500
vt 0.531250 0.500000
vt 0.537500 0.500000
vt 0.537500 0.312500
vt 0.543750 0.312500
vt 0.543750 0.500000
vt 0.550000 0.500000
vt 0.550000 0.312500
vt 0.556250 0.312500
vt 0.556250 0.500000
vt 0.562500 0.500000
vt 0.562500 0.312500
vt 0.568750 0.312500
vt 0.568750 0.500000
vt 0.575000 0.500000
vt 0.575000 0.312500
vt 0.581250 0.312500
vt 0.581250 0.500000
vt 0.587500 0.500000
vt 0.587500 0.312500
vt 0.593750 0.312500
vt 0.593750 0.500000
vt 0.600000 0.500000
vt 0.600000 0.312500
vt 0.606250 0.312500
vt 0.606250 0.500000
vt 0.612500 0.500000
vt 0.612500 0.312500
vt 0.618750 0.312500
vt 0.618750 0.500000
vt 0.563205 0.110329
vt 0.626409 0.064408
vt 0.637506 0.086187
vt 0.578053 0.116480
vt 0.545921 0.093046
vt 0.591842 0.029841
vt 0.609125 0.047125
vt 0.561943 0.094307
vt 0.524142 0.081949
vt 0.548284 0.007647
vt 0.570063 0.018744
vt 0.539770 0.078197
vt 0.500000 0.078125
vt 0.500000 -0.000000
vt 0.524142 0.003824
vt 0.513704 0.069727
vt 0.475858 0.081949
vt 0.451716 0.007647
vt 0.475858 0.003824
vt 0.486296 0.069727
vt 0.454079 0.093046
vt 0.408159 0.029841
vt 0.429937 0.018744
vt 0.460230 0.078197
vt 0.436796 0.110329
vt 0.373591 0.064409
vt 0.390875 0.047125
vt 0.438057 0.094307
vt 0.425699 0.132108
vt 0.351397 0.107966
vt 0.362494 0.086187
vt 0.421947 0.116480
vt 0.421875 0.156250
vt 0.343750 0.156250
vt 0.347574 0.132108
vt 0.413477 0.142546
vt 0.425699 0.180392
vt 0.351397 0.204534
vt 0.347574 0.180392
vt 0.413477 0.169954
vt 0.436796 0.202171
vt 0.373591 0.248091
vt 0.362494 0.226313
vt 0.421947 0.196020
vt 0.454079 0.219454
vt 0.408159 0.282659
vt 0.390875 0.265375
vt 0.438057 0.218193
vt 0.475858 0.230551
vt 0.451716 0.304853
vt 0.429937 0.293756
vt 0.460230 0.234303
vt 0.500000 0.234375
vt 0.500000 0.312500
vt 0.475858 0.308676
vt 0.486296 0.242773
vt 0.524142 0.230551
vt 0.548284 0.304853
vt 0.524142 0.308676
vt 0.513704 0.242773
vt 0.545921 0.219454
vt 0.591841 0.282659
vt 0.570063 0.293756
vt 0.539770 0.234303
vt 0.563204 0.202171
vt 0.626409 0.248091
vt 0.609125 0.265375
vt 0.561943 0.218193
vt 0.574301 0.180392
vt 0.648603 0.204534
vt 0.637506 0.226313
vt 0.578053 0.196020
vt 0.578125 0.156250
vt 0.656250 0.156250
vt 0.652426 0.180392
vt 0.586523 0.169954
vt 0.574301 0.132108
vt 0.648603 0.107966
vt 0.652426 0.132108
vt 0.586523 0.142546
vt 0.574301 0.867892
vt 0.648603 0.892034
vt 0.637506 0.913813
vt 0.578053 0.883520
vt 0.563204 0.889671
vt 0.626409 0.935591
vt 0.609125 0.952875
vt 0.561943 0.905694
vt 0.545921 0.906954
vt 0.591841 0.970159
vt 0.570063 0.981256
vt 0.539770 0.921803
vt 0.524142 0.918051
vt 0.548284 0.992353
vt 0.524142 0.996176
vt 0.513704 0.930273
vt 0.500000 0.921875
vt 0.500000 1.000000
vt 0.475858 0.996176
vt 0.486296 0.930273
vt 0.475858 0.918051
vt 0.451716 0.992353
vt 0.429937 0.981256
vt 0.460230 0.921803
vt 0.454079 0.906954
vt 0.408159 0.970159
vt 0.390875 0.952875
vt 0.438057 0.905693
vt 0.436796 0.889671
vt 0.373591 0.935591
vt 0.362494 0.913813
vt 0.421947 0.883520
vt 0.425699 0.867892
vt 0.351397 0.892034
vt 0.347574 0.867892
vt 0.413477 0.857454
vt 0.421875 0.843750
vt 0.343750 0.843750
vt 0.347574 0.819608
vt 0.413477 0.830046
vt 0.425699 0.819608
vt 0.351397 0.795466
vt 0.362494 0.773687
vt 0.421947 0.803980
vt 0.436796 0.797829
vt 0.373591 0.751909
vt 0.390875 0.734625
vt 0.438057 0.781807
vt 0.454079 0.780546
vt 0.408159 0.717341
vt 0.429937 0.706244
vt 0.460230 0.765697
vt 0.475858 0.769449
vt 0.451716 0.695147
vt 0.475858 0.691324
vt 0.486296 0.757227
vt 0.500000 0.765625
vt 0.500000 0.687500
vt 0.524142 0.691324
vt 0.513704 0.757227
vt 0.524142 0.769449
vt 0.548284 0.695147
vt 0.570063 0.706244
vt 0.539770 0.765697
vt 0.545921 0.780545
vt 0.591842 0.717341
vt 0.609125 0.734625
vt 0.561943 0.781806
vt 0.563205 0.797829
vt 0.626409 0.751908
vt 0.637506 0.773687
vt 0.578053 0.803980
vt 0.574301 0.819608
vt 0.648603 0.795466
vt 0.652426 0.819608
vt 0.586523 0.830046
vt 0.578125 0.843750
vt 0.656250 0.843750
vt 0.652426 0.867892
vt 0.586523 0.857454
vt 0.387500 0.687500
vt 0.381250 0.687500
vt 0.375000 0.687500
vt 0.400000 0.687500
vt 0.393750 0.687500
vt 0.412500 0.687500
vt 0.406250 0.687500
vt 0.425000 0.687500
vt 0.418750 0.687500
vt 0.437500 0.687500
vt 0.431250 0.687500
vt 0.450000 0.687500
vt 0.443750 0.687500
vt 0.462500 0.687500
vt 0.456250 0.687500
vt 0.475000 0.687500
vt 0.468750 0.687500
vt 0.487500 0.687500
vt 0.481250 0.687500
vt 0.500000 0.687500
vt 0.493750 0.687500
vt 0.512500 0.687500
vt 0.506250 0.687500
vt 0.525000 0.687500
vt 0.518750 0.687500
vt 0.537500 0.687500
vt 0.531250 0.687500
vt 0.550000 0.687500
vt 0.543750 0.687500
vt 0.562500 0.687500
vt 0.556250 0.687500
vt 0.575000 0.687500
vt 0.568750 0.687500
vt 0.587500 0.687500
vt 0.581250 0.687500
vt 0.600000 0.687500
vt 0.593750 0.687500
vt 0.612500 0.687500
vt 0.606250 0.687500
vt 0.625000 0.312500
vt 0.625000 0.500000
vt 0.625000 0.687500
vt 0.618750 0.687500
vt 0.574301 0.132108
vt 0.500000 0.156250
vt 0.563205 0.110329
vt 0.578053 0.116480
vt 0.545921 0.093046
vt 0.561943 0.094307
vt 0.524142 0.081949
vt 0.539770 0.078197
vt 0.524142 0.081949
vt 0.500000 0.156250
vt 0.500000 0.078125
vt 0.513704 0.069727
vt 0.475858 0.081949
vt 0.486296 0.069727
vt 0.454079 0.093046
vt 0.460230 0.078197
vt 0.436796 0.110329
vt 0.438057 0.094307
vt 0.425699 0.132108
vt 0.421947 0.116480
vt 0.421875 0.156250
vt 0.413477 0.142546
vt 0.425699 0.180392
vt 0.413477 0.169954
vt 0.436796 0.202171
vt 0.421947 0.196020
vt 0.454079 0.219454
vt 0.438057 0.218193
vt 0.475858 0.230551
vt 0.460230 0.234303
vt 0.500000 0.234375
vt 0.486296 0.242773
vt 0.524142 0.230551
vt 0.513704 0.242773
vt 0.524142 0.230551
vt 0.545921 0.219454
vt 0.539770 0.234303
vt 0.563204 0.202171
vt 0.561943 0.218193
vt 0.574301 0.180392
vt 0.578053 0.196020
vt 0.578125 0.156250
vt 0.586523 0.169954
vt 0.586523 0.142546
vt 0.500000 0.843750
vt 0.563205 0.110329
vt 0.578053 0.116480
vt 0.574301 0.132108
vt 0.545921 0.093046
vt 0.561943 0.094307
vt 0.524142 0.081949
vt 0.539770 0.078197
vt 0.545921 0.219454
vt 0.539770 0.234303
vt 0.524142 0.230551
vt 0.563204 0.202171
vt 0.561943 0.218193
vt 0.574301 0.180392
vt 0.578053 0.196020
vt 0.578125 0.156250
vt 0.586523 0.169954
vt 0.586523 0.142546
vt 0.375000 0.000000
vt 0.625000 0.000000
vt 0.625000 0.250000
vt 0.375000 0.250000
vt 0.625000 0.500000
vt 0.375000 0.500000
vt 0.625000 0.750000
vt 0.375000 0.750000
vt 0.375000 0.750000
vt 0.625000 0.750000
vt 0.625000 1.000000
vt 0.375000 1.000000
vt 0.875000 0.000000
vt 0.875000 0.250000
vt 0.125000 0.000000
vt 0.125000 0.250000
vt 0.625000 1.000000
vt 0.375000 1.000000
vt 0.375000 0.000000
vt 0.625000 0.000000
vt 0.625000 0.250000
vt 0.375000 0.250000
vt 0.625000 0.500000
vt 0.375000 0.500000
vt 0.625000 0.750000
vt 0.375000 0.750000
vt 0.375000 0.750000
vt 0.625000 0.750000
vt 0.625000 1.000000
vt 0.375000 1.000000
vt 0.875000 0.000000
vt 0.875000 0.250000
vt 0.125000 0.000000
vt 0.125000 0.250000
vt 0.625000 1.000000
vt 0.375000 1.000000
vt 0.375000 0.000000
vt 0.625000 0.000000
vt 0.625000 0.250000
vt 0.375000 0.250000
vt 0.625000 0.500000
vt 0.375000 0.500000
vt 0.625000 0.750000
vt 0.375000 0.750000
vt 0.375000 0.750000
vt 0.625000 0.750000
vt 0.625000 1.000000
vt 0.375000 1.000000
vt 0.875000 0.000000
vt 0.875000 0.250000
vt 0.125000 0.000000
vt 0.125000 0.250000
vt 0.625000 1.000000
vt 0.375000 1.000000
vt 0.375000 0.000000
vt 0.625000 0.000000
vt 0.625000 0.250000
vt 0.375000 0.250000
vt 0.625000 0.500000
vt 0.375000 0.500000
vt 0.625000 0.750000
vt 0.375000 0.750000
vt 0.375000 0.750000
vt 0.625000 0.750000
vt 0.625000 1.000000
vt 0.375000 1.000000
vt 0.875000 0.000000
vt 0.875000 0.250000
vt 0.125000 0.000000
vt 0.125000 0.250000
vt 0.625000 1.000000
vt 0.375000 1.000000
vt 0.375000 0.000000
vt 0.625000 0.000000
vt 0.625000 0.250000
vt 0.375000 0.250000
vt 0.625000 0.500000
vt 0.375000 0.500000
vt 0.625000 0.750000
vt 0.375000 0.750000
vt 0.375000 0.750000
vt 0.625000 0.750000
vt 0.625000 1.000000
vt 0.375000 1.000000
vt 0.875000 0.000000
vt 0.875000 0.250000
vt 0.125000 0.000000
vt 0.125000 0.250000
vt 0.625000 1.000000
vt 0.375000 1.000000
vt 0.375000 0.000000
vt 0.625000 0.000000
vt 0.625000 0.250000
vt 0.375000 0.250000
vt 0.625000 0.500000
vt 0.375000 0.500000
vt 0.625000 0.750000
vt 0.375000 0.750000
vt 0.375000 0.750000
vt 0.625000 0.750000
vt 0.625000 1.000000
vt 0.375000 1.000000
vt 0.875000 0.000000
vt 0.875000 0.250000
vt 0.125000 0.000000
vt 0.125000 0.250000
vt 0.625000 1.000000
vt 0.375000 1.000000
vt 0.375000 0.000000
vt 0.625000 0.000000
vt 0.625000 0.250000
vt 0.375000 0.250000
vt 0.625000 0.500000
vt 0.375000 0.500000
vt 0.625000 0.750000
vt 0.375000 0.750000
vt 0.375000 0.750000
vt 0.625000 0.750000
vt 0.625000 1.000000
vt 0.375000 1.000000
vt 0.875000 0.000000
vt 0.875000 0.250000
vt 0.125000 0.000000
vt 0.125000 0.250000
vt 0.625000 1.000000
vt 0.375000 1.000000
vt 0.375000 0.000000
vt 0.625000 0.000000
vt 0.625000 0.250000
vt 0.375000 0.250000
vt 0.625000 0.500000
vt 0.375000 0.500000
vt 0.625000 0.750000
vt 0.375000 0.750000
vt 0.375000 0.750000
vt 0.625000 0.750000
vt 0.625000 1.000000
vt 0.375000 1.000000
vt 0.875000 0.000000
vt 0.875000 0.250000
vt 0.125000 0.000000
vt 0.125000 0.250000
vt 0.625000 1.000000
vt 0.375000 1.000000
vt 0.375000 0.000000
vt 0.625000 0.000000
vt 0.625000 0.250000
vt 0.375000 0.250000
vt 0.625000 0.500000
vt 0.375000 0.500000
vt 0.625000 0.750000
vt 0.375000 0.750000
vt 0.375000 0.750000
vt 0.625000 0.750000
vt 0.625000 1.000000
vt 0.375000 1.000000
vt 0.875000 0.000000
vt 0.875000 0.250000
vt 0.125000 0.000000
vt 0.125000 0.250000
vt 0.625000 1.000000
vt 0.375000 1.000000
vt 0.375000 0.000000
vt 0.625000 0.000000
vt 0.625000 0.250000
vt 0.375000 0.250000
vt 0.625000 0.500000
vt 0.375000 0.500000
vt 0.625000 0.750000
vt 0.375000 0.750000
vt 0.375000 0.750000
vt 0.625000 0.750000
vt 0.625000 1.000000
vt 0.375000 1.000000
vt 0.875000 0.000000
vt 0.875000 0.250000
vt 0.125000 0.000000
vt 0.125000 0.250000
vt 0.625000 1.000000
vt 0.375000 1.000000
vt 0.375000 0.000000
vt 0.625000 0.000000
vt 0.625000 0.250000
vt 0.375000 0.250000
vt 0.625000 0.500000
vt 0.375000 0.500000
vt 0.625000 0.750000
vt 0.375000 0.750000
vt 0.375000 0.750000
vt 0.625000 0.750000
vt 0.625000 1.000000
vt 0.375000 1.000000
vt 0.875000 0.000000
vt 0.875000 0.250000
vt 0.125000 0.000000
vt 0.125000 0.250000
vt 0.625000 1.000000
vt 0.375000 1.000000
vt 0.375000 0.000000
vt 0.625000 0.000000
vt 0.625000 0.250000
vt 0.375000 0.250000
vt 0.625000 0.500000
vt 0.375000 0.500000
vt 0.625000 0.750000
vt 0.375000 0.750000
vt 0.375000 0.750000
vt 0.625000 0.750000
vt 0.625000 1.000000
vt 0.375000 1.000000
vt 0.875000 0.000000
vt 0.875000 0.250000
vt 0.125000 0.000000
vt 0.125000 0.250000
vt 0.625000 1.000000
vt 0.375000 1.000000
vt 0.375000 0.000000
vt 0.625000 0.000000
vt 0.625000 0.250000
vt 0.375000 0.250000
vt 0.625000 0.500000
vt 0.375000 0.500000
vt 0.625000 0.750000
vt 0.375000 0.750000
vt 0.375000 0.750000
vt 0.625000 0.750000
vt 0.625000 1.000000
vt 0.375000 1.000000
vt 0.875000 0.000000
vt 0.875000 0.250000
vt 0.125000 0.000000
vt 0.125000 0.250000
vt 0.625000 1.000000
vt 0.375000 1.000000
vt 0.375000 0.000000
vt 0.625000 0.000000
vt 0.625000 0.250000
vt 0.375000 0.250000
vt 0.625000 0.500000
vt 0.375000 0.500000
vt 0.625000 0.750000
vt 0.375000 0.750000
vt 0.375000 0.750000
vt 0.625000 0.750000
vt 0.625000 1.000000
vt 0.375000 1.000000
vt 0.875000 0.000000
vt 0.875000 0.250000
vt 0.125000 0.000000
vt 0.125000 0.250000
vt 0.625000 1.000000
vt 0.375000 1.000000
vt 0.000000 0.050000
vt 0.000000 0.100000
vt 0.050000 0.100000
vt 0.050000 0.050000
vt 0.100000 0.100000
vt 0.100000 0.050000
vt 0.150000 0.100000
vt 0.150000 0.050000
vt 0.200000 0.100000
vt 0.200000 0.050000
vt 0.250000 0.100000
vt 0.250000 0.050000
vt 0.300000 0.100000
vt 0.300000 0.050000
vt 0.350000 0.100000
vt 0.350000 0.050000
vt 0.400000 0.100000
vt 0.400000 0.050000
vt 0.450000 0.100000
vt 0.450000 0.050000
vt 0.500000 0.100000
vt 0.500000 0.050000
vt 0.550000 0.100000
vt 0.550000 0.050000
vt 0.600000 0.100000
vt 0.600000 0.050000
vt 0.650000 0.100000
vt 0.650000 0.050000
vt 0.700000 0.100000
vt 0.700000 0.050000
vt 0.750000 0.100000
vt 0.750000 0.050000
vt 0.800000 0.100000
vt 0.800000 0.050000
vt 0.850000 0.100000
vt 0.850000 0.050000
vt 0.900000 0.100000
vt 0.900000 0.050000
vt 0.950000 0.100000
vt 0.950000 0.050000
vt 1.000000 0.100000
vt 1.000000 0.050000
vt 0.000000 0.150000
vt 0.050000 0.150000
vt 0.100000 0.150000
vt 0.150000 0.150000
vt 0.200000 0.150000
vt 0.250000 0.150000
vt 0.300000 0.150000
vt 0.350000 0.150000
vt 0.400000 0.150000
vt 0.450000 0.150000
vt 0.500000 0.150000
vt 0.550000 0.150000
vt 0.600000 0.150000
vt 0.650000 0.150000
vt 0.700000 0.150000
vt 0.750000 0.150000
vt 0.800000 0.150000
vt 0.850000 0.150000
vt 0.900000 0.150000
vt 0.950000 0.150000
vt 1.000000 0.150000
vt 0.000000 0.200000
vt 0.050000 0.200000
vt 0.100000 0.200000
vt 0.150000 0.200000
vt 0.200000 0.200000
vt 0.250000 0.200000
vt 0.300000 0.200000
vt 0.350000 0.200000
vt 0.400000 0.200000
vt 0.450000 0.200000
vt 0.500000 0.200000
vt 0.550000 0.200000
vt 0.600000 0.200000
vt 0.650000 0.200000
vt 0.700000 0.200000
vt 0.750000 0.200000
vt 0.800000 0.200000
vt 0.850000 0.200000
vt 0.900000 0.200000
vt 0.950000 0.200000
vt 1.000000 0.200000
vt 0.000000 0.250000
vt 0.050000 0.250000
vt 0.100000 0.250000
vt 0.150000 0.250000
vt 0.200000 0.250000
vt 0.250000 0.250000
vt 0.300000 0.250000
vt 0.350000 0.250000
vt 0.400000 0.250000
vt 0.450000 0.250000
vt 0.500000 0.250000
vt 0.550000 0.250000
vt 0.600000 0.250000
vt 0.650000 0.250000
vt 0.700000 0.250000
vt 0.750000 0.250000
vt 0.800000 0.250000
vt 0.850000 0.250000
vt 0.900000 0.250000
vt 0.950000 0.250000
vt 1.000000 0.250000
vt 0.000000 0.300000
vt 0.050000 0.300000
vt 0.100000 0.300000
vt 0.150000 0.300000
vt 0.200000 0.300000
vt 0.250000 0.300000
vt 0.300000 0.300000
vt 0.350000 0.300000
vt 0.400000 0.300000
vt 0.450000 0.300000
vt 0.500000 0.300000
vt 0.550000 0.300000
vt 0.600000 0.300000
vt 0.650000 0.300000
vt 0.700000 0.300000
vt 0.750000 0.300000
vt 0.800000 0.300000
vt 0.850000 0.300000
vt 0.900000 0.300000
vt 0.950000 0.300000
vt 1.000000 0.300000
vt 0.000000 0.350000
vt 0.050000 0.350000
vt 0.100000 0.350000
vt 0.150000 0.350000
vt 0.200000 0.350000
vt 0.250000 0.350000
vt 0.300000 0.350000
vt 0.350000 0.350000
vt 0.400000 0.350000
vt 0.450000 0.350000
vt 0.500000 0.350000
vt 0.550000 0.350000
vt 0.600000 0.350000
vt 0.650000 0.350000
vt 0.700000 0.350000
vt 0.750000 0.350000
vt 0.800000 0.350000
vt 0.850000 0.350000
vt 0.900000 0.350000
vt 0.950000 0.350000
vt 1.000000 0.350000
vt 0.000000 0.400000
vt 0.050000 0.400000
vt 0.100000 0.400000
vt 0.150000 0.400000
vt 0.200000 0.400000
vt 0.250000 0.400000
vt 0.300000 0.400000
vt 0.350000 0.400000
vt 0.400000 0.400000
vt 0.450000 0.400000
vt 0.500000 0.400000
vt 0.550000 0.400000
vt 0.600000 0.400000
vt 0.650000 0.400000
vt 0.700000 0.400000
vt 0.750000 0.400000
vt 0.800000 0.400000
vt 0.850000 0.400000
vt 0.900000 0.400000
vt 0.950000 0.400000
vt 1.000000 0.400000
vt 0.000000 0.450000
vt 0.050000 0.450000
vt 0.100000 0.450000
vt 0.150000 0.450000
vt 0.200000 0.450000
vt 0.250000 0.450000
vt 0.300000 0.450000
vt 0.350000 0.450000
vt 0.400000 0.450000
vt 0.450000 0.450000
vt 0.500000 0.450000
vt 0.550000 0.450000
vt 0.600000 0.450000
vt 0.650000 0.450000
vt 0.700000 0.450000
vt 0.750000 0.450000
vt 0.800000 0.450000
vt 0.850000 0.450000
vt 0.900000 0.450000
vt 0.950000 0.450000
vt 1.000000 0.450000
vt 0.000000 0.500000
vt 0.050000 0.500000
vt 0.100000 0.500000
vt 0.150000 0.500000
vt 0.200000 0.500000
vt 0.250000 0.500000
vt 0.300000 0.500000
vt 0.350000 0.500000
vt 0.400000 0.500000
vt 0.450000 0.500000
vt 0.500000 0.500000
vt 0.550000 0.500000
vt 0.600000 0.500000
vt 0.650000 0.500000
vt 0.700000 0.500000
vt 0.750000 0.500000
vt 0.800000 0.500000
vt 0.850000 0.500000
vt 0.900000 0.500000
vt 0.950000 0.500000
vt 1.000000 0.500000
vt 0.000000 0.550000
vt 0.050000 0.550000
vt 0.100000 0.550000
vt 0.150000 0.550000
vt 0.200000 0.550000
vt 0.250000 0.550000
vt 0.300000 0.550000
vt 0.350000 0.550000
vt 0.400000 0.550000
vt 0.450000 0.550000
vt 0.500000 0.550000
vt 0.550000 0.550000
vt 0.600000 0.550000
vt 0.650000 0.550000
vt 0.700000 0.550000
vt 0.750000 0.550000
vt 0.800000 0.550000
vt 0.850000 0.550000
vt 0.900000 0.550000
vt 0.950000 0.550000
vt 1.000000 0.550000
vt 0.000000 0.600000
vt 0.050000 0.600000
vt 0.100000 0.600000
vt 0.150000 0.600000
vt 0.200000 0.600000
vt 0.250000 0.600000
vt 0.300000 0.600000
vt 0.350000 0.600000
vt 0.400000 0.600000
vt 0.450000 0.600000
vt 0.500000 0.600000
vt 0.550000 0.600000
vt 0.600000 0.600000
vt 0.650000 0.600000
vt 0.700000 0.600000
vt 0.750000 0.600000
vt 0.800000 0.600000
vt 0.850000 0.600000
vt 0.900000 0.600000
vt 0.950000 0.600000
vt 1.000000 0.600000
vt 0.000000 0.650000
vt 0.050000 0.650000
vt 0.100000 0.650000
vt 0.150000 0.650000
vt 0.200000 0.650000
vt 0.250000 0.650000
vt 0.300000 0.650000
vt 0.350000 0.650000
vt 0.400000 0.650000
vt 0.450000 0.650000
vt 0.500000 0.650000
vt 0.550000 0.650000
vt 0.600000 0.650000
vt 0.650000 0.650000
vt 0.700000 0.650000
vt 0.750000 0.650000
vt 0.800000 0.650000
vt 0.850000 0.650000
vt 0.900000 0.650000
vt 0.950000 0.650000
vt 1.000000 0.650000
vt 0.000000 0.700000
vt 0.050000 0.700000
vt 0.100000 0.700000
vt 0.150000 0.700000
vt 0.200000 0.700000
vt 0.250000 0.700000
vt 0.300000 0.700000
vt 0.350000 0.700000
vt 0.400000 0.700000
vt 0.450000 0.700000
vt 0.500000 0.700000
vt 0.550000 0.700000
vt 0.600000 0.700000
vt 0.650000 0.700000
vt 0.700000 0.700000
vt 0.750000 0.700000
vt 0.800000 0.700000
vt 0.850000 0.700000
vt 0.900000 0.700000
vt 0.950000 0.700000
vt 1.000000 0.700000
vt 0.000000 0.750000
vt 0.050000 0.750000
vt 0.100000 0.750000
vt 0.150000 0.750000
vt 0.200000 0.750000
vt 0.250000 0.750000
vt 0.300000 0.750000
vt 0.350000 0.750000
vt 0.400000 0.750000
vt 0.450000 0.750000
vt 0.500000 0.750000
vt 0.550000 0.750000
vt 0.600000 0.750000
vt 0.650000 0.750000
vt 0.700000 0.750000
vt 0.750000 0.750000
vt 0.800000 0.750000
vt 0.850000 0.750000
vt 0.900000 0.750000
vt 0.950000 0.750000
vt 1.000000 0.750000
vt 0.000000 0.800000
vt 0.050000 0.800000
vt 0.100000 0.800000
vt 0.150000 0.800000
vt 0.200000 0.800000
vt 0.250000 0.800000
vt 0.300000 0.800000
vt 0.350000 0.800000
vt 0.400000 0.800000
vt 0.450000 0.800000
vt 0.500000 0.800000
vt 0.550000 0.800000
vt 0.600000 0.800000
vt 0.650000 0.800000
vt 0.700000 0.800000
vt 0.750000 0.800000
vt 0.800000 0.800000
vt 0.850000 0.800000
vt 0.900000 0.800000
vt 0.950000 0.800000
vt 1.000000 0.800000
vt 0.000000 0.850000
vt 0.050000 0.850000
vt 0.100000 0.850000
vt 0.150000 0.850000
vt 0.200000 0.850000
vt 0.250000 0.850000
vt 0.300000 0.850000
vt 0.350000 0.850000
vt 0.400000 0.850000
vt 0.450000 0.850000
vt 0.500000 0.850000
vt 0.550000 0.850000
vt 0.600000 0.850000
vt 0.650000 0.850000
vt 0.700000 0.850000
vt 0.750000 0.850000
vt 0.800000 0.850000
vt 0.850000 0.850000
vt 0.900000 0.850000
vt 0.950000 0.850000
vt 1.000000 0.850000
vt 0.000000 0.900000
vt 0.050000 0.900000
vt 0.100000 0.900000
vt 0.150000 0.900000
vt 0.200000 0.900000
vt 0.250000 0.900000
vt 0.300000 0.900000
vt 0.350000 0.900000
vt 0.400000 0.900000
vt 0.450000 0.900000
vt 0.500000 0.900000
vt 0.550000 0.900000
vt 0.600000 0.900000
vt 0.650000 0.900000
vt 0.700000 0.900000
vt 0.750000 0.900000
vt 0.800000 0.900000
vt 0.850000 0.900000
vt 0.900000 0.900000
vt 0.950000 0.900000
vt 1.000000 0.900000
vt 0.000000 0.950000
vt 0.050000 0.950000
vt 0.100000 0.950000
vt 0.150000 0.950000
vt 0.200000 0.950000
vt 0.250000 0.950000
vt 0.300000 0.950000
vt 0.350000 0.950000
vt 0.400000 0.950000
vt 0.450000 0.950000
vt 0.500000 0.950000
vt 0.550000 0.950000
vt 0.600000 0.950000
vt 0.650000 0.950000
vt 0.700000 0.950000
vt 0.750000 0.950000
vt 0.800000 0.950000
vt 0.850000 0.950000
vt 0.900000 0.950000
vt 0.950000 0.950000
vt 1.000000 0.950000
vt 0.025000 0.000000
vt 0.075000 0.000000
vt 0.125000 0.000000
vt 0.175000 0.000000
vt 0.225000 0.000000
vt 0.275000 0.000000
vt 0.325000 0.000000
vt 0.375000 0.000000
vt 0.425000 0.000000
vt 0.475000 0.000000
vt 0.525000 0.000000
vt 0.575000 0.000000
vt 0.625000 0.000000
vt 0.675000 0.000000
vt 0.725000 0.000000
vt 0.775000 0.000000
vt 0.825000 0.000000
vt 0.875000 0.000000
vt 0.925000 0.000000
vt 0.975000 0.000000
vt 0.025000 1.000000
vt 0.075000 1.000000
vt 0.125000 1.000000
vt 0.175000 1.000000
vt 0.225000 1.000000
vt 0.275000 1.000000
vt 0.325000 1.000000
vt 0.375000 1.000000
vt 0.425000 1.000000
vt 0.475000 1.000000
vt 0.525000 1.000000
vt 0.575000 1.000000
vt 0.625000 1.000000
vt 0.675000 1.000000
vt 0.725000 1.000000
vt 0.775000 1.000000
vt 0.825000 1.000000
vt 0.875000 1.000000
vt 0.925000 1.000000
vt 0.975000 1.000000
vt 0.000000 0.050000
vt 0.000000 0.100000
vt 0.050000 0.100000
vt 0.050000 0.050000
vt 0.100000 0.100000
vt 0.100000 0.050000
vt 0.150000 0.100000
vt 0.150000 0.050000
vt 0.200000 0.100000
vt 0.200000 0.050000
vt 0.250000 0.100000
vt 0.250000 0.050000
vt 0.300000 0.100000
vt 0.300000 0.050000
vt 0.350000 0.100000
vt 0.350000 0.050000
vt 0.400000 0.100000
vt 0.400000 0.050000
vt 0.450000 0.100000
vt 0.450000 0.050000
vt 0.500000 0.100000
vt 0.500000 0.050000
vt 0.550000 0.100000
vt 0.550000 0.050000
vt 0.600000 0.100000
vt 0.600000 0.050000
vt 0.650000 0.100000
vt 0.650000 0.050000
vt 0.700000 0.100000
vt 0.700000 0.050000
vt 0.750000 0.100000
vt 0.750000 0.050000
vt 0.800000 0.100000
vt 0.800000 0.050000
vt 0.850000 0.100000
vt 0.850000 0.050000
vt 0.900000 0.100000
vt 0.900000 0.050000
vt 0.950000 0.100000
vt 0.950000 0.050000
vt 1.000000 0.100000
vt 1.000000 0.050000
vt 0.000000 0.150000
vt 0.050000 0.150000
vt 0.100000 0.150000
vt 0.150000 0.150000
vt 0.200000 0.150000
vt 0.250000 0.150000
vt 0.300000 0.150000
vt 0.350000 0.150000
vt 0.400000 0.150000
vt 0.450000 0.150000
vt 0.500000 0.150000
vt 0.550000 0.150000
vt 0.600000 0.150000
vt 0.650000 0.150000
vt 0.700000 0.150000
vt 0.750000 0.150000
vt 0.800000 0.150000
vt 0.850000 0.150000
vt 0.900000 0.150000
vt 0.950000 0.150000
vt 1.000000 0.150000
vt 0.000000 0.200000
vt 0.050000 0.200000
vt 0.100000 0.200000
vt 0.150000 0.200000
vt 0.200000 0.200000
vt 0.250000 0.200000
vt 0.300000 0.200000
vt 0.350000 0.200000
vt 0.400000 0.200000
vt 0.450000 0.200000
vt 0.500000 0.200000
vt 0.550000 0.200000
vt 0.600000 0.200000
vt 0.650000 0.200000
vt 0.700000 0.200000
vt 0.750000 0.200000
vt 0.800000 0.200000
vt 0.850000 0.200000
vt 0.900000 0.200000
vt 0.950000 0.200000
vt 1.000000 0.200000
vt 0.000000 0.250000
vt 0.050000 0.250000
vt 0.100000 0.250000
vt 0.150000 0.250000
vt 0.200000 0.250000
vt 0.250000 0.250000
vt 0.300000 0.250000
vt 0.350000 0.250000
vt 0.400000 0.250000
vt 0.450000 0.250000
vt 0.500000 0.250000
vt 0.550000 0.250000
vt 0.600000 0.250000
vt 0.650000 0.250000
vt 0.700000 0.250000
vt 0.750000 0.250000
vt 0.800000 0.250000
vt 0.850000 0.250000
vt 0.900000 0.250000
vt 0.950000 0.250000
vt 1.000000 0.250000
vt 0.000000 0.300000
vt 0.050000 0.300000
vt 0.100000 0.300000
vt 0.150000 0.300000
vt 0.200000 0.300000
vt 0.250000 0.300000
vt 0.300000 0.300000
vt 0.350000 0.300000
vt 0.400000 0.300000
vt 0.450000 0.300000
vt 0.500000 0.300000
vt 0.550000 0.300000
vt 0.600000 0.300000
vt 0.650000 0.300000
vt 0.700000 0.300000
vt 0.750000 0.300000
vt 0.800000 0.300000
vt 0.850000 0.300000
vt 0.900000 0.300000
vt 0.950000 0.300000
vt 1.000000 0.300000
vt 0.000000 0.350000
vt 0.050000 0.350000
vt 0.100000 0.350000
vt 0.150000 0.350000
vt 0.200000 0.350000
vt 0.250000 0.350000
vt 0.300000 0.350000
vt 0.350000 0.350000
vt 0.400000 0.350000
vt 0.450000 0.350000
vt 0.500000 0.350000
vt 0.550000 0.350000
vt 0.600000 0.350000
vt 0.650000 0.350000
vt 0.700000 0.350000
vt 0.750000 0.350000
vt 0.800000 0.350000
vt 0.850000 0.350000
vt 0.900000 0.350000
vt 0.950000 0.350000
vt 1.000000 0.350000
vt 0.000000 0.400000
vt 0.050000 0.400000
vt 0.100000 0.400000
vt 0.150000 0.400000
vt 0.200000 0.400000
vt 0.250000 0.400000
vt 0.300000 0.400000
vt 0.350000 0.400000
vt 0.400000 0.400000
vt 0.450000 0.400000
vt 0.500000 0.400000
vt 0.550000 0.400000
vt 0.600000 0.400000
vt 0.650000 0.400000
vt 0.700000 0.400000
vt 0.750000 0.400000
vt 0.800000 0.400000
vt 0.850000 0.400000
vt 0.900000 0.400000
vt 0.950000 0.400000
vt 1.000000 0.400000
vt 0.000000 0.450000
vt 0.050000 0.450000
vt 0.100000 0.450000
vt 0.150000 0.450000
vt 0.200000 0.450000
vt 0.250000 0.450000
vt 0.300000 0.450000
vt 0.350000 0.450000
vt 0.400000 0.450000
vt 0.450000 0.450000
vt 0.500000 0.450000
vt 0.550000 0.450000
vt 0.600000 0.450000
vt 0.650000 0.450000
vt 0.700000 0.450000
vt 0.750000 0.450000
vt 0.800000 0.450000
vt 0.850000 0.450000
vt 0.900000 0.450000
vt 0.950000 0.450000
vt 1.000000 0.450000
vt 0.000000 0.500000
vt 0.050000 0.500000
vt 0.100000 0.500000
vt 0.150000 0.500000
vt 0.200000 0.500000
vt 0.250000 0.500000
vt 0.300000 0.500000
vt 0.350000 0.500000
vt 0.400000 0.500000
vt 0.450000 0.500000
vt 0.500000 0.500000
vt 0.550000 0.500000
vt 0.600000 0.500000
vt 0.650000 0.500000
vt 0.700000 0.500000
vt 0.750000 0.500000
vt 0.800000 0.500000
vt 0.850000 0.500000
vt 0.900000 0.500000
vt 0.950000 0.500000
vt 1.000000 0.500000
vt 0.000000 0.550000
vt 0.050000 0.550000
vt 0.100000 0.550000
vt 0.150000 0.550000
vt 0.200000 0.550000
vt 0.250000 0.550000
vt 0.300000 0.550000
vt 0.350000 0.550000
vt 0.400000 0.550000
vt 0.450000 0.550000
vt 0.500000 0.550000
vt 0.550000 0.550000
vt 0.600000 0.550000
vt 0.650000 0.550000
vt 0.700000 0.550000
vt 0.750000 0.550000
vt 0.800000 0.550000
vt 0.850000 0.550000
vt 0.900000 0.550000
vt 0.950000 0.550000
vt 1.000000 0.550000
vt 0.000000 0.600000
vt 0.050000 0.600000
vt 0.100000 0.600000
vt 0.150000 0.600000
vt 0.200000 0.600000
vt 0.250000 0.600000
vt 0.300000 0.600000
vt 0.350000 0.600000
vt 0.400000 0.600000
vt 0.450000 0.600000
vt 0.500000 0.600000
vt 0.550000 0.600000
vt 0.600000 0.600000
vt 0.650000 0.600000
vt 0.700000 0.600000
vt 0.750000 0.600000
vt 0.800000 0.600000
vt 0.850000 0.600000
vt 0.900000 0.600000
vt 0.950000 0.600000
vt 1.000000 0.600000
vt 0.000000 0.650000
vt 0.050000 0.650000
vt 0.100000 0.650000
vt 0.150000 0.650000
vt 0.200000 0.650000
vt 0.250000 0.650000
vt 0.300000 0.650000
vt 0.350000 0.650000
vt 0.400000 0.650000
vt 0.450000 0.650000
vt 0.500000 0.650000
vt 0.550000 0.650000
vt 0.600000 0.650000
vt 0.650000 0.650000
vt 0.700000 0.650000
vt 0.750000 0.650000
vt 0.800000 0.650000
vt 0.850000 0.650000
vt 0.900000 0.650000
vt 0.950000 0.650000
vt 1.000000 0.650000
vt 0.000000 0.700000
vt 0.050000 0.700000
vt 0.100000 0.700000
vt 0.150000 0.700000
vt 0.200000 0.700000
vt 0.250000 0.700000
vt 0.300000 0.700000
vt 0.350000 0.700000
vt 0.400000 0.700000
vt 0.450000 0.700000
vt 0.500000 0.700000
vt 0.550000 0.700000
vt 0.600000 0.700000
vt 0.650000 0.700000
vt 0.700000 0.700000
vt 0.750000 0.700000
vt 0.800000 0.700000
vt 0.850000 0.700000
vt 0.900000 0.700000
vt 0.950000 0.700000
vt 1.000000 0.700000
vt 0.000000 0.750000
vt 0.050000 0.750000
vt 0.100000 0.750000
vt 0.150000 0.750000
vt 0.200000 0.750000
vt 0.250000 0.750000
vt 0.300000 0.750000
vt 0.350000 0.750000
vt 0.400000 0.750000
vt 0.450000 0.750000
vt 0.500000 0.750000
vt 0.550000 0.750000
vt 0.600000 0.750000
vt 0.650000 0.750000
vt 0.700000 0.750000
vt 0.750000 0.750000
vt 0.800000 0.750000
vt 0.850000 0.750000
vt 0.900000 0.750000
vt 0.950000 0.750000
vt 1.000000 0.750000
vt 0.000000 0.800000
vt 0.050000 0.800000
vt 0.100000 0.800000
vt 0.150000 0.800000
vt 0.200000 0.800000
vt 0.250000 0.800000
vt 0.300000 0.800000
vt 0.350000 0.800000
vt 0.400000 0.800000
vt 0.450000 0.800000
vt 0.500000 0.800000
vt 0.550000 0.800000
vt 0.600000 0.800000
vt 0.650000 0.800000
vt 0.700000 0.800000
vt 0.750000 0.800000
vt 0.800000 0.800000
vt 0.850000 0.800000
vt 0.900000 0.800000
vt 0.950000 0.800000
vt 1.000000 0.800000
vt 0.000000 0.850000
vt 0.050000 0.850000
vt 0.100000 0.850000
vt 0.150000 0.850000
vt 0.200000 0.850000
vt 0.250000 0.850000
vt 0.300000 0.850000
vt 0.350000 0.850000
vt 0.400000 0.850000
vt 0.450000 0.850000
vt 0.500000 0.850000
vt 0.550000 0.850000
vt 0.600000 0.850000
vt 0.650000 0.850000
vt 0.700000 0.850000
vt 0.750000 0.850000
vt 0.800000 0.850000
vt 0.850000 0.850000
vt 0.900000 0.850000
vt 0.950000 0.850000
vt 1.000000 0.850000
vt 0.000000 0.900000
vt 0.050000 0.900000
vt 0.100000 0.900000
vt 0.150000 0.900000
vt 0.200000 0.900000
vt 0.250000 0.900000
vt 0.300000 0.900000
vt 0.350000 0.900000
vt 0.400000 0.900000
vt 0.450000 0.900000
vt 0.500000 0.900000
vt 0.550000 0.900000
vt 0.600000 0.900000
vt 0.650000 0.900000
vt 0.700000 0.900000
vt 0.750000 0.900000
vt 0.800000 0.900000
vt 0.850000 0.900000
vt 0.900000 0.900000
vt 0.950000 0.900000
vt 1.000000 0.900000
vt 0.000000 0.950000
vt 0.050000 0.950000
vt 0.100000 0.950000
vt 0.150000 0.950000
vt 0.200000 0.950000
vt 0.250000 0.950000
vt 0.300000 0.950000
vt 0.350000 0.950000
vt 0.400000 0.950000
vt 0.450000 0.950000
vt 0.500000 0.950000
vt 0.550000 0.950000
vt 0.600000 0.950000
vt 0.650000 0.950000
vt 0.700000 0.950000
vt 0.750000 0.950000
vt 0.800000 0.950000
vt 0.850000 0.950000
vt 0.900000 0.950000
vt 0.950000 0.950000
vt 1.000000 0.950000
vt 0.025000 0.000000
vt 0.075000 0.000000
vt 0.125000 0.000000
vt 0.175000 0.000000
vt 0.225000 0.000000
vt 0.275000 0.000000
vt 0.325000 0.000000
vt 0.375000 0.000000
vt 0.425000 0.000000
vt 0.475000 0.000000
vt 0.525000 0.000000
vt 0.575000 0.000000
vt 0.625000 0.000000
vt 0.675000 0.000000
vt 0.725000 0.000000
vt 0.775000 0.000000
vt 0.825000 0.000000
vt 0.875000 0.000000
vt 0.925000 0.000000
vt 0.975000 0.000000
vt 0.025000 1.000000
vt 0.075000 1.000000
vt 0.125000 1.000000
vt 0.175000 1.000000
vt 0.225000 1.000000
vt 0.275000 1.000000
vt 0.325000 1.000000
vt 0.375000 1.000000
vt 0.425000 1.000000
vt 0.475000 1.000000
vt 0.525000 1.000000
vt 0.575000 1.000000
vt 0.625000 1.000000
vt 0.675000 1.000000
vt 0.725000 1.000000
vt 0.775000 1.000000
vt 0.825000 1.000000
vt 0.875000 1.000000
vt 0.925000 1.000000
vt 0.975000 1.000000
vn 0.220697 -0.949727 -0.222063
vn 0.220697 -0.949727 -0.222063
vn 0.302465 -0.889762 -0.341816
vn 0.302465 -0.889762 -0.341816
vn 0.376785 -0.807886 -0.453160
vn 0.376784 -0.807886 -0.453159
vn 0.441824 -0.706121 -0.553339
vn 0.441824 -0.706121 -0.553339
vn 0.495993 -0.586959 -0.639899
vn 0.495993 -0.586959 -0.639899
vn 0.537945 -0.453345 -0.710700
vn 0.537945 -0.453345 -0.710700
vn 0.566644 -0.308588 -0.763995
vn 0.566644 -0.308588 -0.763995
vn 0.581396 -0.156221 -0.798482
vn 0.581396 -0.156221 -0.798482
vn 0.581832 -0.000002 -0.813309
vn 0.581832 -0.000002 -0.813309
vn 0.567939 0.156218 -0.808110
vn 0.567939 0.156218 -0.808109
vn 0.540067 0.308586 -0.783008
vn 0.540067 0.308586 -0.783008
vn 0.498892 0.453355 -0.738631
vn 0.498892 0.453355 -0.738631
vn 0.445432 0.586965 -0.676064
vn 0.445432 0.586965 -0.676064
vn 0.381005 0.706119 -0.596851
vn 0.381005 0.706119 -0.596851
vn 0.307199 0.807886 -0.502940
vn 0.307199 0.807886 -0.502940
vn 0.225824 0.889760 -0.396648
vn 0.225824 0.889760 -0.396648
vn 0.138895 0.949726 -0.280587
vn 0.138895 0.949726 -0.280587
vn 0.048541 0.986307 -0.157613
vn 0.048541 0.986307 -0.157613
vn -0.043008 0.998601 -0.030768
vn -0.043008 0.998601 -0.030768
vn -0.133496 0.986306 0.096842
vn -0.133496 0.986306 0.096842
vn -0.220697 0.949726 0.222066
vn -0.220697 0.949726 0.222066
vn -0.302467 0.889757 0.341827
vn -0.302467 0.889757 0.341827
vn -0.376785 0.807885 0.453160
vn -0.376785 0.807885 0.453161
vn -0.441829 0.706117 0.553341
vn -0.441829 0.706117 0.553341
vn -0.495991 0.586962 0.639898
vn -0.495991 0.586962 0.639898
vn -0.537940 0.453358 0.710695
vn -0.537940 0.453358 0.710695
vn -0.566647 0.308580 0.763996
vn -0.566647 0.308580 0.763996
vn -0.581400 0.156204 0.798482
vn -0.581400 0.156204 0.798482
vn -0.581831 0.000001 0.813310
vn -0.581831 0.000001 0.813310
vn -0.567942 -0.156223 0.808107
vn -0.567942 -0.156223 0.808107
vn -0.540066 -0.308586 0.783009
vn -0.540066 -0.308586 0.783009
vn -0.498888 -0.453367 0.738627
vn -0.498888 -0.453367 0.738627
vn -0.445436 -0.586961 0.676065
vn -0.445436 -0.586961 0.676065
vn -0.381009 -0.706116 0.596852
vn -0.381009 -0.706116 0.596852
vn -0.307199 -0.807884 0.502944
vn -0.307199 -0.807884 0.502943
vn -0.225827 -0.889758 0.396652
vn -0.225827 -0.889758 0.396652
vn -0.138894 -0.949726 0.280587
vn -0.138894 -0.949726 0.280587
vn -0.048541 -0.986307 0.157614
vn -0.048541 -0.986307 0.157614
vn 0.043005 -0.998601 0.030770
vn 0.043005 -0.998601 0.030770
vn 0.133496 -0.986306 -0.096843
vn 0.133496 -0.986306 -0.096843
vn -0.812169 -0.052877 -0.581021
vn -0.812169 -0.052877 -0.581021
vn -0.812168 -0.052872 -0.581024
vn -0.812168 -0.052872 -0.581024
vn -0.812169 -0.052876 -0.581021
vn -0.812169 -0.052876 -0.581021
vn -0.812167 -0.052885 -0.581023
vn -0.812167 -0.052885 -0.581023
vn -0.812170 -0.052880 -0.581019
vn -0.812170 -0.052880 -0.581019
vn -0.812169 -0.052884 -0.581020
vn -0.812169 -0.052884 -0.581020
vn -0.812173 -0.052875 -0.581017
vn -0.812172 -0.052875 -0.581017
vn -0.812171 -0.052883 -0.581018
vn -0.812171 -0.052883 -0.581018
vn -0.812170 -0.052879 -0.581020
vn -0.812170 -0.052879 -0.581020
vn -0.812171 -0.052882 -0.581019
vn -0.812171 -0.052882 -0.581019
vn -0.812170 -0.052882 -0.581019
vn -0.812170 -0.052882 -0.581019
vn -0.812169 -0.052877 -0.581021
vn -0.812169 -0.052877 -0.581021
vn -0.812174 -0.052876 -0.581014
vn -0.812174 -0.052876 -0.581014
vn -0.812172 -0.052881 -0.581016
vn -0.812172 -0.052881 -0.581016
vn -0.812167 -0.052878 -0.581024
vn -0.812167 -0.052878 -0.581024
vn -0.812166 -0.052882 -0.581025
vn -0.812166 -0.052882 -0.581025
vn -0.812172 -0.052879 -0.581017
vn -0.812172 -0.052879 -0.581017
vn -0.812171 -0.052879 -0.581018
vn -0.812171 -0.052879 -0.581018
vn -0.812172 -0.052879 -0.581017
vn -0.812172 -0.052879 -0.581017
vn -0.812169 -0.052875 -0.581021
vn -0.812169 -0.052875 -0.581021
vn -0.812168 -0.052877 -0.581023
vn -0.812168 -0.052877 -0.581023
vn -0.812165 -0.052872 -0.581028
vn -0.812165 -0.052872 -0.581028
vn -0.812174 -0.052878 -0.581014
vn -0.812174 -0.052878 -0.581014
vn -0.812172 -0.052879 -0.581017
vn -0.812172 -0.052879 -0.581017
vn -0.812169 -0.052879 -0.581021
vn -0.812169 -0.052879 -0.581021
vn -0.812169 -0.052880 -0.581020
vn -0.812169 -0.052880 -0.581020
vn -0.812171 -0.052883 -0.581018
vn -0.812171 -0.052883 -0.581018
vn -0.812170 -0.052879 -0.581019
vn -0.812170 -0.052879 -0.581019
vn -0.812172 -0.052878 -0.581017
vn -0.812172 -0.052878 -0.581017
vn -0.812172 -0.052879 -0.581016
vn -0.812172 -0.052879 -0.581016
vn -0.812171 -0.052882 -0.581018
vn -0.812171 -0.052882 -0.581018
vn -0.812170 -0.052877 -0.581020
vn -0.812170 -0.052877 -0.581020
vn -0.812173 -0.052871 -0.581017
vn -0.812173 -0.052871 -0.581017
vn -0.812171 -0.052874 -0.581019
vn -0.812171 -0.052874 -0.581019
vn -0.812168 -0.052879 -0.581023
vn -0.812168 -0.052879 -0.581023
vn -0.812164 -0.052875 -0.581028
vn -0.812164 -0.052875 -0.581028
vn -0.812172 -0.052877 -0.581017
vn -0.812172 -0.052877 -0.581017
vn -0.812175 -0.052876 -0.581013
vn -0.812175 -0.052876 -0.581012
vn -0.812171 -0.052879 -0.581019
vn -0.812171 -0.052879 -0.581019
vn -0.812171 -0.052880 -0.581018
vn -0.812171 -0.052880 -0.581018
vn 0.812171 0.052880 0.581018
vn 0.812171 0.052880 0.581018
vn 0.812172 0.052876 0.581017
vn 0.812172 0.052876 0.581016
vn 0.812172 0.052876 0.581017
vn 0.812172 0.052876 0.581017
vn 0.812168 0.052874 0.581022
vn 0.812168 0.052874 0.581022
vn 0.812173 0.052875 0.581016
vn 0.812173 0.052875 0.581016
vn 0.812170 0.052879 0.581019
vn 0.812170 0.052879 0.581019
vn 0.812170 0.052884 0.581019
vn 0.812170 0.052884 0.581019
vn 0.812171 0.052891 0.581016
vn 0.812171 0.052891 0.581016
vn 0.812170 0.052874 0.581020
vn 0.812170 0.052874 0.581020
vn 0.812171 0.052872 0.581019
vn 0.812171 0.052872 0.581019
vn 0.812171 0.052880 0.581017
vn 0.812172 0.052880 0.581017
vn 0.812173 0.052882 0.581015
vn 0.812173 0.052882 0.581016
vn 0.812171 0.052879 0.581018
vn 0.812171 0.052879 0.581018
vn 0.812171 0.052878 0.581018
vn 0.812171 0.052878 0.581018
vn 0.812173 0.052882 0.581015
vn 0.812174 0.052881 0.581014
vn 0.812175 0.052879 0.581013
vn 0.812175 0.052879 0.581013
vn 0.812172 0.052875 0.581017
vn 0.812172 0.052875 0.581017
vn 0.812173 0.052874 0.581016
vn 0.812173 0.052874 0.581016
vn 0.812169 0.052880 0.581020
vn 0.812169 0.052880 0.581020
vn 0.812165 0.052880 0.581026
vn 0.812165 0.052880 0.581026
vn 0.812175 0.052878 0.581013
vn 0.812175 0.052878 0.581013
vn 0.812174 0.052879 0.581014
vn 0.812174 0.052879 0.581014
vn 0.812173 0.052879 0.581016
vn 0.812173 0.052879 0.581016
vn 0.812171 0.052876 0.581018
vn 0.812171 0.052876 0.581019
vn 0.812172 0.052867 0.581018
vn 0.812169 0.052874 0.581021
vn 0.812174 0.052863 0.581016
vn 0.812174 0.052863 0.581016
vn 0.812170 0.052881 0.581020
vn 0.812170 0.052882 0.581019
vn 0.812170 0.052885 0.581019
vn 0.812170 0.052885 0.581019
vn 0.812170 0.052883 0.581019
vn 0.812170 0.052883 0.581019
vn 0.812171 0.052879 0.581018
vn 0.812171 0.052879 0.581017
vn 0.812173 0.052879 0.581016
vn 0.812173 0.052879 0.581016
vn 0.812175 0.052871 0.581013
vn 0.812175 0.052871 0.581013
vn 0.812171 0.052884 0.581018
vn 0.812171 0.052884 0.581018
vn 0.812173 0.052881 0.581015
vn 0.812173 0.052881 0.581015
vn 0.812172 0.052876 0.581017
vn 0.812172 0.052876 0.581017
vn 0.812174 0.052875 0.581014
vn 0.812174 0.052875 0.581014
vn 0.812171 0.052880 0.581018
vn 0.812171 0.052880 0.581018
vn 0.812169 0.052883 0.581020
vn 0.812169 0.052883 0.581020
vn 0.812171 0.052876 0.581018
vn 0.812171 0.052876 0.581018
vn 0.812178 0.052873 0.581009
vn 0.812178 0.052873 0.581009
vn 0.302467 -0.889760 -0.341821
vn 0.302467 -0.889760 -0.341821
vn 0.376786 -0.807885 -0.453160
vn 0.376786 -0.807885 -0.453160
vn 0.302465 -0.889761 -0.341819
vn 0.302465 -0.889761 -0.341819
vn 0.302464 -0.889759 -0.341825
vn 0.220698 -0.949726 -0.222064
vn 0.220698 -0.949726 -0.222064
vn 0.302464 -0.889759 -0.341825
vn 0.441826 -0.706119 -0.553340
vn 0.441826 -0.706119 -0.553340
vn 0.495992 -0.586961 -0.639898
vn 0.495992 -0.586961 -0.639898
vn 0.441829 -0.706116 -0.553342
vn 0.441829 -0.706116 -0.553342
vn 0.441829 -0.706116 -0.553342
vn 0.441829 -0.706116 -0.553342
vn 0.537940 -0.453356 -0.710696
vn 0.537940 -0.453356 -0.710696
vn 0.566646 -0.308585 -0.763995
vn 0.566646 -0.308586 -0.763995
vn 0.537939 -0.453367 -0.710690
vn 0.537939 -0.453367 -0.710690
vn 0.537942 -0.453352 -0.710697
vn 0.537942 -0.453352 -0.710697
vn 0.581397 -0.156224 -0.798481
vn 0.581397 -0.156224 -0.798481
vn 0.581833 0.000000 -0.813308
vn 0.581833 0.000000 -0.813308
vn 0.581396 -0.156217 -0.798483
vn 0.581396 -0.156217 -0.798483
vn 0.581397 -0.156204 -0.798484
vn 0.581397 -0.156204 -0.798485
vn 0.567945 0.156218 -0.808106
vn 0.567945 0.156218 -0.808106
vn 0.540065 0.308587 -0.783010
vn 0.540065 0.308587 -0.783010
vn 0.567940 0.156227 -0.808107
vn 0.567940 0.156227 -0.808107
vn 0.567943 0.156217 -0.808107
vn 0.567943 0.156217 -0.808107
vn 0.498891 0.453357 -0.738631
vn 0.498891 0.453357 -0.738631
vn 0.433925 0.717176 -0.545314
vn 0.436415 0.716429 -0.544308
vn 0.412514 0.723333 -0.553734
vn 0.412514 0.723333 -0.553734
vn 0.498892 0.453350 -0.738634
vn 0.498892 0.453350 -0.738634
vn 0.381010 0.706119 -0.596848
vn 0.381010 0.706119 -0.596848
vn 0.411537 0.696635 -0.587654
vn 0.411538 0.696635 -0.587654
vn 0.567141 0.388396 -0.726292
vn 0.567141 0.388396 -0.726292
vn 0.463775 0.707778 -0.532882
vn 0.463775 0.707778 -0.532882
vn 0.225829 0.889758 -0.396652
vn 0.225829 0.889758 -0.396652
vn 0.138895 0.949726 -0.280587
vn 0.138894 0.949726 -0.280587
vn 0.225829 0.889759 -0.396648
vn 0.225829 0.889759 -0.396648
vn 0.225828 0.889759 -0.396650
vn 0.225828 0.889759 -0.396650
vn 0.048541 0.986306 -0.157622
vn 0.048541 0.986306 -0.157622
vn -0.043008 0.998601 -0.030764
vn -0.043008 0.998601 -0.030765
vn 0.048541 0.986307 -0.157617
vn 0.048541 0.986307 -0.157617
vn 0.048541 0.986306 -0.157619
vn 0.048541 0.986306 -0.157619
vn -0.133494 0.986307 0.096838
vn -0.133494 0.986307 0.096838
vn -0.220698 0.949726 0.222065
vn -0.220698 0.949726 0.222065
vn -0.133494 0.986307 0.096841
vn -0.133494 0.986307 0.096841
vn -0.133497 0.986306 0.096846
vn -0.133497 0.986306 0.096846
vn -0.302464 0.889760 0.341822
vn -0.302464 0.889760 0.341822
vn -0.376787 0.807883 0.453163
vn -0.376787 0.807883 0.453163
vn -0.302466 0.889760 0.341822
vn -0.302466 0.889760 0.341822
vn -0.302466 0.889761 0.341819
vn -0.302466 0.889761 0.341819
vn -0.441829 0.706113 0.553345
vn -0.441829 0.706113 0.553345
vn -0.470424 0.427519 0.771964
vn -0.471667 0.426237 0.771915
vn -0.503980 0.391827 0.769725
vn -0.503980 0.391827 0.769725
vn -0.441829 0.706114 0.553345
vn -0.441829 0.706113 0.553345
vn -0.537940 0.453358 0.710695
vn -0.537940 0.453358 0.710695
vn -0.509766 0.478572 0.714918
vn -0.509765 0.478573 0.714918
vn -0.410937 0.695229 0.589736
vn -0.410937 0.695229 0.589736
vn -0.441656 0.456420 0.772412
vn -0.441656 0.456420 0.772412
vn -0.581392 0.156223 0.798485
vn -0.581392 0.156223 0.798485
vn -0.581833 0.000003 0.813308
vn -0.581833 0.000003 0.813308
vn -0.581398 0.156217 0.798481
vn -0.581398 0.156217 0.798481
vn -0.581398 0.156211 0.798483
vn -0.581398 0.156211 0.798483
vn -0.567945 -0.156204 0.808108
vn -0.567945 -0.156204 0.808108
vn -0.540068 -0.308584 0.783008
vn -0.540068 -0.308584 0.783008
vn -0.567944 -0.156219 0.808106
vn -0.567944 -0.156219 0.808106
vn -0.567941 -0.156210 0.808110
vn -0.567941 -0.156209 0.808110
vn -0.498896 -0.453352 0.738631
vn -0.498896 -0.453352 0.738631
vn -0.445432 -0.586965 0.676064
vn -0.445432 -0.586965 0.676064
vn -0.498892 -0.453355 0.738631
vn -0.498892 -0.453355 0.738631
vn -0.498894 -0.453352 0.738631
vn -0.498894 -0.453352 0.738631
vn -0.381006 -0.706118 0.596851
vn -0.381007 -0.706118 0.596851
vn -0.307200 -0.807886 0.502940
vn -0.307200 -0.807886 0.502940
vn -0.381011 -0.706115 0.596852
vn -0.381011 -0.706115 0.596852
vn -0.381005 -0.706120 0.596850
vn -0.381005 -0.706120 0.596850
vn -0.225827 -0.889759 0.396650
vn -0.225827 -0.889759 0.396650
vn -0.138894 -0.949726 0.280586
vn -0.138894 -0.949726 0.280586
vn -0.225826 -0.889760 0.396649
vn -0.225826 -0.889760 0.396649
vn -0.225825 -0.889762 0.396644
vn -0.225825 -0.889762 0.396644
vn -0.048542 -0.986306 0.157622
vn -0.048542 -0.986306 0.157622
vn 0.043006 -0.998601 0.030766
vn 0.043006 -0.998601 0.030766
vn -0.048542 -0.986306 0.157621
vn -0.048542 -0.986306 0.157621
vn -0.048543 -0.986307 0.157615
vn -0.048543 -0.986307 0.157615
vn 0.133494 -0.986307 -0.096842
vn 0.133494 -0.986307 -0.096842
vn 0.133496 -0.986307 -0.096835
vn 0.133496 -0.986307 -0.096835
vn 0.133495 -0.986306 -0.096845
vn 0.133495 -0.986306 -0.096845
vn -0.812170 -0.052877 -0.581019
vn -0.812171 -0.052877 -0.581019
vn -0.812170 -0.052881 -0.581019
vn -0.812171 -0.052879 -0.581019
vn -0.812167 -0.052881 -0.581024
vn -0.812167 -0.052878 -0.581023
vn -0.812171 -0.052882 -0.581018
vn -0.812171 -0.052882 -0.581018
vn -0.812170 -0.052873 -0.581021
vn -0.812166 -0.052885 -0.581025
vn -0.812171 -0.052866 -0.581020
vn -0.812171 -0.052866 -0.581020
vn -0.812171 -0.052876 -0.581019
vn -0.812173 -0.052862 -0.581017
vn -0.812171 -0.052877 -0.581018
vn -0.812171 -0.052877 -0.581018
vn -0.812169 -0.052887 -0.581020
vn -0.812169 -0.052890 -0.581021
vn -0.812174 -0.052867 -0.581015
vn -0.812174 -0.052867 -0.581015
vn -0.812171 -0.052877 -0.581019
vn -0.812170 -0.052883 -0.581020
vn -0.812169 -0.052877 -0.581021
vn -0.812169 -0.052877 -0.581021
vn -0.812169 -0.052878 -0.581021
vn -0.812172 -0.052872 -0.581018
vn -0.812171 -0.052887 -0.581018
vn -0.812171 -0.052887 -0.581018
vn -0.812168 -0.052879 -0.581023
vn -0.812167 -0.052884 -0.581024
vn -0.812176 -0.052871 -0.581012
vn -0.812176 -0.052871 -0.581012
vn -0.812171 -0.052881 -0.581018
vn -0.812169 -0.052875 -0.581022
vn -0.812168 -0.052875 -0.581023
vn -0.812168 -0.052875 -0.581023
vn -0.812170 -0.052882 -0.581020
vn -0.812173 -0.052887 -0.581015
vn -0.812173 -0.052878 -0.581016
vn -0.812173 -0.052878 -0.581016
vn -0.812171 -0.052879 -0.581019
vn -0.812166 -0.052878 -0.581025
vn -0.812174 -0.052882 -0.581014
vn -0.812174 -0.052882 -0.581014
vn -0.812175 -0.052881 -0.581012
vn -0.812175 -0.052881 -0.581012
vn -0.812171 -0.052882 -0.581018
vn -0.812171 -0.052882 -0.581018
vn -0.812172 -0.052881 -0.581017
vn -0.812176 -0.052880 -0.581012
vn -0.812176 -0.052877 -0.581011
vn -0.812176 -0.052877 -0.581011
vn -0.812170 -0.052878 -0.581019
vn -0.812168 -0.052881 -0.581022
vn -0.812169 -0.052877 -0.581021
vn -0.812169 -0.052877 -0.581021
vn -0.812170 -0.052875 -0.581020
vn -0.812172 -0.052875 -0.581017
vn -0.812171 -0.052887 -0.581017
vn -0.812171 -0.052887 -0.581017
vn -0.812170 -0.052880 -0.581019
vn -0.812168 -0.052875 -0.581022
vn -0.812172 -0.052876 -0.581018
vn -0.812172 -0.052876 -0.581018
vn -0.812170 -0.052878 -0.581020
vn -0.812172 -0.052886 -0.581016
vn -0.812172 -0.052887 -0.581016
vn -0.812172 -0.052887 -0.581016
vn -0.812169 -0.052878 -0.581021
vn -0.812168 -0.052869 -0.581023
vn -0.812174 -0.052867 -0.581015
vn -0.812174 -0.052867 -0.581015
vn -0.812173 -0.052882 -0.581015
vn -0.812170 -0.052887 -0.581018
vn -0.812172 -0.052884 -0.581017
vn -0.812172 -0.052884 -0.581017
vn -0.812174 -0.052880 -0.581013
vn -0.812176 -0.052877 -0.581012
vn -0.812169 -0.052877 -0.581021
vn -0.812169 -0.052877 -0.581021
vn -0.812173 -0.052884 -0.581014
vn 0.812175 0.052877 0.581013
vn 0.812175 0.052877 0.581013
vn 0.812174 0.052877 0.581014
vn 0.812171 0.052878 0.581019
vn 0.812174 0.052881 0.581013
vn 0.812181 0.052878 0.581005
vn 0.812176 0.052871 0.581012
vn 0.812176 0.052871 0.581012
vn 0.812167 0.052879 0.581024
vn 0.812168 0.052876 0.581022
vn 0.812169 0.052877 0.581021
vn 0.812169 0.052877 0.581021
vn 0.812169 0.052881 0.581020
vn 0.812166 0.052883 0.581025
vn 0.812169 0.052877 0.581021
vn 0.812169 0.052877 0.581021
vn 0.812173 0.052881 0.581016
vn 0.812173 0.052879 0.581016
vn 0.812170 0.052877 0.581020
vn 0.812170 0.052877 0.581019
vn 0.812173 0.052877 0.581016
vn 0.812172 0.052882 0.581016
vn 0.812171 0.052880 0.581019
vn 0.812171 0.052880 0.581018
vn 0.812173 0.052872 0.581016
vn 0.812173 0.052872 0.581017
vn 0.812169 0.052892 0.581020
vn 0.812169 0.052892 0.581020
vn 0.812171 0.052875 0.581018
vn 0.812174 0.052871 0.581014
vn 0.812172 0.052877 0.581018
vn 0.812172 0.052877 0.581017
vn 0.812169 0.052881 0.581021
vn 0.812169 0.052878 0.581021
vn 0.812174 0.052881 0.581014
vn 0.812174 0.052881 0.581014
vn 0.812170 0.052882 0.581019
vn 0.812169 0.052884 0.581021
vn 0.812175 0.052878 0.581013
vn 0.812175 0.052878 0.581013
vn 0.812170 0.052878 0.581020
vn 0.812171 0.052879 0.581018
vn 0.812175 0.052881 0.581013
vn 0.812175 0.052881 0.581013
vn 0.812171 0.052883 0.581017
vn 0.812169 0.052878 0.581021
vn 0.812164 0.052885 0.581027
vn 0.812164 0.052885 0.581027
vn 0.812171 0.052876 0.581019
vn 0.812175 0.052892 0.581011
vn 0.812169 0.052879 0.581020
vn 0.812170 0.052879 0.581020
vn 0.812170 0.052879 0.581019
vn 0.812168 0.052864 0.581024
vn 0.812169 0.052887 0.581020
vn 0.812169 0.052887 0.581020
vn 0.812173 0.052887 0.581015
vn 0.812172 0.052892 0.581015
vn 0.812170 0.052886 0.581019
vn 0.812170 0.052886 0.581019
vn 0.812170 0.052875 0.581020
vn 0.812173 0.052882 0.581015
vn 0.812168 0.052887 0.581021
vn 0.812168 0.052887 0.581021
vn 0.812172 0.052871 0.581017
vn 0.812168 0.052868 0.581024
vn 0.812171 0.052877 0.581019
vn 0.812171 0.052877 0.581019
vn 0.812171 0.052878 0.581019
vn 0.812176 0.052874 0.581011
vn 0.812173 0.052876 0.581016
vn 0.812173 0.052876 0.581016
vn 0.812168 0.052881 0.581023
vn 0.812165 0.052882 0.581026
vn 0.812164 0.052879 0.581028
vn 0.812164 0.052879 0.581028
vn 0.812169 0.052882 0.581020
vn 0.812170 0.052880 0.581019
vn 0.812170 0.052883 0.581019
vn 0.812170 0.052883 0.581019
vn 0.812168 0.052883 0.581022
vn -0.850798 0.289174 -0.438772
vn 0.053018 0.122987 -0.990991
vn -0.075177 0.179416 -0.980897
vn -0.834899 0.342848 -0.430579
vn 0.566478 -0.038131 -0.823194
vn 0.471970 -0.011590 -0.881538
vn 0.916122 -0.197796 -0.348708
vn 0.854351 -0.191277 -0.483216
vn 0.850752 -0.289338 0.438753
vn 0.842244 -0.319300 0.434364
vn 0.247077 -0.197794 0.948594
vn 0.101672 -0.191276 0.976256
vn -0.342239 -0.038129 0.938839
vn -0.444572 -0.011590 0.895668
vn -0.776658 0.122989 0.617800
vn -0.842766 0.179417 0.507499
vn -0.096840 0.246803 -0.964215
vn -0.797324 0.441800 -0.411202
vn 0.480110 -0.022376 -0.876923
vn 0.856018 -0.269060 -0.441406
vn 0.809398 -0.413080 0.417419
vn 0.136705 -0.269062 0.953371
vn -0.436095 -0.022376 0.899622
vn -0.841737 0.246804 0.480174
vn -0.116672 0.357648 -0.926540
vn -0.725202 0.578105 -0.374000
vn 0.498209 -0.057351 -0.865158
vn 0.832116 -0.415041 -0.367865
vn 0.735918 -0.560703 0.379521
vn 0.182772 -0.415042 0.891255
vn -0.416019 -0.057352 0.907546
vn -0.822536 0.357654 0.442175
vn 0.005934 0.476275 -0.879277
vn -0.575839 0.761723 -0.296966
vn 0.518207 -0.085248 -0.850996
vn 0.717054 -0.585949 -0.377488
vn 0.548144 -0.787163 0.282686
vn 0.108214 -0.585949 0.803090
vn -0.392876 -0.085251 0.915631
vn -0.712941 0.476280 0.514657
vn 0.316382 0.485740 -0.814837
vn -0.217893 0.969482 -0.112369
vn 0.518489 -0.110033 -0.847975
vn 0.520890 -0.636418 -0.568899
vn 0.166693 -0.982254 0.085971
vn -0.161485 -0.636417 0.754252
vn -0.390249 -0.110037 0.914110
vn -0.480435 0.485746 0.730228
vn 0.465265 0.350539 -0.812804
vn 0.105731 0.992898 0.054535
vn 0.446878 -0.099869 -0.889003
vn 0.315093 -0.588816 -0.744320
vn -0.091286 -0.994711 -0.047077
vn -0.423737 -0.588817 0.688289
vn -0.465206 -0.099868 0.879551
vn -0.392455 0.350536 0.850355
vn -0.416881 0.883170 -0.214993
vn -0.416881 0.883170 -0.214993
vn -0.416881 0.883170 -0.214993
vn -0.416881 0.883170 -0.214993
vn -0.416881 0.883170 -0.214993
vn -0.416881 0.883170 -0.214993
vn -0.416881 0.883170 -0.214993
vn -0.416881 0.883170 -0.214993
vn -0.641793 0.691774 -0.330984
vn -0.641793 0.691774 -0.330984
vn -0.641793 0.691774 -0.330984
vn -0.641793 0.691774 -0.330984
vn -0.641793 0.691774 -0.330984
vn -0.641793 0.691774 -0.330984
vn -0.641793 0.691774 -0.330984
vn -0.641793 0.691774 -0.330984
vn -0.850796 0.289176 -0.438775
vn 0.053022 0.122989 -0.990991
vn -0.075166 0.179419 -0.980897
vn -0.834900 0.342849 -0.430576
vn 0.566476 -0.038129 -0.823196
vn 0.471966 -0.011590 -0.881540
vn 0.916124 -0.197793 -0.348704
vn 0.854351 -0.191279 -0.483215
vn 0.850754 -0.289334 0.438752
vn 0.842245 -0.319298 0.434365
vn 0.247081 -0.197793 0.948593
vn 0.101679 -0.191276 0.976255
vn -0.342237 -0.038131 0.938840
vn -0.444569 -0.011592 0.895669
vn -0.776666 0.122986 0.617790
vn -0.842770 0.179415 0.507492
vn -0.096833 0.246805 -0.964215
vn -0.797327 0.441798 -0.411199
vn 0.480106 -0.022374 -0.876925
vn 0.856018 -0.269064 -0.441405
vn 0.809395 -0.413082 0.417423
vn 0.136709 -0.269062 0.953371
vn -0.436094 -0.022376 0.899623
vn -0.841736 0.246805 0.480174
vn -0.116665 0.357651 -0.926539
vn -0.725202 0.578106 -0.373999
vn 0.498204 -0.057350 -0.865161
vn 0.832115 -0.415046 -0.367860
vn 0.735914 -0.560704 0.379527
vn 0.182768 -0.415043 0.891255
vn -0.416020 -0.057347 0.907546
vn -0.822535 0.357650 0.442180
vn 0.005932 0.476277 -0.879275
vn -0.575837 0.761724 -0.296967
vn 0.518206 -0.085247 -0.850997
vn 0.717054 -0.585951 -0.377485
vn 0.548140 -0.787165 0.282688
vn 0.108209 -0.585951 0.803089
vn -0.392881 -0.085249 0.915629
vn -0.712939 0.476276 0.514664
vn 0.316380 0.485744 -0.814835
vn -0.217891 0.969482 -0.112372
vn 0.518491 -0.110034 -0.847974
vn 0.520893 -0.636416 -0.568898
vn 0.166693 -0.982254 0.085970
vn -0.161481 -0.636420 0.754250
vn -0.390251 -0.110035 0.914110
vn -0.480433 0.485742 0.730232
vn 0.465268 0.350535 -0.812804
vn 0.105740 0.992898 0.054526
vn 0.446881 -0.099866 -0.889002
vn 0.315092 -0.588817 -0.744319
vn -0.091287 -0.994711 -0.047077
vn -0.423731 -0.588819 0.688291
vn -0.465199 -0.099869 0.879554
vn -0.392455 0.350542 0.850353
vn -0.416881 0.883169 -0.214994
vn -0.416881 0.883169 -0.214994
vn -0.416881 0.883169 -0.214994
vn -0.416881 0.883169 -0.214994
vn -0.416881 0.883169 -0.214994
vn -0.416881 0.883169 -0.214994
vn -0.416881 0.883169 -0.214994
vn -0.416881 0.883169 -0.214994
vn -0.641796 0.691773 -0.330981
vn -0.641796 0.691773 -0.330981
vn -0.641796 0.691773 -0.330981
vn -0.641796 0.691773 -0.330981
vn -0.641796 0.691773 -0.330981
vn -0.641796 0.691773 -0.330981
vn -0.641796 0.691773 -0.330981
vn -0.641796 0.691773 -0.330981
vn 0.181024 -0.951056 -0.250446
vn 0.181024 -0.951056 -0.250446
vn 0.265297 -0.891005 -0.368412
vn 0.265297 -0.891005 -0.368412
vn -0.335623 -0.815575 0.471375
vn -0.335079 -0.816236 0.470618
vn 0.412332 -0.707106 -0.574443
vn 0.412332 -0.707106 -0.574443
vn 0.471472 -0.587784 -0.657437
vn 0.471472 -0.587784 -0.657437
vn 0.519003 -0.453989 -0.724244
vn 0.519003 -0.453989 -0.724244
vn 0.553754 -0.309015 -0.773218
vn 0.553754 -0.309015 -0.773218
vn 0.574869 -0.156428 -0.803154
vn 0.574869 -0.156428 -0.803154
vn 0.581833 -0.000003 -0.813308
vn 0.581833 -0.000002 -0.813308
vn 0.574468 0.156438 -0.803439
vn 0.574468 0.156438 -0.803439
vn 0.552956 0.309016 -0.773789
vn 0.552956 0.309016 -0.773789
vn 0.517827 0.453991 -0.725084
vn 0.517827 0.453991 -0.725084
vn 0.469952 0.587785 -0.658523
vn 0.469952 0.587785 -0.658523
vn 0.410503 0.707108 -0.575748
vn 0.410503 0.707108 -0.575748
vn 0.340947 0.809017 -0.478797
vn 0.340946 0.809017 -0.478797
vn 0.262995 0.891007 -0.370054
vn 0.262995 0.891007 -0.370054
vn 0.178567 0.951055 -0.252207
vn 0.178567 0.951055 -0.252207
vn 0.089742 0.987687 -0.128141
vn 0.089742 0.987687 -0.128141
vn -0.001293 0.999999 -0.000925
vn -0.001293 0.999999 -0.000925
vn -0.092295 0.987687 0.126320
vn -0.092295 0.987687 0.126320
vn -0.181025 0.951055 0.250448
vn -0.181025 0.951055 0.250448
vn -0.265298 0.891004 0.368413
vn -0.265298 0.891004 0.368413
vn -0.343039 0.809016 0.477303
vn -0.343039 0.809016 0.477303
vn -0.412332 0.707105 0.574444
vn -0.412332 0.707105 0.574444
vn -0.471473 0.587785 0.657436
vn -0.471473 0.587785 0.657436
vn -0.519005 0.453990 0.724242
vn -0.519005 0.453990 0.724242
vn -0.553755 0.309013 0.773219
vn -0.553755 0.309013 0.773218
vn -0.574871 0.156430 0.803152
vn -0.574871 0.156430 0.803152
vn -0.581833 -0.000000 0.813308
vn -0.581833 -0.000000 0.813308
vn -0.574466 -0.156432 0.803441
vn -0.574466 -0.156432 0.803441
vn -0.552956 -0.309018 0.773788
vn -0.552956 -0.309018 0.773788
vn -0.517828 -0.453995 0.725081
vn -0.517828 -0.453995 0.725081
vn -0.469952 -0.587785 0.658524
vn -0.469952 -0.587785 0.658524
vn -0.410502 -0.707107 0.575749
vn -0.410502 -0.707107 0.575749
vn 0.337732 -0.815576 -0.469864
vn 0.337191 -0.816236 -0.469106
vn 0.524208 -0.435910 -0.731565
vn 0.524208 -0.435910 -0.731565
vn -0.178567 -0.951055 0.252206
vn -0.178567 -0.951055 0.252206
vn -0.089742 -0.987687 0.128143
vn -0.089742 -0.987687 0.128143
vn 0.001292 -0.999999 0.000925
vn 0.001292 -0.999999 0.000925
vn 0.092295 -0.987688 -0.126314
vn 0.092295 -0.987688 -0.126314
vn -0.814308 -0.003466 -0.580422
vn -0.813425 -0.001812 -0.581667
vn 0.801522 -0.019755 0.597638
vn 0.801522 -0.019755 0.597638
vn -0.813311 -0.001590 -0.581828
vn -0.813311 -0.001590 -0.581828
vn -0.813312 -0.001594 -0.581826
vn -0.813312 -0.001594 -0.581826
vn -0.813306 -0.001585 -0.581834
vn -0.813306 -0.001585 -0.581834
vn -0.813304 -0.001593 -0.581836
vn -0.813304 -0.001593 -0.581836
vn -0.813307 -0.001593 -0.581833
vn -0.813307 -0.001593 -0.581833
vn -0.813306 -0.001591 -0.581833
vn -0.813306 -0.001591 -0.581833
vn -0.813309 -0.001585 -0.581830
vn -0.813309 -0.001585 -0.581830
vn -0.813309 -0.001592 -0.581829
vn -0.813309 -0.001592 -0.581829
vn -0.813308 -0.001589 -0.581831
vn -0.813308 -0.001589 -0.581831
vn -0.813306 -0.001584 -0.581834
vn -0.813306 -0.001584 -0.581834
vn -0.813309 -0.001593 -0.581829
vn -0.813309 -0.001593 -0.581829
vn -0.813307 -0.001592 -0.581832
vn -0.813307 -0.001592 -0.581832
vn -0.813307 -0.001590 -0.581832
vn -0.813307 -0.001590 -0.581832
vn -0.813303 -0.001588 -0.581838
vn -0.813303 -0.001588 -0.581838
vn -0.813311 -0.001590 -0.581827
vn -0.813311 -0.001590 -0.581827
vn -0.813310 -0.001591 -0.581829
vn -0.813310 -0.001591 -0.581829
vn -0.813307 -0.001592 -0.581833
vn -0.813307 -0.001592 -0.581833
vn -0.813302 -0.001590 -0.581839
vn -0.813302 -0.001590 -0.581839
vn -0.813306 -0.001593 -0.581834
vn -0.813306 -0.001593 -0.581834
vn -0.813309 -0.001591 -0.581831
vn -0.813309 -0.001591 -0.581831
vn -0.813308 -0.001591 -0.581831
vn -0.813308 -0.001591 -0.581831
vn -0.813307 -0.001587 -0.581833
vn -0.813307 -0.001587 -0.581833
vn -0.813308 -0.001591 -0.581832
vn -0.813308 -0.001591 -0.581832
vn -0.813307 -0.001579 -0.581832
vn -0.813307 -0.001579 -0.581832
vn -0.813308 -0.001589 -0.581832
vn -0.813308 -0.001589 -0.581832
vn -0.813307 -0.001592 -0.581832
vn -0.813308 -0.001592 -0.581832
vn -0.813308 -0.001595 -0.581831
vn -0.813308 -0.001595 -0.581831
vn -0.813309 -0.001587 -0.581829
vn -0.813309 -0.001587 -0.581829
vn -0.813308 -0.001589 -0.581831
vn -0.813308 -0.001589 -0.581831
vn -0.813307 -0.001588 -0.581833
vn -0.813307 -0.001588 -0.581833
vn -0.812292 -0.003459 -0.583241
vn -0.813188 -0.001808 -0.581999
vn -0.813305 -0.001590 -0.581835
vn -0.813305 -0.001590 -0.581835
vn -0.814310 -0.005868 -0.580400
vn -0.814074 -0.006604 -0.580724
vn -0.813916 -0.007097 -0.580940
vn -0.813916 -0.007097 -0.580940
vn -0.813287 -0.007398 -0.581816
vn -0.813287 -0.007398 -0.581816
vn -0.812874 -0.007398 -0.582393
vn -0.812874 -0.007398 -0.582393
vn -0.812279 -0.005867 -0.583240
vn -0.812508 -0.006598 -0.582913
vn -0.812202 -0.005623 -0.583349
vn -0.812202 -0.005623 -0.583349
vn 0.812277 0.005867 0.583242
vn 0.812504 0.006610 0.582918
vn 0.812656 0.007107 0.582701
vn 0.812656 0.007107 0.582701
vn 0.814311 0.003456 0.580419
vn 0.813422 0.001807 0.581672
vn 0.813304 0.001590 0.581836
vn 0.813304 0.001590 0.581836
vn 0.813308 0.001591 0.581831
vn 0.813308 0.001591 0.581831
vn 0.813310 0.001591 0.581828
vn 0.813310 0.001591 0.581828
vn 0.813307 0.001585 0.581833
vn 0.813307 0.001585 0.581833
vn 0.813309 0.001580 0.581831
vn 0.813309 0.001580 0.581831
vn 0.813307 0.001589 0.581833
vn 0.813307 0.001589 0.581832
vn 0.813307 0.001584 0.581832
vn 0.813307 0.001584 0.581833
vn 0.813308 0.001593 0.581831
vn 0.813308 0.001593 0.581831
vn 0.813308 0.001591 0.581831
vn 0.813308 0.001591 0.581831
vn 0.813307 0.001586 0.581832
vn 0.813307 0.001586 0.581832
vn 0.813306 0.001583 0.581834
vn 0.813306 0.001583 0.581834
vn 0.813309 0.001589 0.581830
vn 0.813309 0.001589 0.581830
vn 0.813310 0.001592 0.581828
vn 0.813310 0.001592 0.581828
vn 0.813306 0.001590 0.581834
vn 0.813306 0.001590 0.581834
vn 0.813307 0.001590 0.581833
vn 0.813307 0.001590 0.581833
vn 0.813306 0.001591 0.581834
vn 0.813306 0.001591 0.581834
vn 0.813304 0.001591 0.581837
vn 0.813304 0.001591 0.581837
vn 0.813307 0.001588 0.581833
vn 0.813307 0.001588 0.581833
vn 0.813306 0.001585 0.581834
vn 0.813306 0.001585 0.581834
vn 0.813308 0.001591 0.581832
vn 0.813308 0.001591 0.581832
vn 0.813304 0.001589 0.581836
vn 0.813304 0.001589 0.581836
vn 0.813308 0.001587 0.581832
vn 0.813308 0.001587 0.581832
vn 0.813309 0.001593 0.581830
vn 0.813309 0.001593 0.581830
vn 0.813307 0.001592 0.581833
vn 0.813307 0.001592 0.581833
vn 0.813308 0.001598 0.581831
vn 0.813308 0.001598 0.581831
vn 0.813308 0.001592 0.581831
vn 0.813308 0.001592 0.581831
vn 0.813308 0.001589 0.581831
vn 0.813308 0.001589 0.581831
vn 0.813310 0.001591 0.581828
vn 0.813310 0.001591 0.581828
vn 0.813311 0.001588 0.581827
vn 0.813311 0.001588 0.581827
vn 0.813305 0.001589 0.581835
vn 0.813305 0.001589 0.581835
vn 0.813306 0.001588 0.581834
vn 0.813306 0.001588 0.581834
vn 0.812293 0.003459 0.583239
vn 0.813190 0.001804 0.581996
vn -0.824507 0.019783 -0.565507
vn -0.824507 0.019783 -0.565507
vn 0.814307 0.005873 0.580404
vn 0.814075 0.006601 0.580722
vn 0.814385 0.005630 0.580298
vn 0.814385 0.005630 0.580298
vn 0.813287 0.007401 0.581816
vn 0.813287 0.007401 0.581816
vn 0.813696 0.007398 0.581243
vn 0.813696 0.007398 0.581243
vn -0.523080 -0.435910 0.732373
vn -0.523080 -0.435910 0.732373
vn -0.335079 -0.816237 0.470616
vn -0.335622 -0.815576 0.471374
vn -0.523080 -0.435913 0.732371
vn -0.523080 -0.435913 0.732371
vn 0.265301 -0.891004 -0.368412
vn 0.181026 -0.951056 -0.250446
vn 0.181026 -0.951056 -0.250446
vn 0.265301 -0.891004 -0.368412
vn 0.412332 -0.707106 -0.574442
vn 0.412332 -0.707106 -0.574442
vn 0.471473 -0.587783 -0.657438
vn 0.471473 -0.587783 -0.657438
vn 0.412333 -0.707104 -0.574444
vn 0.412333 -0.707104 -0.574444
vn 0.412334 -0.707105 -0.574442
vn 0.412334 -0.707105 -0.574442
vn 0.519003 -0.453992 -0.724243
vn 0.519003 -0.453992 -0.724243
vn 0.553755 -0.309018 -0.773216
vn 0.553755 -0.309018 -0.773216
vn 0.519002 -0.453992 -0.724243
vn 0.519002 -0.453992 -0.724243
vn 0.519004 -0.453989 -0.724243
vn 0.519004 -0.453989 -0.724244
vn 0.574871 -0.156443 -0.803150
vn 0.574871 -0.156443 -0.803150
vn 0.581833 0.000004 -0.813308
vn 0.581834 0.000004 -0.813308
vn 0.574873 -0.156430 -0.803150
vn 0.574873 -0.156430 -0.803150
vn 0.574873 -0.156435 -0.803150
vn 0.574873 -0.156435 -0.803150
vn 0.574468 0.156431 -0.803440
vn 0.574469 0.156431 -0.803440
vn 0.552956 0.309014 -0.773789
vn 0.552956 0.309014 -0.773789
vn 0.574465 0.156429 -0.803442
vn 0.574465 0.156428 -0.803442
vn 0.574467 0.156437 -0.803439
vn 0.574467 0.156438 -0.803439
vn 0.517830 0.453990 -0.725084
vn 0.517830 0.453990 -0.725084
vn 0.469954 0.587784 -0.658523
vn 0.469954 0.587784 -0.658523
vn 0.517831 0.453989 -0.725082
vn 0.517831 0.453989 -0.725082
vn 0.517831 0.453991 -0.725082
vn 0.517831 0.453991 -0.725082
vn 0.410502 0.707107 -0.575750
vn 0.410502 0.707107 -0.575750
vn 0.340946 0.809016 -0.478799
vn 0.340946 0.809016 -0.478799
vn 0.410503 0.707105 -0.575751
vn 0.410503 0.707105 -0.575751
vn 0.410505 0.707106 -0.575749
vn 0.410505 0.707106 -0.575749
vn 0.262995 0.891004 -0.370063
vn 0.262995 0.891004 -0.370063
vn 0.178567 0.951055 -0.252206
vn 0.178567 0.951055 -0.252206
vn 0.262996 0.891006 -0.370057
vn 0.262996 0.891006 -0.370057
vn 0.262995 0.891006 -0.370058
vn 0.262995 0.891006 -0.370058
vn 0.089742 0.987686 -0.128148
vn 0.089742 0.987686 -0.128148
vn -0.001293 0.999999 -0.000926
vn -0.001293 0.999999 -0.000926
vn 0.089742 0.987687 -0.128142
vn 0.089742 0.987687 -0.128142
vn 0.089742 0.987687 -0.128144
vn 0.089742 0.987687 -0.128144
vn -0.092295 0.987687 0.126316
vn -0.092295 0.987687 0.126316
vn -0.181026 0.951056 0.250446
vn -0.181026 0.951055 0.250446
vn -0.092296 0.987687 0.126319
vn -0.092296 0.987687 0.126319
vn -0.092295 0.987688 0.126312
vn -0.092295 0.987688 0.126313
vn -0.265299 0.891006 0.368409
vn -0.265299 0.891006 0.368409
vn -0.343038 0.809015 0.477304
vn -0.343038 0.809015 0.477304
vn -0.265297 0.891006 0.368410
vn -0.265297 0.891006 0.368410
vn -0.265299 0.891006 0.368407
vn -0.265299 0.891006 0.368407
vn -0.412332 0.707106 0.574441
vn -0.412333 0.707106 0.574441
vn -0.471471 0.587786 0.657437
vn -0.471471 0.587785 0.657437
vn -0.412331 0.707108 0.574440
vn -0.412331 0.707108 0.574440
vn -0.412332 0.707104 0.574445
vn -0.412332 0.707104 0.574445
vn -0.519003 0.453986 0.724246
vn -0.519003 0.453986 0.724246
vn -0.553755 0.309016 0.773217
vn -0.553755 0.309016 0.773217
vn -0.519003 0.453992 0.724243
vn -0.519003 0.453992 0.724243
vn -0.519002 0.453989 0.724245
vn -0.519002 0.453989 0.724245
vn -0.574873 0.156432 0.803150
vn -0.574873 0.156432 0.803150
vn -0.581833 -0.000001 0.813308
vn -0.581833 -0.000001 0.813308
vn -0.574871 0.156436 0.803151
vn -0.574871 0.156436 0.803151
vn -0.574871 0.156431 0.803151
vn -0.574871 0.156431 0.803151
vn -0.574467 -0.156431 0.803440
vn -0.574467 -0.156431 0.803440
vn -0.552956 -0.309016 0.773789
vn -0.552956 -0.309016 0.773789
vn -0.574467 -0.156435 0.803440
vn -0.574467 -0.156435 0.803440
vn -0.574469 -0.156438 0.803438
vn -0.574469 -0.156438 0.803438
vn -0.517830 -0.453988 0.725084
vn -0.517830 -0.453988 0.725084
vn -0.469954 -0.587784 0.658524
vn -0.469954 -0.587784 0.658524
vn -0.517830 -0.453990 0.725082
vn -0.517830 -0.453990 0.725082
vn -0.517829 -0.453989 0.725084
vn -0.517829 -0.453989 0.725084
vn -0.410504 -0.707105 0.575751
vn -0.410504 -0.707105 0.575751
vn 0.337189 -0.816236 -0.469109
vn 0.337730 -0.815575 -0.469867
vn -0.410505 -0.707105 0.575750
vn -0.410505 -0.707105 0.575750
vn -0.410505 -0.707105 0.575750
vn -0.410505 -0.707105 0.575750
vn -0.262995 -0.891005 0.370059
vn -0.262995 -0.891005 0.370059
vn -0.178567 -0.951055 0.252206
vn -0.178567 -0.951055 0.252206
vn -0.262995 -0.891005 0.370059
vn -0.262995 -0.891005 0.370059
vn 0.524206 -0.435911 -0.731566
vn 0.524206 -0.435911 -0.731566
vn -0.089743 -0.987687 0.128142
vn -0.089743 -0.987687 0.128142
vn 0.001292 -0.999999 0.000925
vn 0.001293 -0.999999 0.000925
vn -0.089742 -0.987687 0.128144
vn -0.089742 -0.987687 0.128144
vn -0.089741 -0.987687 0.128142
vn -0.089741 -0.987687 0.128142
vn 0.092294 -0.987688 -0.126313
vn 0.092294 -0.987688 -0.126313
vn 0.092293 -0.987688 -0.126313
vn 0.092293 -0.987688 -0.126313
vn 0.092295 -0.987687 -0.126316
vn 0.092295 -0.987687 -0.126316
vn -0.812661 -0.007087 -0.582694
vn -0.812661 -0.007087 -0.582694
vn -0.813308 -0.001590 -0.581831
vn -0.813308 -0.001589 -0.581832
vn -0.813308 -0.001585 -0.581831
vn -0.813306 -0.001590 -0.581833
vn -0.813308 -0.001594 -0.581831
vn -0.813308 -0.001594 -0.581831
vn -0.813309 -0.001585 -0.581830
vn -0.813310 -0.001579 -0.581828
vn -0.813309 -0.001586 -0.581829
vn -0.813309 -0.001586 -0.581829
vn -0.813307 -0.001593 -0.581832
vn -0.813308 -0.001590 -0.581831
vn -0.813308 -0.001577 -0.581832
vn -0.813308 -0.001577 -0.581832
vn -0.813308 -0.001593 -0.581831
vn -0.813307 -0.001596 -0.581833
vn -0.813307 -0.001594 -0.581833
vn -0.813307 -0.001594 -0.581833
vn -0.813309 -0.001590 -0.581830
vn -0.813310 -0.001590 -0.581829
vn -0.813308 -0.001577 -0.581831
vn -0.813308 -0.001577 -0.581831
vn -0.813307 -0.001590 -0.581833
vn -0.813307 -0.001590 -0.581832
vn -0.813310 -0.001594 -0.581828
vn -0.813310 -0.001594 -0.581828
vn -0.813307 -0.001590 -0.581833
vn -0.813306 -0.001591 -0.581834
vn -0.813311 -0.001594 -0.581826
vn -0.813311 -0.001594 -0.581826
vn -0.813307 -0.001589 -0.581833
vn -0.813308 -0.001590 -0.581832
vn -0.813311 -0.001591 -0.581826
vn -0.813312 -0.001591 -0.581826
vn -0.813307 -0.001588 -0.581832
vn -0.813306 -0.001588 -0.581835
vn -0.813313 -0.001589 -0.581825
vn -0.813313 -0.001589 -0.581825
vn -0.813309 -0.001588 -0.581830
vn -0.813309 -0.001589 -0.581830
vn -0.813311 -0.001594 -0.581827
vn -0.813311 -0.001594 -0.581827
vn -0.813307 -0.001586 -0.581832
vn -0.813308 -0.001588 -0.581831
vn -0.813304 -0.001594 -0.581837
vn -0.813304 -0.001594 -0.581837
vn -0.813307 -0.001590 -0.581833
vn -0.813307 -0.001585 -0.581833
vn -0.813310 -0.001594 -0.581829
vn -0.813310 -0.001594 -0.581829
vn -0.813308 -0.001592 -0.581831
vn -0.813307 -0.001596 -0.581832
vn -0.813308 -0.001603 -0.581831
vn -0.813308 -0.001603 -0.581831
vn -0.813308 -0.001588 -0.581832
vn -0.813309 -0.001589 -0.581830
vn -0.813308 -0.001586 -0.581831
vn -0.813308 -0.001586 -0.581831
vn -0.813307 -0.001588 -0.581832
vn -0.813307 -0.001586 -0.581833
vn -0.813307 -0.001603 -0.581833
vn -0.813307 -0.001603 -0.581833
vn -0.813306 -0.001592 -0.581834
vn -0.813308 -0.001590 -0.581832
vn -0.813309 -0.001590 -0.581829
vn -0.813309 -0.001590 -0.581829
vn -0.813306 -0.001592 -0.581834
vn -0.813304 -0.001594 -0.581837
vn 0.824492 -0.019729 0.565530
vn 0.824492 -0.019729 0.565530
vn -0.813309 -0.001589 -0.581831
vn -0.813309 -0.001591 -0.581831
vn -0.814389 -0.005623 -0.580292
vn -0.814389 -0.005623 -0.580292
vn -0.813309 -0.001589 -0.581830
vn -0.813308 -0.001588 -0.581831
vn -0.813699 -0.007398 -0.581239
vn -0.813699 -0.007398 -0.581239
vn -0.813309 -0.001590 -0.581829
vn -0.801451 0.019702 -0.597736
vn -0.801451 0.019702 -0.597736
vn 0.813308 0.001591 0.581831
vn 0.813308 0.001590 0.581832
vn 0.813309 0.001591 0.581830
vn 0.813309 0.001590 0.581830
vn 0.813306 0.001590 0.581834
vn 0.813306 0.001590 0.581834
vn 0.813307 0.001588 0.581833
vn 0.813307 0.001592 0.581832
vn 0.813305 0.001590 0.581835
vn 0.813305 0.001590 0.581835
vn 0.813307 0.001589 0.581833
vn 0.813307 0.001583 0.581833
vn 0.813307 0.001594 0.581833
vn 0.813307 0.001594 0.581833
vn 0.813308 0.001587 0.581832
vn 0.813308 0.001595 0.581832
vn 0.813309 0.001594 0.581830
vn 0.813309 0.001594 0.581830
vn 0.813308 0.001589 0.581831
vn 0.813307 0.001578 0.581832
vn 0.813308 0.001590 0.581831
vn 0.813308 0.001590 0.581831
vn 0.813307 0.001594 0.581833
vn 0.813308 0.001600 0.581831
vn 0.813308 0.001586 0.581831
vn 0.813308 0.001586 0.581831
vn 0.813307 0.001589 0.581833
vn 0.813305 0.001589 0.581835
vn 0.813305 0.001590 0.581836
vn 0.813305 0.001590 0.581836
vn 0.813308 0.001589 0.581831
vn 0.813309 0.001589 0.581830
vn 0.813308 0.001591 0.581831
vn 0.813308 0.001591 0.581831
vn 0.813308 0.001588 0.581831
vn 0.813307 0.001589 0.581832
vn 0.813308 0.001591 0.581832
vn 0.813308 0.001591 0.581832
vn 0.813309 0.001590 0.581830
vn 0.813308 0.001588 0.581831
vn 0.813311 0.001592 0.581827
vn 0.813311 0.001592 0.581827
vn 0.813309 0.001592 0.581829
vn 0.813310 0.001592 0.581828
vn 0.813306 0.001581 0.581834
vn 0.813306 0.001581 0.581834
vn 0.813307 0.001589 0.581832
vn 0.813309 0.001593 0.581830
vn 0.813306 0.001586 0.581834
vn 0.813306 0.001586 0.581834
vn 0.813307 0.001587 0.581833
vn 0.813306 0.001585 0.581834
vn 0.813308 0.001594 0.581832
vn 0.813308 0.001594 0.581831
vn 0.813307 0.001587 0.581832
vn 0.813308 0.001589 0.581832
vn 0.813309 0.001594 0.581830
vn 0.813309 0.001594 0.581830
vn 0.813307 0.001588 0.581833
vn 0.813307 0.001585 0.581832
vn 0.813305 0.001590 0.581836
vn 0.813305 0.001590 0.581836
vn 0.813307 0.001589 0.581832
vn 0.813306 0.001590 0.581834
vn 0.813308 0.001586 0.581832
vn 0.813307 0.001586 0.581832
vn 0.813308 0.001591 0.581831
vn 0.813309 0.001588 0.581830
vn 0.813919 0.007087 0.580935
vn 0.813919 0.007087 0.580935
vn 0.813307 0.001593 0.581833
vn 0.813307 0.001594 0.581832
vn 0.812878 0.007403 0.582388
vn 0.812878 0.007403 0.582387
vn 0.813307 0.001592 0.581832
vn 0.813306 0.001592 0.581834
vn 0.812201 0.005619 0.583350
vn 0.812201 0.005619 0.583351
vn 0.813309 0.001592 0.581830
vn 0.337073 -0.931189 -0.138812
vn 0.337073 -0.931189 -0.138812
vn 0.411495 -0.872392 -0.263826
vn 0.411495 -0.872392 -0.263826
vn -0.060568 -0.910272 0.409556
vn -0.155646 -0.841216 0.517813
vn -0.426295 -0.479509 0.767036
vn -0.426295 -0.479509 0.767036
vn 0.567914 -0.575508 -0.588442
vn 0.567914 -0.575508 -0.588442
vn 0.593494 -0.444504 -0.670955
vn 0.593494 -0.444504 -0.670955
vn 0.604459 -0.302561 -0.736943
vn 0.604459 -0.302561 -0.736944
vn 0.600540 -0.153167 -0.784788
vn 0.600540 -0.153167 -0.784788
vn 0.581834 0.000002 -0.813308
vn 0.581834 0.000003 -0.813308
vn 0.548801 0.153168 -0.821801
vn 0.548801 0.153168 -0.821801
vn 0.502251 0.302562 -0.810062
vn 0.502251 0.302562 -0.810062
vn 0.443342 0.444504 -0.778373
vn 0.443342 0.444505 -0.778373
vn 0.373512 0.575507 -0.727517
vn 0.373511 0.575507 -0.727517
vn 0.294483 0.692339 -0.658746
vn 0.294483 0.692339 -0.658746
vn 0.208206 0.792118 -0.573759
vn 0.208206 0.792118 -0.573760
vn 0.116801 0.872395 -0.474641
vn 0.116801 0.872395 -0.474641
vn 0.022521 0.931189 -0.363840
vn 0.022521 0.931189 -0.363840
vn -0.072315 0.967056 -0.244077
vn -0.072315 0.967056 -0.244077
vn -0.165368 0.979111 -0.118301
vn -0.165368 0.979111 -0.118301
vn -0.254351 0.967056 0.010385
vn -0.254351 0.967056 0.010385
vn -0.337071 0.931190 0.138813
vn -0.337071 0.931190 0.138813
vn -0.411490 0.872396 0.263821
vn -0.411490 0.872396 0.263821
vn -0.475779 0.792117 0.382342
vn -0.475779 0.792117 0.382342
vn -0.528347 0.692338 0.491445
vn -0.528347 0.692338 0.491445
vn -0.567916 0.575506 0.588442
vn -0.567916 0.575506 0.588442
vn -0.593496 0.444504 0.670954
vn -0.593496 0.444504 0.670954
vn -0.604456 0.302563 0.736945
vn -0.604456 0.302563 0.736945
vn -0.600538 0.153167 0.784789
vn -0.600538 0.153167 0.784789
vn -0.581834 -0.000003 0.813308
vn -0.581834 -0.000003 0.813308
vn -0.548801 -0.153166 0.821802
vn -0.548801 -0.153166 0.821802
vn -0.502254 -0.302561 0.810060
vn -0.502255 -0.302560 0.810060
vn -0.443339 -0.444510 0.778371
vn -0.443339 -0.444510 0.778371
vn -0.373513 -0.575506 0.727518
vn -0.373513 -0.575506 0.727517
vn -0.294485 -0.692336 0.658748
vn -0.294485 -0.692336 0.658748
vn 0.368051 -0.910273 -0.189585
vn 0.439802 -0.841216 -0.314530
vn -0.116801 -0.872396 0.474640
vn -0.116800 -0.872396 0.474640
vn -0.022522 -0.931189 0.363841
vn -0.022522 -0.931189 0.363841
vn 0.072314 -0.967056 0.244077
vn 0.072314 -0.967056 0.244077
vn 0.165368 -0.979111 0.118305
vn 0.165368 -0.979111 0.118304
vn 0.254351 -0.967056 -0.010380
vn 0.254351 -0.967056 -0.010380
vn -0.633906 -0.515762 -0.576327
vn -0.254993 -0.897836 0.358985
vn -0.627494 -0.389113 -0.674420
vn -0.627494 -0.389113 -0.674420
vn -0.796318 -0.203329 -0.569680
vn -0.796318 -0.203329 -0.569680
vn -0.796313 -0.203327 -0.569687
vn -0.796314 -0.203327 -0.569687
vn -0.796318 -0.203330 -0.569680
vn -0.796318 -0.203330 -0.569680
vn -0.796319 -0.203328 -0.569679
vn -0.796319 -0.203328 -0.569679
vn -0.796320 -0.203330 -0.569677
vn -0.796320 -0.203330 -0.569677
vn -0.796321 -0.203327 -0.569677
vn -0.796320 -0.203327 -0.569677
vn -0.796317 -0.203326 -0.569682
vn -0.796317 -0.203326 -0.569682
vn -0.796316 -0.203329 -0.569682
vn -0.796316 -0.203329 -0.569682
vn -0.796321 -0.203334 -0.569674
vn -0.796321 -0.203334 -0.569674
vn -0.796319 -0.203338 -0.569676
vn -0.796319 -0.203338 -0.569676
vn -0.796320 -0.203325 -0.569679
vn -0.796320 -0.203325 -0.569679
vn -0.796319 -0.203325 -0.569680
vn -0.796319 -0.203325 -0.569680
vn -0.796320 -0.203332 -0.569676
vn -0.796320 -0.203332 -0.569676
vn -0.796317 -0.203335 -0.569679
vn -0.796317 -0.203335 -0.569679
vn -0.796317 -0.203330 -0.569681
vn -0.796317 -0.203330 -0.569681
vn -0.796311 -0.203331 -0.569689
vn -0.796311 -0.203331 -0.569689
vn -0.796320 -0.203328 -0.569678
vn -0.796320 -0.203328 -0.569678
vn -0.796321 -0.203328 -0.569676
vn -0.796321 -0.203328 -0.569676
vn -0.796320 -0.203330 -0.569676
vn -0.796320 -0.203330 -0.569676
vn -0.796321 -0.203329 -0.569676
vn -0.796321 -0.203329 -0.569676
vn -0.796317 -0.203334 -0.569679
vn -0.796317 -0.203334 -0.569679
vn -0.796317 -0.203330 -0.569680
vn -0.796317 -0.203330 -0.569681
vn -0.796317 -0.203323 -0.569683
vn -0.796317 -0.203323 -0.569683
vn -0.796319 -0.203314 -0.569684
vn -0.796319 -0.203314 -0.569684
vn -0.796319 -0.203328 -0.569679
vn -0.796319 -0.203328 -0.569679
vn -0.796317 -0.203335 -0.569680
vn -0.796317 -0.203335 -0.569680
vn -0.796318 -0.203329 -0.569680
vn -0.796318 -0.203329 -0.569680
vn -0.796317 -0.203338 -0.569678
vn -0.796317 -0.203338 -0.569678
vn -0.796321 -0.203328 -0.569676
vn -0.796321 -0.203328 -0.569676
vn -0.796322 -0.203331 -0.569673
vn -0.796322 -0.203331 -0.569673
vn -0.750163 -0.515761 -0.413818
vn 0.257424 -0.897848 -0.357215
vn 0.751876 -0.647168 -0.125921
vn 0.751876 -0.647168 -0.125921
vn -0.762635 -0.514632 -0.391844
vn -0.740653 -0.536174 -0.404909
vn -0.714518 -0.560056 -0.419286
vn -0.714518 -0.560057 -0.419286
vn -0.667122 -0.571999 -0.477248
vn -0.667122 -0.571999 -0.477248
vn -0.638752 -0.571347 -0.515323
vn -0.638752 -0.571348 -0.515323
vn -0.617141 -0.514628 -0.595227
vn -0.622404 -0.536168 -0.570208
vn -0.612185 -0.496084 -0.615735
vn -0.612185 -0.496084 -0.615735
vn 0.796320 0.203329 0.569677
vn 0.796320 0.203329 0.569677
vn 0.796324 0.203331 0.569670
vn 0.796324 0.203331 0.569670
vn 0.853527 0.346145 0.389456
vn 0.096921 0.547009 -0.831497
vn -0.404535 0.240469 -0.882341
vn -0.404535 0.240469 -0.882341
vn 0.796318 0.203330 0.569679
vn 0.796318 0.203330 0.569679
vn 0.796318 0.203331 0.569679
vn 0.796318 0.203331 0.569679
vn 0.796320 0.203330 0.569676
vn 0.796320 0.203330 0.569676
vn 0.796320 0.203330 0.569677
vn 0.796320 0.203330 0.569677
vn 0.796318 0.203328 0.569680
vn 0.796318 0.203328 0.569680
vn 0.796317 0.203330 0.569681
vn 0.796317 0.203330 0.569681
vn 0.796320 0.203329 0.569677
vn 0.796320 0.203329 0.569677
vn 0.796318 0.203337 0.569676
vn 0.796318 0.203337 0.569676
vn 0.796319 0.203326 0.569680
vn 0.796319 0.203326 0.569680
vn 0.796321 0.203321 0.569678
vn 0.796321 0.203321 0.569678
vn 0.796318 0.203328 0.569680
vn 0.796318 0.203328 0.569680
vn 0.796317 0.203325 0.569683
vn 0.796317 0.203325 0.569683
vn 0.796320 0.203328 0.569678
vn 0.796320 0.203328 0.569678
vn 0.796320 0.203326 0.569679
vn 0.796320 0.203326 0.569679
vn 0.796316 0.203328 0.569683
vn 0.796316 0.203328 0.569683
vn 0.796322 0.203325 0.569675
vn 0.796322 0.203325 0.569675
vn 0.796322 0.203327 0.569674
vn 0.796322 0.203327 0.569674
vn 0.796317 0.203330 0.569681
vn 0.796317 0.203330 0.569681
vn 0.796319 0.203330 0.569678
vn 0.796319 0.203330 0.569678
vn 0.796322 0.203327 0.569675
vn 0.796322 0.203327 0.569675
vn 0.796317 0.203331 0.569681
vn 0.796317 0.203331 0.569681
vn 0.796317 0.203335 0.569679
vn 0.796317 0.203335 0.569679
vn 0.796320 0.203330 0.569677
vn 0.796320 0.203330 0.569677
vn 0.796322 0.203327 0.569675
vn 0.796322 0.203327 0.569675
vn 0.796320 0.203324 0.569679
vn 0.796320 0.203324 0.569679
vn 0.796321 0.203315 0.569680
vn 0.796321 0.203315 0.569680
vn 0.796319 0.203334 0.569677
vn 0.796319 0.203334 0.569677
vn 0.796319 0.203326 0.569680
vn 0.796319 0.203326 0.569680
vn 0.796318 0.203327 0.569681
vn 0.796318 0.203327 0.569681
vn 0.796316 0.203333 0.569682
vn 0.796316 0.203333 0.569682
vn 0.644227 0.346144 0.682023
vn -0.755641 0.547014 0.360253
vn 0.796319 0.203325 0.569680
vn 0.796319 0.203325 0.569680
vn 0.796319 0.203328 0.569679
vn 0.796319 0.203328 0.569679
vn 0.796316 0.203330 0.569681
vn 0.796316 0.203330 0.569681
vn 0.796319 0.203329 0.569678
vn 0.796319 0.203329 0.569678
vn 0.796319 0.203329 0.569678
vn 0.796319 0.203329 0.569678
vn 0.411491 -0.872395 -0.263823
vn 0.411491 -0.872395 -0.263823
vn -0.155646 -0.841216 0.517812
vn -0.060568 -0.910272 0.409556
vn 0.411489 -0.872396 -0.263823
vn 0.411489 -0.872396 -0.263823
vn 0.411492 -0.872393 -0.263828
vn 0.337071 -0.931190 -0.138812
vn 0.337070 -0.931190 -0.138811
vn 0.411492 -0.872393 -0.263828
vn 0.528349 -0.692341 -0.491438
vn 0.528349 -0.692341 -0.491438
vn 0.567915 -0.575508 -0.588442
vn 0.567915 -0.575509 -0.588441
vn 0.528351 -0.692339 -0.491439
vn 0.528351 -0.692339 -0.491439
vn -0.426294 -0.479511 0.767035
vn -0.426294 -0.479511 0.767035
vn 0.593495 -0.444506 -0.670953
vn 0.593495 -0.444506 -0.670953
vn 0.604459 -0.302561 -0.736944
vn 0.604459 -0.302560 -0.736944
vn 0.593492 -0.444507 -0.670955
vn 0.593492 -0.444507 -0.670955
vn 0.593494 -0.444506 -0.670954
vn 0.593494 -0.444506 -0.670954
vn 0.600540 -0.153164 -0.784788
vn 0.600540 -0.153164 -0.784788
vn 0.581834 0.000000 -0.813308
vn 0.581834 -0.000000 -0.813308
vn 0.600538 -0.153168 -0.784789
vn 0.600538 -0.153168 -0.784789
vn 0.600541 -0.153164 -0.784788
vn 0.600541 -0.153164 -0.784788
vn 0.548794 0.153169 -0.821805
vn 0.548794 0.153169 -0.821805
vn 0.502254 0.302560 -0.810061
vn 0.502254 0.302560 -0.810061
vn 0.548799 0.153173 -0.821802
vn 0.548799 0.153173 -0.821802
vn 0.548803 0.153168 -0.821800
vn 0.548803 0.153168 -0.821800
vn 0.443343 0.444503 -0.778373
vn 0.443343 0.444503 -0.778373
vn 0.373510 0.575509 -0.727516
vn 0.373510 0.575509 -0.727517
vn 0.443343 0.444510 -0.778369
vn 0.443343 0.444510 -0.778369
vn 0.443343 0.444499 -0.778375
vn 0.443343 0.444499 -0.778375
vn 0.294483 0.692335 -0.658750
vn 0.294483 0.692335 -0.658750
vn 0.208207 0.792118 -0.573759
vn 0.208207 0.792118 -0.573759
vn 0.294486 0.692335 -0.658749
vn 0.294486 0.692335 -0.658749
vn 0.294480 0.692336 -0.658751
vn 0.294480 0.692336 -0.658751
vn 0.116802 0.872394 -0.474642
vn 0.116802 0.872394 -0.474642
vn 0.022521 0.931190 -0.363838
vn 0.022520 0.931190 -0.363838
vn 0.116801 0.872392 -0.474646
vn 0.116801 0.872392 -0.474646
vn 0.116800 0.872395 -0.474641
vn 0.116800 0.872395 -0.474641
vn -0.072313 0.967057 -0.244075
vn -0.072313 0.967057 -0.244075
vn -0.165369 0.979111 -0.118303
vn -0.165369 0.979111 -0.118303
vn -0.072312 0.967056 -0.244077
vn -0.072312 0.967056 -0.244077
vn -0.072314 0.967057 -0.244072
vn -0.072314 0.967057 -0.244072
vn -0.254350 0.967056 0.010385
vn -0.254350 0.967056 0.010385
vn -0.337069 0.931191 0.138811
vn -0.337069 0.931191 0.138811
vn -0.254351 0.967056 0.010380
vn -0.254351 0.967056 0.010380
vn -0.254354 0.967055 0.010385
vn -0.254354 0.967055 0.010385
vn -0.411495 0.872392 0.263824
vn -0.411495 0.872392 0.263824
vn -0.475778 0.792117 0.382342
vn -0.475778 0.792117 0.382342
vn -0.411492 0.872394 0.263826
vn -0.411492 0.872394 0.263826
vn -0.411488 0.872396 0.263823
vn -0.411488 0.872396 0.263823
vn -0.528352 0.692337 0.491441
vn -0.528352 0.692337 0.491441
vn -0.567914 0.575506 0.588444
vn -0.567914 0.575506 0.588444
vn -0.528353 0.692332 0.491446
vn -0.528353 0.692332 0.491446
vn -0.528350 0.692337 0.491443
vn -0.528350 0.692337 0.491443
vn -0.593491 0.444509 0.670955
vn -0.593491 0.444509 0.670955
vn -0.604458 0.302560 0.736945
vn -0.604458 0.302559 0.736945
vn -0.593492 0.444508 0.670954
vn -0.593492 0.444509 0.670954
vn -0.593492 0.444509 0.670954
vn -0.593492 0.444509 0.670954
vn -0.600540 0.153160 0.784789
vn -0.600540 0.153160 0.784789
vn -0.581832 0.000001 0.813309
vn -0.581832 0.000001 0.813309
vn -0.600538 0.153166 0.784789
vn -0.600538 0.153166 0.784789
vn -0.600540 0.153160 0.784789
vn -0.600540 0.153160 0.784789
vn -0.548802 -0.153160 0.821802
vn -0.548802 -0.153160 0.821802
vn -0.502252 -0.302563 0.810061
vn -0.502252 -0.302564 0.810061
vn -0.548800 -0.153164 0.821803
vn -0.548800 -0.153164 0.821803
vn -0.548800 -0.153164 0.821802
vn -0.548800 -0.153164 0.821802
vn -0.443343 -0.444503 0.778373
vn -0.443343 -0.444503 0.778373
vn -0.373511 -0.575506 0.727518
vn -0.373512 -0.575506 0.727518
vn -0.443343 -0.444502 0.778373
vn -0.443343 -0.444502 0.778373
vn -0.443336 -0.444513 0.778371
vn -0.443337 -0.444513 0.778371
vn 0.588269 -0.479510 -0.651161
vn 0.588269 -0.479510 -0.651161
vn 0.439806 -0.841215 -0.314530
vn 0.368053 -0.910272 -0.189584
vn 0.588271 -0.479508 -0.651160
vn 0.588271 -0.479508 -0.651160
vn -0.294483 -0.692338 0.658747
vn -0.294483 -0.692338 0.658747
vn -0.116803 -0.872393 0.474646
vn -0.116803 -0.872392 0.474646
vn -0.022521 -0.931189 0.363841
vn -0.022521 -0.931189 0.363840
vn -0.116803 -0.872392 0.474646
vn -0.116803 -0.872392 0.474646
vn -0.116799 -0.872396 0.474639
vn -0.116799 -0.872396 0.474639
vn 0.072313 -0.967056 0.244076
vn 0.072313 -0.967056 0.244076
vn 0.165369 -0.979111 0.118303
vn 0.165369 -0.979111 0.118303
vn 0.072315 -0.967056 0.244077
vn 0.072315 -0.967056 0.244077
vn 0.072315 -0.967056 0.244077
vn 0.072315 -0.967056 0.244077
vn 0.254352 -0.967056 -0.010381
vn 0.254352 -0.967056 -0.010381
vn 0.254350 -0.967057 -0.010378
vn 0.254350 -0.967056 -0.010378
vn 0.254351 -0.967056 -0.010385
vn 0.254351 -0.967056 -0.010385
vn -0.627566 -0.560050 -0.540838
vn -0.627566 -0.560050 -0.540838
vn -0.796321 -0.203325 -0.569677
vn -0.796320 -0.203329 -0.569677
vn -0.796319 -0.203328 -0.569678
vn -0.796317 -0.203327 -0.569682
vn 0.123582 -0.647174 0.752259
vn 0.123582 -0.647174 0.752259
vn -0.796323 -0.203328 -0.569674
vn -0.796322 -0.203329 -0.569675
vn -0.796322 -0.203330 -0.569673
vn -0.796322 -0.203331 -0.569673
vn -0.796323 -0.203323 -0.569675
vn -0.796324 -0.203327 -0.569672
vn -0.796316 -0.203332 -0.569681
vn -0.796316 -0.203332 -0.569681
vn -0.796321 -0.203330 -0.569676
vn -0.796322 -0.203319 -0.569678
vn -0.796319 -0.203332 -0.569677
vn -0.796319 -0.203332 -0.569677
vn -0.796321 -0.203333 -0.569674
vn -0.796319 -0.203341 -0.569674
vn -0.796319 -0.203323 -0.569681
vn -0.796319 -0.203323 -0.569681
vn -0.796323 -0.203332 -0.569672
vn -0.796323 -0.203326 -0.569674
vn -0.796323 -0.203329 -0.569672
vn -0.796323 -0.203329 -0.569672
vn -0.796323 -0.203331 -0.569672
vn -0.796323 -0.203337 -0.569670
vn -0.796320 -0.203326 -0.569678
vn -0.796320 -0.203326 -0.569678
vn -0.796318 -0.203330 -0.569679
vn -0.796323 -0.203325 -0.569675
vn -0.796323 -0.203329 -0.569673
vn -0.796323 -0.203329 -0.569673
vn -0.796317 -0.203334 -0.569679
vn -0.796313 -0.203336 -0.569684
vn -0.796323 -0.203330 -0.569672
vn -0.796323 -0.203330 -0.569672
vn -0.796320 -0.203327 -0.569678
vn -0.796322 -0.203332 -0.569674
vn -0.796318 -0.203328 -0.569680
vn -0.796318 -0.203328 -0.569680
vn -0.796317 -0.203326 -0.569681
vn -0.796318 -0.203322 -0.569682
vn -0.796320 -0.203331 -0.569677
vn -0.796320 -0.203331 -0.569677
vn -0.796318 -0.203327 -0.569681
vn -0.796317 -0.203331 -0.569681
vn -0.796317 -0.203338 -0.569678
vn -0.796317 -0.203338 -0.569678
vn -0.796318 -0.203336 -0.569678
vn -0.796319 -0.203324 -0.569680
vn -0.796316 -0.203333 -0.569682
vn -0.796315 -0.203333 -0.569682
vn -0.796319 -0.203333 -0.569678
vn -0.796317 -0.203348 -0.569675
vn -0.796321 -0.203321 -0.569678
vn -0.796321 -0.203321 -0.569678
vn -0.796320 -0.203318 -0.569680
vn -0.796321 -0.203318 -0.569680
vn -0.796319 -0.203321 -0.569681
vn -0.796319 -0.203321 -0.569681
vn -0.796318 -0.203326 -0.569680
vn -0.796320 -0.203318 -0.569681
vn -0.796320 -0.203326 -0.569678
vn -0.796320 -0.203326 -0.569678
vn -0.796316 -0.203334 -0.569681
vn -0.796316 -0.203335 -0.569680
vn -0.840927 -0.389111 -0.376078
vn -0.840927 -0.389111 -0.376078
vn -0.796318 -0.203327 -0.569680
vn -0.796315 -0.203333 -0.569683
vn -0.780447 -0.496087 -0.380526
vn -0.780447 -0.496087 -0.380526
vn -0.796323 -0.203322 -0.569675
vn -0.796322 -0.203320 -0.569677
vn -0.693987 -0.571360 -0.438098
vn -0.693987 -0.571360 -0.438098
vn -0.796324 -0.203324 -0.569673
vn 0.796321 0.203329 0.569676
vn 0.796321 0.203329 0.569676
vn 0.139880 0.784278 -0.604435
vn 0.778306 0.290210 0.556792
vn 0.697193 0.404531 0.591842
vn 0.687769 0.388195 0.613416
vn 0.796318 0.203328 0.569679
vn 0.796318 0.203328 0.569680
vn 0.825552 0.554098 0.106954
vn -0.337251 0.360066 -0.869836
vn 0.796321 0.203330 0.569675
vn 0.796321 0.203330 0.569675
vn 0.796318 0.203331 0.569680
vn 0.796319 0.203332 0.569678
vn 0.796319 0.203326 0.569679
vn 0.796319 0.203325 0.569679
vn 0.796319 0.203327 0.569679
vn 0.796316 0.203331 0.569681
vn 0.796321 0.203321 0.569678
vn 0.796321 0.203321 0.569678
vn 0.796319 0.203329 0.569678
vn 0.796322 0.203322 0.569677
vn 0.796316 0.203332 0.569682
vn 0.796316 0.203332 0.569682
vn 0.796318 0.203331 0.569679
vn 0.796317 0.203335 0.569679
vn 0.796319 0.203331 0.569678
vn 0.796319 0.203331 0.569678
vn 0.796321 0.203327 0.569676
vn 0.796320 0.203328 0.569678
vn 0.796320 0.203331 0.569677
vn 0.796320 0.203331 0.569677
vn 0.796319 0.203326 0.569680
vn 0.796322 0.203326 0.569675
vn 0.796310 0.203332 0.569690
vn 0.796310 0.203332 0.569690
vn 0.796317 0.203331 0.569681
vn 0.796315 0.203327 0.569685
vn 0.796327 0.203325 0.569668
vn 0.796327 0.203325 0.569668
vn 0.796320 0.203333 0.569676
vn 0.796319 0.203334 0.569677
vn 0.796316 0.203333 0.569682
vn 0.796316 0.203333 0.569682
vn 0.796320 0.203331 0.569676
vn 0.796321 0.203331 0.569675
vn 0.796317 0.203326 0.569682
vn 0.796317 0.203326 0.569682
vn 0.796319 0.203330 0.569678
vn 0.796319 0.203330 0.569678
vn 0.796318 0.203332 0.569678
vn 0.796318 0.203332 0.569678
vn 0.796318 0.203330 0.569679
vn 0.796319 0.203331 0.569677
vn 0.796319 0.203332 0.569678
vn 0.796319 0.203332 0.569678
vn 0.796320 0.203323 0.569680
vn 0.796317 0.203330 0.569681
vn 0.796318 0.203343 0.569675
vn 0.796318 0.203343 0.569675
vn 0.796319 0.203322 0.569680
vn 0.796322 0.203316 0.569678
vn 0.796319 0.203321 0.569680
vn 0.796319 0.203321 0.569680
vn 0.367807 0.554110 0.746780
vn 0.796317 0.203329 0.569682
vn -0.965704 0.240476 -0.097912
vn -0.965704 0.240476 -0.097912
vn -0.526879 0.784283 0.327565
vn -0.932137 0.360076 -0.038277
vn 0.796322 0.203326 0.569676
vn 0.796322 0.203326 0.569676
vn 0.785283 0.404533 0.468704
vn 0.802656 0.388203 0.452816
vn 0.796320 0.203328 0.569678
vn 0.796320 0.203328 0.569678
vn 0.733914 0.430942 0.525032
vn 0.755353 0.430631 0.493963
vn 0.796315 0.203327 0.569684
vn 0.796315 0.203327 0.569684
vn 0.711430 0.430638 0.555354
vn 0.665254 -0.740424 0.095967
vn 0.665254 -0.740424 0.095968
vn 0.718956 -0.693670 -0.043872
vn 0.718956 -0.693670 -0.043872
vn 0.754945 -0.629846 -0.182626
vn 0.754945 -0.629846 -0.182626
vn 0.772351 -0.550505 -0.316887
vn 0.772351 -0.550505 -0.316887
vn 0.123507 -0.659669 0.741339
vn 0.615731 -0.763053 0.196536
vn 0.750152 -0.353440 -0.558885
vn 0.750151 -0.353440 -0.558885
vn 0.711090 -0.240578 -0.660661
vn 0.711090 -0.240578 -0.660661
vn 0.654520 -0.121789 -0.746171
vn 0.654520 -0.121789 -0.746171
vn 0.581830 0.000003 -0.813311
vn 0.581829 0.000003 -0.813311
vn 0.494817 0.121797 -0.860420
vn 0.494817 0.121797 -0.860420
vn 0.395622 0.240577 -0.886344
vn 0.395622 0.240577 -0.886344
vn 0.286687 0.353446 -0.890442
vn 0.286687 0.353446 -0.890442
vn 0.170686 0.457609 -0.872617
vn 0.170686 0.457609 -0.872617
vn 0.050485 0.550504 -0.833305
vn 0.050485 0.550504 -0.833305
vn -0.070965 0.629842 -0.773475
vn -0.070965 0.629842 -0.773475
vn -0.190673 0.693673 -0.694594
vn -0.190673 0.693673 -0.694594
vn -0.305660 0.740425 -0.598618
vn -0.305660 0.740425 -0.598618
vn -0.413137 0.768946 -0.487894
vn -0.413137 0.768946 -0.487894
vn -0.510441 0.778528 -0.365164
vn -0.510441 0.778528 -0.365164
vn -0.595177 0.768943 -0.233434
vn -0.595177 0.768943 -0.233434
vn -0.665251 0.740427 -0.095966
vn -0.665251 0.740427 -0.095966
vn -0.718946 0.693680 0.043876
vn -0.718946 0.693680 0.043876
vn -0.754946 0.629844 0.182627
vn -0.754946 0.629844 0.182627
vn -0.772355 0.550504 0.316881
vn -0.772355 0.550504 0.316881
vn -0.770744 0.457604 0.443343
vn -0.770744 0.457604 0.443342
vn -0.750153 0.353439 0.558884
vn -0.750153 0.353439 0.558884
vn -0.709884 0.213948 0.671038
vn -0.703425 0.199750 0.682124
vn -0.660694 0.115639 0.741695
vn -0.660694 0.115639 0.741695
vn -0.585247 0.004602 0.810842
vn -0.578403 -0.004597 0.815738
vn -0.488602 -0.115642 0.864809
vn -0.488603 -0.115642 0.864809
vn -0.387447 -0.224248 0.894202
vn -0.379124 -0.232564 0.895644
vn -0.268576 -0.335485 0.902949
vn -0.268576 -0.335485 0.902949
vn 0.762358 -0.618294 -0.191109
vn 0.398911 -0.751506 0.525461
vn 0.756982 -0.380080 -0.531524
vn 0.756982 -0.380080 -0.531524
vn 0.070959 -0.629844 0.773473
vn 0.070960 -0.629844 0.773473
vn 0.190653 -0.693677 0.694596
vn 0.190653 -0.693677 0.694596
vn 0.305666 -0.740422 0.598618
vn 0.305666 -0.740422 0.598618
vn 0.413145 -0.768940 0.487896
vn 0.413145 -0.768940 0.487896
vn 0.510438 -0.778530 0.365163
vn 0.510438 -0.778530 0.365163
vn 0.595175 -0.768943 0.233437
vn 0.595175 -0.768943 0.233437
vn -0.633181 -0.627610 -0.452976
vn -0.633181 -0.627610 -0.452976
vn -0.633184 -0.627607 -0.452975
vn -0.633184 -0.627607 -0.452975
vn 0.201129 -0.383556 0.901350
vn -0.289222 -0.822629 0.489523
vn 0.351976 -0.166213 0.921133
vn 0.351976 -0.166213 0.921133
vn -0.633187 -0.627606 -0.452973
vn -0.633187 -0.627606 -0.452973
vn -0.633193 -0.627602 -0.452971
vn -0.633193 -0.627602 -0.452971
vn -0.633181 -0.627613 -0.452972
vn -0.633181 -0.627613 -0.452972
vn -0.633184 -0.627609 -0.452973
vn -0.633184 -0.627609 -0.452973
vn -0.633188 -0.627605 -0.452975
vn -0.633188 -0.627605 -0.452975
vn -0.633183 -0.627608 -0.452976
vn -0.633183 -0.627608 -0.452976
vn -0.633183 -0.627610 -0.452974
vn -0.633183 -0.627610 -0.452974
vn -0.633180 -0.627612 -0.452974
vn -0.633180 -0.627612 -0.452975
vn -0.633187 -0.627608 -0.452971
vn -0.633187 -0.627608 -0.452971
vn -0.633191 -0.627605 -0.452969
vn -0.633191 -0.627605 -0.452969
vn -0.633178 -0.627614 -0.452975
vn -0.633178 -0.627614 -0.452975
vn -0.633174 -0.627618 -0.452975
vn -0.633174 -0.627618 -0.452975
vn -0.633179 -0.627613 -0.452975
vn -0.633179 -0.627613 -0.452975
vn -0.633174 -0.627613 -0.452982
vn -0.633174 -0.627613 -0.452982
vn -0.633186 -0.627607 -0.452974
vn -0.633186 -0.627607 -0.452974
vn -0.633191 -0.627604 -0.452972
vn -0.633191 -0.627604 -0.452972
vn -0.633184 -0.627608 -0.452975
vn -0.633184 -0.627608 -0.452975
vn -0.633180 -0.627607 -0.452981
vn -0.633180 -0.627607 -0.452981
vn -0.633186 -0.627606 -0.452975
vn -0.633186 -0.627606 -0.452975
vn -0.633178 -0.627613 -0.452976
vn -0.633178 -0.627613 -0.452976
vn -0.059122 -0.914255 -0.400802
vn -0.143054 -0.794298 -0.590445
vn 0.080487 -0.995310 -0.053657
vn 0.080487 -0.995310 -0.053657
vn -0.392483 -0.569321 -0.722378
vn -0.354809 -0.593322 -0.722551
vn -0.413058 -0.555508 -0.721660
vn -0.413058 -0.555508 -0.721660
vn -0.645931 -0.439673 -0.624067
vn -0.728671 -0.390465 -0.562651
vn -0.510644 -0.500943 -0.698784
vn -0.510644 -0.500943 -0.698784
vn 0.964858 -0.262512 -0.011686
vn 0.709847 -0.665954 -0.229396
vn -0.012542 -0.905450 -0.424268
vn -0.012542 -0.905450 -0.424268
vn -0.633186 -0.627607 -0.452974
vn -0.633186 -0.627607 -0.452974
vn -0.633176 -0.627614 -0.452978
vn -0.633176 -0.627614 -0.452978
vn -0.633188 -0.627606 -0.452972
vn -0.633188 -0.627606 -0.452973
vn -0.633190 -0.627604 -0.452972
vn -0.633190 -0.627604 -0.452972
vn -0.633186 -0.627607 -0.452973
vn -0.633186 -0.627607 -0.452973
vn -0.633186 -0.627607 -0.452974
vn -0.633186 -0.627607 -0.452974
vn -0.633187 -0.627608 -0.452971
vn -0.633187 -0.627608 -0.452971
vn -0.633190 -0.627603 -0.452973
vn -0.633190 -0.627603 -0.452973
vn 0.633180 0.627611 0.452977
vn 0.633180 0.627611 0.452977
vn 0.633171 0.627616 0.452981
vn 0.633171 0.627616 0.452981
vn 0.633193 0.627606 0.452965
vn 0.633193 0.627606 0.452965
vn 0.633190 0.627608 0.452967
vn 0.633190 0.627608 0.452967
vn -0.201149 0.383556 -0.901346
vn 0.289218 0.822632 -0.489520
vn 0.633189 0.627609 0.452967
vn 0.633189 0.627609 0.452967
vn 0.633184 0.627609 0.452974
vn 0.633184 0.627609 0.452974
vn 0.633188 0.627605 0.452973
vn 0.633188 0.627605 0.452973
vn 0.633183 0.627610 0.452973
vn 0.633183 0.627610 0.452973
vn 0.633188 0.627605 0.452974
vn 0.633188 0.627605 0.452974
vn 0.633180 0.627614 0.452972
vn 0.633180 0.627614 0.452972
vn 0.633183 0.627606 0.452979
vn 0.633183 0.627606 0.452979
vn 0.633183 0.627610 0.452974
vn 0.633183 0.627610 0.452974
vn 0.633182 0.627611 0.452974
vn 0.633182 0.627611 0.452974
vn 0.633184 0.627609 0.452974
vn 0.633184 0.627609 0.452974
vn 0.633195 0.627600 0.452971
vn 0.633195 0.627600 0.452971
vn 0.633179 0.627613 0.452975
vn 0.633179 0.627613 0.452975
vn 0.633171 0.627619 0.452978
vn 0.633171 0.627619 0.452978
vn 0.633185 0.627606 0.452975
vn 0.633185 0.627606 0.452975
vn 0.633175 0.627612 0.452981
vn 0.633175 0.627612 0.452981
vn 0.633184 0.627609 0.452973
vn 0.633184 0.627609 0.452973
vn 0.633187 0.627604 0.452977
vn 0.633187 0.627604 0.452977
vn 0.633181 0.627611 0.452976
vn 0.633181 0.627611 0.452976
vn 0.633181 0.627608 0.452979
vn 0.633181 0.627608 0.452979
vn 0.633185 0.627608 0.452974
vn 0.633185 0.627607 0.452974
vn 0.633187 0.627599 0.452982
vn 0.633187 0.627599 0.452982
vn 0.633182 0.627614 0.452970
vn 0.633182 0.627614 0.452970
vn 0.633182 0.627613 0.452971
vn 0.633182 0.627613 0.452971
vn 0.633184 0.627606 0.452977
vn 0.633184 0.627606 0.452977
vn 0.633183 0.627611 0.452972
vn 0.633183 0.627611 0.452972
vn 0.633183 0.627611 0.452972
vn 0.633183 0.627611 0.452972
vn 0.633187 0.627606 0.452972
vn 0.633187 0.627606 0.452973
vn -0.918011 0.383549 0.100727
vn -0.369903 0.822622 0.431816
vn -0.985446 0.166208 -0.035649
vn -0.985446 0.166208 -0.035649
vn 0.633183 0.627613 0.452969
vn 0.633183 0.627613 0.452969
vn 0.633190 0.627604 0.452972
vn 0.633190 0.627604 0.452972
vn 0.633182 0.627610 0.452974
vn 0.633182 0.627610 0.452975
vn 0.633187 0.627607 0.452973
vn 0.633187 0.627607 0.452973
vn 0.633188 0.627607 0.452971
vn 0.633188 0.627607 0.452971
vn 0.633185 0.627609 0.452972
vn 0.633185 0.627609 0.452972
vn 0.718948 -0.693678 -0.043869
vn 0.718948 -0.693678 -0.043869
vn 0.754948 -0.629842 -0.182626
vn 0.754948 -0.629842 -0.182625
vn 0.718954 -0.693672 -0.043870
vn 0.718954 -0.693672 -0.043870
vn 0.718948 -0.693677 -0.043872
vn 0.665251 -0.740427 0.095966
vn 0.665251 -0.740427 0.095966
vn 0.718948 -0.693677 -0.043872
vn -0.258582 -0.380089 0.888070
vn -0.258582 -0.380088 0.888070
vn 0.615742 -0.763044 0.196534
vn 0.123522 -0.659663 0.741341
vn -0.258574 -0.380083 0.888075
vn -0.258574 -0.380083 0.888075
vn 0.772353 -0.550504 -0.316885
vn 0.772353 -0.550504 -0.316885
vn 0.750151 -0.353442 -0.558885
vn 0.750151 -0.353442 -0.558885
vn 0.711089 -0.240580 -0.660662
vn 0.711088 -0.240579 -0.660663
vn 0.750148 -0.353445 -0.558887
vn 0.750148 -0.353445 -0.558887
vn 0.750154 -0.353444 -0.558879
vn 0.750154 -0.353444 -0.558879
vn 0.654515 -0.121790 -0.746175
vn 0.654515 -0.121790 -0.746175
vn 0.581828 0.000006 -0.813312
vn 0.581828 0.000005 -0.813312
vn 0.654519 -0.121785 -0.746173
vn 0.654519 -0.121785 -0.746173
vn 0.654520 -0.121790 -0.746170
vn 0.654520 -0.121790 -0.746170
vn 0.494815 0.121785 -0.860422
vn 0.494815 0.121785 -0.860422
vn 0.395625 0.240575 -0.886343
vn 0.395625 0.240575 -0.886343
vn 0.494820 0.121780 -0.860420
vn 0.494820 0.121780 -0.860420
vn 0.494811 0.121796 -0.860423
vn 0.494811 0.121796 -0.860423
vn 0.286684 0.353446 -0.890443
vn 0.286684 0.353446 -0.890443
vn 0.170682 0.457605 -0.872620
vn 0.170682 0.457605 -0.872620
vn 0.286691 0.353437 -0.890444
vn 0.286691 0.353437 -0.890444
vn 0.286689 0.353445 -0.890442
vn 0.286689 0.353445 -0.890442
vn 0.050492 0.550499 -0.833308
vn 0.050492 0.550499 -0.833308
vn -0.070958 0.629840 -0.773477
vn -0.070958 0.629840 -0.773477
vn 0.050491 0.550497 -0.833309
vn 0.050491 0.550497 -0.833309
vn 0.050469 0.550505 -0.833305
vn 0.050469 0.550505 -0.833305
vn -0.190657 0.693671 -0.694601
vn -0.190657 0.693671 -0.694601
vn -0.305664 0.740425 -0.598616
vn -0.305665 0.740425 -0.598616
vn -0.190664 0.693676 -0.694594
vn -0.190664 0.693676 -0.694594
vn -0.190661 0.693673 -0.694597
vn -0.190661 0.693673 -0.694597
vn -0.413134 0.768942 -0.487902
vn -0.413134 0.768942 -0.487902
vn -0.510441 0.778527 -0.365165
vn -0.510441 0.778527 -0.365165
vn -0.413136 0.768944 -0.487897
vn -0.413136 0.768944 -0.487897
vn -0.413141 0.768943 -0.487896
vn -0.413141 0.768943 -0.487896
vn -0.595175 0.768942 -0.233444
vn -0.595175 0.768942 -0.233444
vn -0.665252 0.740426 -0.095961
vn -0.665253 0.740426 -0.095961
vn -0.595169 0.768948 -0.233436
vn -0.595169 0.768948 -0.233436
vn -0.595178 0.768940 -0.233441
vn -0.595178 0.768940 -0.233441
vn -0.718949 0.693677 0.043873
vn -0.718948 0.693677 0.043873
vn -0.754950 0.629840 0.182624
vn -0.754950 0.629840 0.182624
vn -0.718956 0.693670 0.043867
vn -0.718956 0.693670 0.043867
vn -0.718954 0.693672 0.043876
vn -0.718954 0.693672 0.043876
vn -0.772355 0.550501 0.316885
vn -0.772355 0.550501 0.316885
vn -0.770740 0.457609 0.443344
vn -0.770740 0.457609 0.443344
vn -0.772351 0.550508 0.316884
vn -0.772351 0.550508 0.316884
vn -0.772355 0.550503 0.316884
vn -0.772355 0.550503 0.316884
vn -0.740589 0.290178 0.606073
vn -0.740589 0.290178 0.606073
vn -0.711089 0.240577 0.660663
vn -0.711089 0.240577 0.660663
vn -0.750149 0.353444 0.558885
vn -0.750150 0.353444 0.558886
vn -0.750150 0.353441 0.558887
vn -0.750150 0.353442 0.558887
vn -0.660687 0.115646 0.741700
vn -0.660687 0.115646 0.741700
vn -0.581833 0.000001 0.813309
vn -0.581833 0.000000 0.813309
vn -0.654522 0.121791 0.746169
vn -0.654522 0.121791 0.746169
vn -0.654518 0.121785 0.746173
vn -0.654518 0.121785 0.746173
vn -0.488596 -0.115638 0.864813
vn -0.488596 -0.115638 0.864813
vn -0.395622 -0.240579 0.886344
vn -0.395622 -0.240578 0.886344
vn -0.494820 -0.121782 0.860420
vn -0.494820 -0.121782 0.860420
vn -0.494816 -0.121791 0.860421
vn -0.494816 -0.121791 0.860421
vn -0.192189 -0.418534 0.887633
vn -0.192189 -0.418534 0.887633
vn 0.384846 -0.763058 0.519265
vn 0.741502 -0.659668 -0.122529
vn -0.286687 -0.353446 0.890442
vn -0.286687 -0.353446 0.890441
vn -0.286683 -0.353450 0.890441
vn -0.286683 -0.353450 0.890441
vn -0.050480 -0.550503 0.833305
vn -0.050480 -0.550503 0.833305
vn 0.070963 -0.629842 0.773475
vn 0.070963 -0.629842 0.773474
vn -0.050476 -0.550502 0.833306
vn -0.050476 -0.550502 0.833306
vn 0.756978 -0.380082 -0.531528
vn 0.756978 -0.380082 -0.531528
vn 0.190661 -0.693672 0.694599
vn 0.190661 -0.693672 0.694599
vn 0.305661 -0.740425 0.598616
vn 0.305661 -0.740425 0.598616
vn 0.190669 -0.693674 0.694595
vn 0.190669 -0.693674 0.694595
vn 0.190656 -0.693675 0.694597
vn 0.190656 -0.693675 0.694597
vn 0.413131 -0.768945 0.487900
vn 0.413131 -0.768945 0.487900
vn 0.510440 -0.778529 0.365163
vn 0.510440 -0.778529 0.365163
vn 0.413142 -0.768945 0.487891
vn 0.413142 -0.768945 0.487891
vn 0.413129 -0.768947 0.487899
vn 0.413129 -0.768947 0.487899
vn 0.595171 -0.768945 0.233444
vn 0.595171 -0.768945 0.233444
vn 0.595174 -0.768944 0.233439
vn 0.595174 -0.768944 0.233439
vn 0.595171 -0.768945 0.233444
vn 0.595171 -0.768945 0.233443
vn -0.633184 -0.627613 -0.452969
vn -0.633184 -0.627613 -0.452969
vn -0.633181 -0.627612 -0.452973
vn -0.547433 -0.764337 -0.340744
vn -0.336443 -0.777688 0.531045
vn -0.633189 -0.627607 -0.452970
vn -0.633177 -0.627613 -0.452977
vn -0.633177 -0.627613 -0.452977
vn -0.760079 -0.648206 0.045927
vn 0.154394 -0.321202 0.934340
vn -0.633179 -0.627616 -0.452971
vn -0.633179 -0.627616 -0.452971
vn -0.800099 -0.536178 -0.268987
vn -0.802027 -0.518077 -0.297236
vn -0.633182 -0.627610 -0.452975
vn -0.633182 -0.627610 -0.452975
vn -0.784769 -0.589397 -0.191699
vn -0.794621 -0.566099 -0.219336
vn -0.633178 -0.627617 -0.452972
vn -0.633178 -0.627616 -0.452972
vn -0.742059 -0.660781 -0.112771
vn -0.762630 -0.632033 -0.137584
vn -0.633192 -0.627601 -0.452973
vn -0.633192 -0.627601 -0.452973
vn -0.660330 -0.749713 -0.043526
vn -0.694964 -0.716485 -0.060621
vn -0.633186 -0.627607 -0.452973
vn -0.633186 -0.627607 -0.452973
vn -0.531883 -0.846785 -0.007501
vn -0.582432 -0.812846 -0.007443
vn -0.633182 -0.627611 -0.452973
vn -0.633182 -0.627611 -0.452973
vn -0.369529 -0.928397 -0.039081
vn -0.430795 -0.902418 -0.007533
vn -0.633182 -0.627610 -0.452975
vn -0.633182 -0.627610 -0.452975
vn -0.223445 -0.961520 -0.159849
vn -0.275397 -0.957541 -0.085274
vn -0.633184 -0.627613 -0.452969
vn -0.633184 -0.627613 -0.452969
vn -0.156326 -0.928397 -0.337108
vn -0.169644 -0.957542 -0.233099
vn -0.633182 -0.627610 -0.452975
vn -0.633182 -0.627610 -0.452975
vn -0.178866 -0.846789 -0.500955
vn -0.146255 -0.902416 -0.405284
vn -0.633188 -0.627609 -0.452968
vn -0.633188 -0.627609 -0.452968
vn 0.659777 -0.580049 0.477742
vn -0.195135 -0.812854 -0.548808
vn -0.633194 -0.627599 -0.452974
vn -0.633194 -0.627599 -0.452974
vn 0.002374 -0.999961 0.008509
vn 0.705230 -0.268424 0.656200
vn -0.186323 -0.707634 -0.681570
vn -0.186323 -0.707634 -0.681570
vn -0.576749 -0.624186 -0.527022
vn -0.567381 -0.636405 -0.522559
vn -0.323160 -0.612252 -0.721606
vn -0.323160 -0.612252 -0.721606
vn -0.710569 -0.413503 -0.569304
vn -0.584619 -0.613641 -0.530721
vn -0.782773 -0.351566 -0.513486
vn -0.782773 -0.351566 -0.513486
vn -0.668810 -0.398258 -0.627761
vn -0.744948 -0.338099 -0.575101
vn 0.985445 -0.166213 0.035650
vn 0.985445 -0.166213 0.035650
vn 0.393950 -0.777694 -0.489893
vn 0.934137 -0.321211 -0.155601
vn -0.633195 -0.627601 -0.452969
vn -0.633195 -0.627601 -0.452969
vn -0.633186 -0.627606 -0.452975
vn -0.633183 -0.627609 -0.452975
vn -0.633186 -0.627607 -0.452973
vn -0.633186 -0.627607 -0.452973
vn -0.633181 -0.627611 -0.452976
vn -0.633189 -0.627604 -0.452974
vn -0.633187 -0.627608 -0.452971
vn -0.633187 -0.627608 -0.452971
vn -0.633173 -0.627618 -0.452977
vn 0.633197 0.627604 0.452963
vn 0.633197 0.627604 0.452963
vn -0.448967 0.467858 -0.761273
vn 0.378136 0.885345 0.270514
vn 0.156318 0.928399 0.337105
vn 0.146245 0.902418 0.405282
vn -0.351996 0.166211 -0.921126
vn -0.351996 0.166211 -0.921126
vn 0.323703 0.923887 -0.204082
vn -0.476873 0.229564 -0.848465
vn 0.633179 0.627612 0.452976
vn 0.633179 0.627612 0.452976
vn 0.633185 0.627607 0.452975
vn 0.633189 0.627600 0.452979
vn 0.633179 0.627616 0.452971
vn 0.633179 0.627616 0.452971
vn 0.633182 0.627611 0.452974
vn 0.633181 0.627614 0.452971
vn 0.633176 0.627623 0.452965
vn 0.633176 0.627623 0.452965
vn 0.633184 0.627610 0.452972
vn 0.633183 0.627607 0.452977
vn 0.633184 0.627609 0.452974
vn 0.633184 0.627609 0.452974
vn 0.633180 0.627614 0.452973
vn 0.633186 0.627612 0.452966
vn 0.633173 0.627618 0.452976
vn 0.633173 0.627618 0.452976
vn 0.633180 0.627612 0.452974
vn 0.633174 0.627615 0.452980
vn 0.633186 0.627607 0.452973
vn 0.633186 0.627607 0.452973
vn 0.633188 0.627609 0.452969
vn 0.633187 0.627610 0.452969
vn 0.633195 0.627600 0.452970
vn 0.633195 0.627600 0.452970
vn 0.633189 0.627604 0.452974
vn 0.633189 0.627608 0.452969
vn 0.633182 0.627614 0.452969
vn 0.633182 0.627614 0.452969
vn 0.633185 0.627608 0.452974
vn 0.633189 0.627600 0.452979
vn 0.633180 0.627614 0.452972
vn 0.633180 0.627614 0.452972
vn 0.633185 0.627611 0.452970
vn 0.633180 0.627616 0.452969
vn 0.633183 0.627616 0.452966
vn 0.633183 0.627616 0.452966
vn 0.633185 0.627606 0.452976
vn 0.633189 0.627607 0.452970
vn 0.633181 0.627614 0.452970
vn 0.633182 0.627614 0.452970
vn 0.633183 0.627608 0.452976
vn 0.633182 0.627605 0.452982
vn 0.633186 0.627601 0.452982
vn 0.633186 0.627601 0.452982
vn 0.633183 0.627611 0.452972
vn 0.633185 0.627611 0.452970
vn 0.633178 0.627616 0.452972
vn 0.633178 0.627617 0.452972
vn 0.633180 0.627616 0.452969
vn 0.633182 0.627611 0.452973
vn 0.633185 0.627606 0.452976
vn 0.633185 0.627606 0.452976
vn -0.088619 0.923892 0.372249
vn 0.633179 0.627620 0.452965
vn 0.633177 0.627621 0.452966
vn 0.633177 0.627621 0.452966
vn -0.865483 0.467839 -0.179071
vn -0.957009 0.229543 -0.177323
vn 0.633177 0.627614 0.452976
vn 0.633177 0.627614 0.452976
vn 0.369529 0.928397 0.039079
vn 0.430801 0.902415 0.007530
vn 0.633191 0.627604 0.452970
vn 0.633191 0.627604 0.452970
vn 0.223439 0.961522 0.159846
vn 0.275389 0.957543 0.085273
vn 0.633188 0.627605 0.452974
vn 0.633188 0.627605 0.452974
vn 0.169640 0.957543 0.233095
vn 0.959428 -0.133584 0.248302
vn 0.948086 -0.128212 0.291022
vn 0.980900 -0.147092 0.127275
vn 0.980900 -0.147092 0.127275
vn 0.982716 -0.172326 -0.067626
vn 0.985472 -0.169806 0.003239
vn 0.965737 -0.174654 -0.191958
vn 0.965737 -0.174654 -0.191958
vn 0.017372 0.060759 0.998001
vn -0.065636 0.074121 0.995087
vn -0.303751 0.109879 0.946394
vn -0.303751 0.109879 0.946394
vn 0.656858 -0.026968 -0.753532
vn 0.689219 -0.011635 -0.724460
vn 0.636684 -0.036180 -0.770275
vn 0.636684 -0.036180 -0.770275
vn 0.579521 -0.006616 -0.814931
vn 0.579521 -0.006616 -0.814931
vn 0.459591 0.065719 -0.885696
vn 0.459591 0.065719 -0.885696
vn 0.328351 0.136446 -0.934649
vn 0.328351 0.136446 -0.934649
vn 0.189014 0.203806 -0.960592
vn 0.189014 0.203806 -0.960592
vn 0.045027 0.266148 -0.962880
vn 0.045027 0.266148 -0.962880
vn -0.100064 0.321937 -0.941458
vn -0.100064 0.321937 -0.941458
vn -0.242689 0.369799 -0.896856
vn -0.242689 0.369798 -0.896856
vn -0.379337 0.408556 -0.830172
vn -0.379337 0.408556 -0.830172
vn -0.506655 0.437251 -0.743043
vn -0.506655 0.437251 -0.743042
vn -0.621488 0.455182 -0.637623
vn -0.621488 0.455182 -0.637623
vn -0.721029 0.461899 -0.516495
vn -0.721029 0.461899 -0.516496
vn -0.802813 0.457244 -0.382646
vn -0.802813 0.457244 -0.382646
vn -0.864818 0.441341 -0.239391
vn -0.864818 0.441341 -0.239391
vn -0.905536 0.414563 -0.090232
vn -0.905536 0.414563 -0.090232
vn -0.923957 0.377576 0.061152
vn -0.923957 0.377576 0.061152
vn -0.919627 0.331291 0.211028
vn -0.919627 0.331291 0.211028
vn -0.892651 0.276852 0.355706
vn -0.892651 0.276852 0.355706
vn -0.843693 0.215596 0.491631
vn -0.843693 0.215596 0.491631
vn -0.773971 0.149030 0.615434
vn -0.773971 0.149030 0.615434
vn -0.685178 0.078796 0.724101
vn -0.685178 0.078796 0.724101
vn -0.472538 -0.072942 0.878286
vn -0.472538 -0.072943 0.878287
vn -0.238191 -0.206811 0.948944
vn -0.238191 -0.206811 0.948944
vn -0.584317 0.041514 0.810463
vn -0.488365 0.077447 0.869196
vn -0.155213 0.179545 0.971428
vn -0.155213 0.179545 0.971428
vn 0.839142 -0.077700 -0.538334
vn 0.575442 -0.123519 -0.808461
vn 0.956057 -0.036965 -0.290840
vn 0.956057 -0.036965 -0.290840
vn 0.492724 0.081316 0.866378
vn 0.521726 0.073066 0.849979
vn 0.607337 0.047067 0.793049
vn 0.607337 0.047067 0.793049
vn 0.695239 0.001660 0.718776
vn 0.700851 -0.000161 0.713307
vn 0.779384 -0.027404 0.625947
vn 0.779384 -0.027404 0.625947
vn 0.855172 -0.072331 0.513273
vn 0.846269 -0.069033 0.528264
vn 0.909713 -0.094673 0.404302
vn 0.909713 -0.094673 0.404302
vn 0.499560 0.833019 0.237736
vn 0.492303 0.830913 0.259270
vn 0.507506 0.834889 0.213071
vn 0.507506 0.834889 0.213071
vn 0.039000 0.707312 0.705825
vn -0.222356 0.458403 0.860479
vn -0.279999 0.388244 0.877990
vn -0.279999 0.388244 0.877990
vn 0.144065 -0.941783 -0.303794
vn 0.147977 -0.939742 -0.308201
vn 0.626500 -0.127192 -0.768973
vn 0.626500 -0.127192 -0.768973
vn -0.102941 -0.994664 0.006819
vn -0.126978 -0.991769 -0.016440
vn -0.046864 -0.997060 0.060620
vn -0.046864 -0.997060 0.060620
vn -0.379831 -0.886910 -0.262907
vn -0.379831 -0.886910 -0.262907
vn -0.379826 -0.886912 -0.262904
vn -0.379826 -0.886912 -0.262904
vn -0.379830 -0.886908 -0.262912
vn -0.379830 -0.886908 -0.262912
vn -0.379836 -0.886906 -0.262912
vn -0.379836 -0.886906 -0.262912
vn -0.379838 -0.886904 -0.262914
vn -0.379838 -0.886904 -0.262914
vn -0.379852 -0.886899 -0.262914
vn -0.379852 -0.886899 -0.262914
vn -0.379838 -0.886905 -0.262913
vn -0.379838 -0.886905 -0.262913
vn -0.379846 -0.886902 -0.262912
vn -0.379846 -0.886902 -0.262912
vn -0.379837 -0.886906 -0.262912
vn -0.379837 -0.886906 -0.262912
vn -0.379837 -0.886903 -0.262919
vn -0.379837 -0.886903 -0.262919
vn -0.379830 -0.886907 -0.262915
vn -0.379830 -0.886907 -0.262915
vn -0.379834 -0.886905 -0.262916
vn -0.379834 -0.886905 -0.262916
vn -0.379835 -0.886906 -0.262912
vn -0.379835 -0.886906 -0.262912
vn -0.379839 -0.886905 -0.262910
vn -0.379839 -0.886905 -0.262910
vn -0.379838 -0.886905 -0.262911
vn -0.379838 -0.886905 -0.262911
vn -0.379848 -0.886901 -0.262911
vn -0.379848 -0.886901 -0.262911
vn -0.379833 -0.886907 -0.262912
vn -0.379833 -0.886907 -0.262912
vn -0.379839 -0.886903 -0.262917
vn -0.379839 -0.886903 -0.262917
vn -0.289670 -0.925460 -0.244164
vn -0.301680 -0.920921 -0.246765
vn -0.379827 -0.886911 -0.262907
vn -0.379827 -0.886911 -0.262907
vn -0.675256 -0.016609 0.737397
vn -0.391232 -0.299020 0.870359
vn -0.735253 0.065717 0.674599
vn -0.735253 0.065717 0.674599
vn 0.522752 0.124091 -0.843405
vn 0.460279 0.104952 -0.881549
vn -0.305594 -0.058358 0.950372
vn -0.305594 -0.058358 0.950372
vn 0.491626 0.833343 0.252670
vn 0.505338 0.830393 0.234693
vn 0.513576 0.828381 0.223663
vn 0.513576 0.828381 0.223663
vn 0.479964 0.846103 0.231827
vn 0.485812 0.845136 0.223006
vn 0.496654 0.843059 0.206362
vn 0.496654 0.843059 0.206362
vn 0.472034 0.850412 0.232345
vn 0.472033 0.850412 0.232347
vn 0.484743 0.849573 0.207965
vn 0.484743 0.849573 0.207965
vn 0.475973 0.846264 0.239349
vn 0.471926 0.845694 0.249173
vn 0.485379 0.847233 0.215878
vn 0.485379 0.847233 0.215878
vn 0.230921 0.939170 0.254236
vn 0.229458 0.939750 0.253414
vn 0.222197 0.942583 0.249331
vn 0.222197 0.942583 0.249331
vn 0.182398 0.925507 0.331915
vn 0.176753 0.927795 0.328566
vn 0.161724 0.933651 0.319597
vn 0.161724 0.933651 0.319597
vn 0.074679 0.981686 0.175260
vn 0.004428 0.999860 -0.016152
vn -0.133607 0.911600 -0.388761
vn -0.133607 0.911600 -0.388761
vn 0.379833 0.886908 0.262909
vn 0.379833 0.886908 0.262909
vn 0.379837 0.886906 0.262909
vn 0.379837 0.886906 0.262909
vn 0.379835 0.886906 0.262913
vn 0.379835 0.886906 0.262913
vn 0.379828 0.886910 0.262908
vn 0.379828 0.886910 0.262908
vn 0.379835 0.886906 0.262912
vn 0.379835 0.886906 0.262912
vn 0.379834 0.886906 0.262913
vn 0.379834 0.886906 0.262913
vn 0.379837 0.886905 0.262913
vn 0.379837 0.886905 0.262913
vn 0.379838 0.886905 0.262911
vn 0.379838 0.886905 0.262911
vn 0.379837 0.886906 0.262911
vn 0.379837 0.886906 0.262911
vn 0.379845 0.886904 0.262905
vn 0.379845 0.886904 0.262905
vn 0.379835 0.886908 0.262908
vn 0.379835 0.886907 0.262908
vn 0.379852 0.886902 0.262902
vn 0.379852 0.886902 0.262902
vn 0.379829 0.886908 0.262916
vn 0.379829 0.886908 0.262916
vn 0.379835 0.886906 0.262913
vn 0.379835 0.886906 0.262913
vn 0.379840 0.886904 0.262912
vn 0.379840 0.886904 0.262912
vn 0.379825 0.886910 0.262913
vn 0.379825 0.886910 0.262913
vn 0.379836 0.886906 0.262912
vn 0.379836 0.886906 0.262912
vn 0.379831 0.886907 0.262915
vn 0.379831 0.886907 0.262915
vn 0.379839 0.886904 0.262913
vn 0.379839 0.886904 0.262913
vn 0.379830 0.886907 0.262916
vn 0.379830 0.886907 0.262916
vn 0.379836 0.886907 0.262909
vn 0.379836 0.886907 0.262909
vn 0.379837 0.886904 0.262917
vn 0.379837 0.886904 0.262917
vn 0.379832 0.886909 0.262908
vn 0.379832 0.886909 0.262908
vn 0.379843 0.886901 0.262919
vn 0.379843 0.886901 0.262919
vn 0.379832 0.886908 0.262910
vn 0.379832 0.886908 0.262910
vn 0.379824 0.886912 0.262909
vn 0.379824 0.886912 0.262909
vn 0.197597 0.980280 0.002425
vn -0.006124 0.999981 -0.001300
vn 0.477194 0.878765 0.007627
vn 0.477194 0.878765 0.007627
vn 0.380486 0.923247 0.053355
vn 0.375488 0.925526 0.049101
vn 0.392558 0.917520 0.063686
vn 0.392558 0.917520 0.063686
vn 0.323156 0.938115 0.124538
vn 0.321902 0.938694 0.123421
vn 0.329047 0.935351 0.129793
vn 0.329047 0.935351 0.129793
vn 0.277814 0.941675 0.189917
vn 0.277814 0.941675 0.189917
vn 0.277075 0.941682 0.190958
vn 0.277075 0.941682 0.190958
vn 0.978922 -0.163648 0.122191
vn 0.978922 -0.163648 0.122191
vn 0.859156 -0.500564 -0.106236
vn 0.859156 -0.500564 -0.106235
vn 0.834169 -0.550015 0.040579
vn 0.834169 -0.550015 0.040579
vn 0.834164 -0.550022 0.040582
vn 0.788640 -0.585924 0.186388
vn 0.788640 -0.585924 0.186388
vn 0.834164 -0.550022 0.040582
vn 0.925755 -0.128424 0.355648
vn 0.925755 -0.128424 0.355648
vn 0.437548 -0.549529 0.711738
vn 0.825826 -0.554136 0.104614
vn 0.862990 -0.438789 -0.250423
vn 0.862990 -0.438789 -0.250423
vn 0.862988 -0.438787 -0.250435
vn 0.862988 -0.438787 -0.250435
vn 0.803655 0.049800 -0.593008
vn 0.803655 0.049800 -0.593008
vn 0.773967 -0.149030 -0.615438
vn 0.773968 -0.149030 -0.615438
vn 0.843697 -0.215600 -0.491623
vn 0.843697 -0.215600 -0.491623
vn -0.233682 -0.223725 0.946224
vn -0.233682 -0.223725 0.946224
vn 0.685181 -0.078788 -0.724099
vn 0.685181 -0.078788 -0.724099
vn 0.579517 -0.006614 -0.814933
vn 0.579517 -0.006614 -0.814934
vn 0.685172 -0.078785 -0.724108
vn 0.685172 -0.078785 -0.724108
vn 0.685181 -0.078791 -0.724099
vn 0.685181 -0.078791 -0.724099
vn 0.459602 0.065726 -0.885689
vn 0.459602 0.065726 -0.885689
vn 0.328345 0.136445 -0.934651
vn 0.328345 0.136445 -0.934651
vn 0.459585 0.065731 -0.885698
vn 0.459585 0.065731 -0.885698
vn 0.459595 0.065718 -0.885694
vn 0.459595 0.065718 -0.885694
vn 0.189009 0.203805 -0.960593
vn 0.189009 0.203805 -0.960593
vn 0.045025 0.266147 -0.962880
vn 0.045025 0.266147 -0.962880
vn 0.189016 0.203806 -0.960592
vn 0.189016 0.203806 -0.960592
vn 0.189021 0.203800 -0.960592
vn 0.189021 0.203800 -0.960592
vn -0.100063 0.321935 -0.941459
vn -0.100063 0.321935 -0.941459
vn -0.242688 0.369798 -0.896857
vn -0.242688 0.369798 -0.896857
vn -0.100034 0.321931 -0.941464
vn -0.100034 0.321931 -0.941464
vn -0.100073 0.321935 -0.941458
vn -0.100073 0.321935 -0.941458
vn -0.379346 0.408555 -0.830168
vn -0.379347 0.408555 -0.830168
vn -0.506655 0.437247 -0.743045
vn -0.506655 0.437247 -0.743045
vn -0.379336 0.408549 -0.830176
vn -0.379336 0.408549 -0.830176
vn -0.379359 0.408555 -0.830162
vn -0.379359 0.408555 -0.830162
vn -0.621487 0.455178 -0.637626
vn -0.621487 0.455178 -0.637627
vn -0.721022 0.461905 -0.516498
vn -0.721023 0.461905 -0.516498
vn -0.621484 0.455183 -0.637625
vn -0.621484 0.455183 -0.637625
vn -0.621497 0.455177 -0.637617
vn -0.621497 0.455177 -0.637617
vn -0.802805 0.457252 -0.382654
vn -0.802805 0.457252 -0.382654
vn -0.864822 0.441335 -0.239387
vn -0.864822 0.441335 -0.239387
vn -0.802809 0.457247 -0.382652
vn -0.802809 0.457247 -0.382652
vn -0.802806 0.457252 -0.382652
vn -0.802806 0.457252 -0.382652
vn -0.905537 0.414563 -0.090229
vn -0.905537 0.414563 -0.090229
vn -0.923958 0.377575 0.061150
vn -0.923958 0.377575 0.061150
vn -0.905537 0.414561 -0.090230
vn -0.905537 0.414561 -0.090230
vn -0.905540 0.414556 -0.090227
vn -0.905540 0.414556 -0.090227
vn -0.919628 0.331290 0.211023
vn -0.919628 0.331290 0.211023
vn -0.892651 0.276852 0.355707
vn -0.892651 0.276852 0.355707
vn -0.919626 0.331294 0.211025
vn -0.919626 0.331294 0.211025
vn -0.919627 0.331293 0.211026
vn -0.919627 0.331293 0.211026
vn -0.843704 0.215595 0.491613
vn -0.843704 0.215595 0.491613
vn -0.773970 0.149030 0.615436
vn -0.773969 0.149030 0.615436
vn -0.843701 0.215595 0.491618
vn -0.843701 0.215595 0.491618
vn -0.843694 0.215592 0.491630
vn -0.843694 0.215592 0.491630
vn -0.685189 0.078791 0.724091
vn -0.685189 0.078791 0.724091
vn -0.579519 0.006613 0.814932
vn -0.579519 0.006613 0.814932
vn -0.685182 0.078789 0.724098
vn -0.685182 0.078789 0.724098
vn -0.685179 0.078795 0.724100
vn -0.685179 0.078795 0.724100
vn -0.647616 0.015601 0.761807
vn -0.647616 0.015601 0.761807
vn -0.328339 -0.136446 0.934653
vn -0.328339 -0.136446 0.934653
vn -0.459574 -0.065730 0.885704
vn -0.459574 -0.065730 0.885704
vn -0.459585 -0.065727 0.885699
vn -0.459585 -0.065727 0.885699
vn 0.372894 -0.142862 -0.916810
vn 0.372894 -0.142862 -0.916810
vn 0.811701 -0.553802 0.185595
vn 0.365679 -0.548878 0.751673
vn 0.815303 -0.235701 -0.528892
vn 0.815303 -0.235701 -0.528891
vn -0.189021 -0.203802 0.960591
vn -0.189021 -0.203802 0.960591
vn 0.392503 0.107955 0.913393
vn 0.392503 0.107955 0.913393
vn 0.177880 -0.492789 0.851773
vn 0.177881 -0.492789 0.851773
vn 0.043415 -0.429433 0.902055
vn 0.043415 -0.429433 0.902055
vn 0.043423 -0.429425 0.902058
vn 0.043423 -0.429425 0.902058
vn 0.603434 0.029595 0.796864
vn 0.603434 0.029595 0.796864
vn 0.430483 -0.581834 0.690039
vn 0.430482 -0.581834 0.690040
vn 0.307983 -0.544008 0.780514
vn 0.307983 -0.544008 0.780514
vn 0.307967 -0.544011 0.780518
vn 0.307967 -0.544011 0.780518
vn 0.777574 -0.045696 0.627129
vn 0.777574 -0.045696 0.627129
vn 0.640932 -0.613921 0.460767
vn 0.640932 -0.613921 0.460767
vn 0.542384 -0.605330 0.582577
vn 0.542384 -0.605330 0.582577
vn 0.542383 -0.605333 0.582574
vn 0.542383 -0.605333 0.582574
vn 0.908637 -0.112641 0.402107
vn 0.908637 -0.112641 0.402107
vn 0.723699 -0.607399 0.327605
vn 0.723699 -0.607399 0.327605
vn 0.723698 -0.607396 0.327613
vn 0.723698 -0.607396 0.327613
vn 0.464180 0.844366 0.267552
vn 0.464180 0.844366 0.267552
vn -0.677156 -0.051141 -0.734061
vn -0.898113 -0.380632 -0.220253
vn -0.065962 -0.376461 0.924081
vn 0.247719 0.613817 -0.749576
vn 0.487750 0.829416 0.272341
vn 0.487750 0.829416 0.272341
vn -0.729197 -0.681139 -0.065733
vn -0.136959 -0.473363 0.870155
vn 0.389182 0.867423 0.310022
vn 0.389182 0.867423 0.310022
vn -0.707436 -0.484270 -0.514798
vn -0.707436 -0.484270 -0.514798
vn -0.030279 -0.994320 -0.102038
vn -0.030279 -0.994320 -0.102038
vn -0.050423 -0.995528 -0.079888
vn -0.085410 -0.996287 -0.010863
vn -0.619777 -0.754643 0.215386
vn 0.149175 -0.952490 -0.265538
vn -0.452483 -0.822257 -0.345186
vn -0.452483 -0.822257 -0.345186
vn -0.652361 -0.716093 0.248267
vn -0.784811 -0.506300 0.357396
vn -0.379836 -0.886907 -0.262909
vn -0.379836 -0.886907 -0.262909
vn -0.363312 -0.930782 0.040615
vn -0.421877 -0.902380 0.087924
vn -0.379824 -0.886911 -0.262912
vn -0.379824 -0.886911 -0.262912
vn -0.295402 -0.955197 -0.018322
vn -0.335118 -0.941997 0.018401
vn -0.379825 -0.886910 -0.262914
vn -0.379825 -0.886910 -0.262914
vn -0.240620 -0.967894 -0.072684
vn -0.269949 -0.961985 -0.041395
vn -0.379830 -0.886908 -0.262914
vn -0.379830 -0.886908 -0.262914
vn -0.192563 -0.972970 -0.127470
vn -0.215897 -0.971426 -0.098590
vn -0.379836 -0.886908 -0.262906
vn -0.379836 -0.886908 -0.262906
vn -0.146880 -0.971229 -0.187460
vn -0.166810 -0.973122 -0.158768
vn -0.379827 -0.886909 -0.262915
vn -0.379827 -0.886909 -0.262915
vn -0.099580 -0.960747 -0.258939
vn -0.117948 -0.966430 -0.228258
vn -0.379831 -0.886907 -0.262915
vn -0.379831 -0.886907 -0.262915
vn -0.045470 -0.934731 -0.352436
vn -0.064009 -0.946331 -0.316798
vn -0.379829 -0.886910 -0.262910
vn -0.379829 -0.886909 -0.262910
vn 0.052543 -0.837466 -0.543958
vn 0.003441 -0.896611 -0.442805
vn -0.379827 -0.886911 -0.262907
vn -0.379827 -0.886911 -0.262907
vn 0.025437 -0.970961 -0.237883
vn 0.081060 -0.796320 -0.599419
vn -0.234958 -0.943931 -0.231926
vn -0.234958 -0.943931 -0.231926
vn -0.121794 -0.989946 0.071922
vn -0.036351 -0.983676 0.176236
vn -0.340206 -0.338658 0.877252
vn -0.340206 -0.338658 0.877252
vn -0.985656 -0.147669 -0.081710
vn -0.897289 -0.382859 -0.219753
vn -0.985656 -0.147669 -0.081710
vn 0.454062 0.103059 -0.884990
vn 0.454062 0.103059 -0.884990
vn -0.504734 -0.754249 -0.419942
vn -0.468844 -0.763328 -0.444427
vn 0.475704 0.836175 0.272978
vn 0.475704 0.836175 0.272978
vn -0.838386 -0.544827 0.016514
vn -0.534350 -0.745399 -0.398559
vn 0.465836 0.848020 0.252702
vn 0.465836 0.848020 0.252702
vn -0.957571 -0.244019 0.153336
vn -0.873603 -0.127328 0.469687
vn 0.458967 0.850606 0.256550
vn 0.458967 0.850607 0.256550
vn -0.842621 -0.367458 -0.393655
vn 0.196083 0.919760 0.339989
vn 0.196083 0.919760 0.339989
vn 0.379824 0.886911 0.262911
vn 0.379834 0.886907 0.262912
vn 0.379840 0.886904 0.262913
vn 0.379832 0.886907 0.262914
vn 0.170609 0.882267 0.438744
vn 0.170609 0.882267 0.438744
vn 0.379826 0.886912 0.262908
vn 0.379817 0.886916 0.262907
vn 0.379829 0.886910 0.262908
vn 0.379829 0.886910 0.262908
vn 0.379838 0.886905 0.262912
vn 0.379834 0.886908 0.262909
vn 0.379843 0.886901 0.262917
vn 0.379843 0.886901 0.262917
vn 0.379840 0.886903 0.262915
vn 0.379842 0.886902 0.262915
vn 0.379836 0.886906 0.262910
vn 0.379836 0.886906 0.262910
vn 0.379831 0.886908 0.262912
vn 0.379837 0.886904 0.262915
vn 0.379836 0.886905 0.262914
vn 0.379836 0.886905 0.262914
vn 0.379836 0.886906 0.262913
vn 0.379826 0.886911 0.262909
vn 0.379828 0.886908 0.262916
vn 0.379828 0.886908 0.262916
vn 0.379840 0.886904 0.262912
vn 0.379846 0.886900 0.262916
vn 0.379817 0.886913 0.262914
vn 0.379817 0.886913 0.262914
vn 0.379835 0.886907 0.262910
vn 0.379833 0.886908 0.262909
vn 0.379823 0.886910 0.262919
vn 0.379823 0.886910 0.262919
vn 0.379831 0.886907 0.262914
vn 0.379836 0.886906 0.262912
vn 0.379854 0.886898 0.262911
vn 0.379854 0.886898 0.262911
vn 0.379835 0.886906 0.262914
vn 0.379825 0.886909 0.262917
vn 0.379841 0.886904 0.262910
vn 0.379841 0.886905 0.262910
vn 0.379840 0.886904 0.262913
vn 0.379845 0.886902 0.262911
vn 0.379847 0.886902 0.262909
vn 0.379847 0.886902 0.262909
vn 0.379830 0.886909 0.262911
vn 0.379834 0.886906 0.262915
vn 0.379835 0.886909 0.262902
vn 0.379835 0.886909 0.262902
vn 0.379831 0.886908 0.262910
vn 0.379827 0.886911 0.262906
vn 0.379820 0.886917 0.262898
vn 0.379820 0.886917 0.262898
vn 0.379839 0.886904 0.262913
vn 0.379835 0.886906 0.262914
vn 0.379840 0.886904 0.262912
vn 0.379840 0.886904 0.262912
vn 0.379840 0.886904 0.262912
vn 0.379843 0.886903 0.262911
vn -0.404070 0.914689 -0.008430
vn -0.404070 0.914689 -0.008430
vn 0.379832 0.886907 0.262912
vn 0.379837 0.886905 0.262912
vn 0.362130 0.931361 0.037793
vn 0.362130 0.931361 0.037793
vn 0.379832 0.886907 0.262914
vn 0.379828 0.886909 0.262912
vn 0.315673 0.941518 0.117878
vn 0.315673 0.941518 0.117878
vn 0.379831 0.886909 0.262910
vn 0.379835 0.886905 0.262916
vn 0.278552 0.941666 0.188875
vn 0.278552 0.941666 0.188875
vn 0.379837 0.886906 0.262908
vn 0.379826 0.886912 0.262904
vn 0.237800 0.936397 0.258093
vn 0.237800 0.936397 0.258093
vn 0.379848 0.886901 0.262913
vn 0.782516 -0.070921 -0.618578
vn 0.782516 -0.070921 -0.618578
vn 0.782516 -0.070921 -0.618578
vn 0.782516 -0.070921 -0.618578
vn -0.329042 -0.152411 0.931935
vn -0.329042 -0.152411 0.931935
vn -0.329042 -0.152411 0.931935
vn -0.329042 -0.152411 0.931935
vn 0.566934 0.021216 -0.823490
vn 0.566934 0.021216 -0.823490
vn 0.566934 0.021216 -0.823490
vn 0.566934 0.021216 -0.823490
vn 0.518147 -0.237737 0.821587
vn 0.518147 -0.237737 0.821587
vn 0.518147 -0.237737 0.821587
vn 0.518147 -0.237737 0.821587
vn 0.505852 0.039069 -0.861735
vn 0.589948 0.015861 -0.807286
vn 0.589948 0.015861 -0.807286
vn 0.509730 0.038039 -0.859493
vn 0.978400 -0.147127 0.145218
vn 0.978400 -0.147127 0.145218
vn 0.978400 -0.147127 0.145218
vn 0.978400 -0.147127 0.145218
vn 0.571574 0.132244 -0.809824
vn 0.571574 0.132244 -0.809824
vn 0.571574 0.132244 -0.809824
vn 0.571574 0.132244 -0.809824
vn -0.231297 0.200960 -0.951902
vn -0.231297 0.200960 -0.951902
vn -0.231297 0.200960 -0.951902
vn -0.231297 0.200960 -0.951902
vn -0.298481 0.000000 -0.954416
vn -0.298481 0.000000 -0.954416
vn -0.298481 0.000000 -0.954416
vn -0.298481 0.000000 -0.954416
vn 0.822647 0.147683 -0.549037
vn 0.822647 0.147683 -0.549037
vn 0.822647 0.147683 -0.549037
vn 0.822647 0.147683 -0.549037
vn -0.564729 -0.000004 -0.825276
vn -0.564729 -0.000004 -0.825276
vn -0.564729 -0.000004 -0.825276
vn -0.564729 -0.000004 -0.825276
vn 0.774363 0.000002 -0.632741
vn 0.774363 0.000002 -0.632741
vn 0.774363 0.000002 -0.632741
vn 0.774363 0.000002 -0.632741
vn -0.772614 0.000000 -0.634876
vn -0.772614 0.000000 -0.634876
vn -0.772614 0.000000 -0.634876
vn -0.772614 0.000000 -0.634876
vn 0.508143 0.000000 -0.861273
vn 0.508143 0.000000 -0.861273
vn 0.508143 0.000000 -0.861273
vn 0.508143 0.000000 -0.861273
vn -0.917716 0.000000 -0.397237
vn -0.917716 0.000000 -0.397237
vn -0.917716 0.000000 -0.397237
vn -0.917716 0.000000 -0.397237
vn 0.183002 0.000000 -0.983113
vn 0.183002 0.000000 -0.983113
vn 0.183002 0.000000 -0.983113
vn 0.183002 0.000000 -0.983113
vn -0.992677 0.000000 -0.120798
vn -0.992677 0.000000 -0.120798
vn -0.992677 0.000000 -0.120798
vn -0.992677 0.000000 -0.120798
vn -0.146075 0.000000 -0.989274
vn -0.146075 0.000000 -0.989274
vn -0.146075 0.000000 -0.989274
vn -0.146075 0.000000 -0.989274
vn -0.983061 0.000000 0.183278
vn -0.983061 0.000000 0.183278
vn -0.983061 0.000000 0.183278
vn -0.983061 0.000000 0.183278
vn -0.438576 0.000000 -0.898694
vn -0.438576 0.000000 -0.898694
vn -0.438576 0.000000 -0.898694
vn -0.438576 0.000000 -0.898694
vn -0.871328 0.000000 0.490700
vn -0.871328 0.000000 0.490700
vn -0.871328 0.000000 0.490700
vn -0.871328 0.000000 0.490700
vn -0.676274 0.000000 -0.736650
vn -0.676274 0.000000 -0.736650
vn -0.676274 0.000000 -0.736650
vn -0.676274 0.000000 -0.736650
vn -0.651883 0.000000 0.758319
vn -0.651883 0.000000 0.758319
vn -0.651883 0.000000 0.758319
vn -0.651883 0.000000 0.758319
vn -0.853314 0.000000 -0.521397
vn -0.853314 0.000000 -0.521397
vn -0.853314 0.000000 -0.521397
vn -0.853314 0.000000 -0.521397
vn -0.349477 0.000000 0.936945
vn -0.349477 0.000000 0.936945
vn -0.349477 0.000000 0.936945
vn -0.349477 0.000000 0.936945
vn -0.964701 -0.000008 -0.263349
vn -0.964701 -0.000008 -0.263349
vn -0.964701 -0.000008 -0.263349
vn -0.964701 -0.000008 -0.263349
vn -0.598297 0.292274 0.746067
vn -0.598297 0.292274 0.746067
vn -0.598297 0.292274 0.746067
vn -0.598297 0.292274 0.746067
vn -0.999582 0.000000 0.028894
vn -0.999582 0.000000 0.028894
vn -0.999582 0.000000 0.028894
vn -0.999582 0.000000 0.028894
vn -0.565916 -0.690805 0.450030
vn -0.565916 -0.690805 0.450030
vn -0.565916 -0.690805 0.450030
vn -0.565916 -0.690805 0.450030
vn -0.950885 -0.056592 0.304329
vn -0.950885 -0.056592 0.304329
vn -0.950885 -0.056592 0.304329
vn -0.950884 -0.056592 0.304329
vn -0.103157 -0.016155 0.994534
vn -0.103157 -0.016155 0.994534
vn -0.103157 -0.016155 0.994534
vn -0.103157 -0.016155 0.994534
vn 0.127401 -0.126070 -0.983807
vn -0.502464 -0.083840 0.860524
vn -0.823105 -0.318073 0.470455
vn 0.127401 -0.126070 -0.983807
vn 0.829609 -0.179890 0.528573
vn 0.829609 -0.179890 0.528573
vn 0.829609 -0.179890 0.528573
vn 0.829609 -0.179890 0.528573
vn -0.432914 -0.048263 0.900142
vn -0.432914 -0.048263 0.900142
vn -0.432914 -0.048263 0.900142
vn -0.432914 -0.048263 0.900142
vn 0.952145 -0.163906 0.257983
vn 0.952145 -0.163906 0.257983
vn 0.952145 -0.163906 0.257983
vn 0.952145 -0.163906 0.257983
vn -0.108390 -0.105609 0.988483
vn -0.108390 -0.105609 0.988483
vn -0.108390 -0.105609 0.988483
vn -0.108390 -0.105609 0.988483
vn 0.897744 -0.118819 -0.424191
vn 0.897744 -0.118819 -0.424191
vn 0.897744 -0.118819 -0.424191
vn 0.897744 -0.118819 -0.424191
vn 0.787930 -0.034520 -0.614797
vn 0.787930 -0.034520 -0.614797
vn 0.787930 -0.034520 -0.614797
vn 0.787930 -0.034520 -0.614797
vn 0.800250 -0.072176 -0.595307
vn 0.800250 -0.072176 -0.595308
vn 0.800250 -0.072176 -0.595307
vn 0.800250 -0.072176 -0.595308
vn -0.047285 -0.175473 0.983348
vn -0.047285 -0.175473 0.983348
vn -0.047285 -0.175473 0.983348
vn -0.047285 -0.175473 0.983348
vn -0.070074 -0.995670 -0.061083
vn -0.070074 -0.995670 -0.061083
vn -0.135417 -0.989266 0.054913
vn -0.135417 -0.989266 0.054913
vn -0.463641 0.568807 0.679334
vn -0.463641 0.568807 0.679334
vn -0.463641 0.568807 0.679334
vn -0.463641 0.568807 0.679334
vn -0.098418 0.983977 -0.148670
vn -0.098418 0.983977 -0.148670
vn -0.098418 0.983977 -0.148670
vn -0.098418 0.983977 -0.148670
vn -0.469510 0.054355 0.881252
vn -0.469510 0.054355 0.881252
vn -0.469510 0.054355 0.881252
vn -0.469510 0.054355 0.881252
vn -0.157290 0.986283 -0.050052
vn -0.157290 0.986283 -0.050052
vn -0.157290 0.986283 -0.050052
vn -0.157290 0.986283 -0.050052
vn -0.447008 0.663711 0.599727
vn -0.447008 0.663711 0.599727
vn -0.447008 0.663711 0.599727
vn -0.447008 0.663711 0.599727
vn 0.448153 0.053975 -0.892326
vn 0.448153 0.053975 -0.892326
vn -0.115424 0.978258 -0.172303
vn -0.115424 0.978258 -0.172303
vn -0.115424 0.978258 -0.172303
vn -0.115424 0.978258 -0.172303
vn -0.014980 0.944927 -0.326940
vn -0.014980 0.944927 -0.326940
vn -0.014980 0.944927 -0.326940
vn -0.014980 0.944927 -0.326940
vn 0.505206 0.136865 -0.852077
vn 0.505206 0.136865 -0.852076
vn 0.505206 0.136865 -0.852077
vn 0.505207 0.136865 -0.852077
vn -0.480966 -0.070596 0.873892
vn -0.480966 -0.070596 0.873892
vn -0.112264 0.984477 -0.134912
vn -0.112264 0.984477 -0.134912
vn -0.112264 0.984477 -0.134912
vn -0.112264 0.984477 -0.134912
vn 0.492127 -0.124044 -0.861640
vn 0.492127 -0.124044 -0.861640
vn 0.492127 -0.124044 -0.861640
vn 0.492127 -0.124044 -0.861640
vn -0.201542 0.978794 0.036640
vn -0.201542 0.978794 0.036640
vn -0.201542 0.978794 0.036640
vn -0.201542 0.978794 0.036640
vn 0.312276 0.537721 -0.783160
vn 0.312276 0.537721 -0.783160
vn 0.312276 0.537721 -0.783160
vn 0.312276 0.537721 -0.783160
vn -0.260719 0.938812 0.225071
vn -0.260719 0.938812 0.225071
vn -0.260719 0.938812 0.225071
vn -0.260719 0.938812 0.225071
vn 0.133674 0.822777 -0.552421
vn 0.133674 0.822777 -0.552421
vn 0.133674 0.822777 -0.552421
vn 0.133674 0.822777 -0.552421
vn -0.342977 0.833013 0.434116
vn -0.342977 0.833013 0.434116
vn -0.342977 0.833013 0.434116
vn -0.342977 0.833013 0.434116
vn 0.038559 0.917440 -0.396001
vn 0.038559 0.917440 -0.396001
vn 0.038559 0.917440 -0.396001
vn 0.038559 0.917440 -0.396001
vn -0.581835 0.000000 0.813307
vn -0.581836 0.000001 0.813306
vn -0.581834 -0.000001 0.813308
vn -0.581834 -0.000001 0.813308
vn -0.116256 0.989731 -0.083168
vn -0.116256 0.989731 -0.083168
vn -0.116256 0.989731 -0.083168
vn -0.116256 0.989731 -0.083168
vn 0.581831 -0.000001 -0.813309
vn 0.581831 -0.000001 -0.813309
vn 0.581829 -0.000000 -0.813311
vn 0.581830 -0.000000 -0.813311
vn -0.431902 -0.847347 -0.308972
vn -0.431902 -0.847347 -0.308972
vn -0.431902 -0.847347 -0.308972
vn -0.431902 -0.847347 -0.308972
vn 0.808516 0.108443 0.578396
vn 0.808516 0.108443 0.578396
vn 0.808516 0.108443 0.578396
vn 0.808516 0.108443 0.578396
vn -0.799230 -0.185264 -0.571760
vn -0.799230 -0.185264 -0.571760
vn -0.799230 -0.185264 -0.571760
vn -0.799230 -0.185264 -0.571760
vn 0.581827 0.000000 -0.813312
vn 0.581827 0.000000 -0.813312
vn 0.689162 -0.531033 0.493011
vn 0.689162 -0.531033 0.493011
vn 0.689162 -0.531033 0.493011
vn 0.689162 -0.531033 0.493011
vn -0.581837 0.000002 0.813306
vn -0.581837 0.000002 0.813306
vn -0.689152 0.531039 -0.493019
vn -0.689152 0.531039 -0.493019
vn -0.689152 0.531039 -0.493019
vn -0.689152 0.531039 -0.493019
vn -0.581837 0.000000 0.813306
vn -0.581833 0.000000 0.813308
vn -0.581843 0.000000 0.813301
vn -0.581843 0.000000 0.813301
vn -0.116257 0.989731 -0.083172
vn -0.116257 0.989731 -0.083172
vn -0.116257 0.989731 -0.083172
vn -0.116257 0.989731 -0.083172
vn 0.581828 0.000001 -0.813312
vn 0.581828 0.000001 -0.813312
vn 0.581834 0.000002 -0.813308
vn 0.581832 0.000002 -0.813309
vn -0.431890 -0.847352 -0.308976
vn -0.431890 -0.847352 -0.308976
vn -0.431890 -0.847352 -0.308976
vn -0.431890 -0.847352 -0.308976
vn 0.808517 0.108439 0.578396
vn 0.808517 0.108439 0.578396
vn 0.808517 0.108439 0.578396
vn 0.808517 0.108439 0.578396
vn -0.799230 -0.185263 -0.571759
vn -0.799230 -0.185263 -0.571759
vn -0.799230 -0.185263 -0.571759
vn -0.799230 -0.185263 -0.571759
vn 0.581837 0.000002 -0.813305
vn 0.581837 0.000002 -0.813305
vn 0.689148 -0.531041 0.493022
vn 0.689148 -0.531041 0.493022
vn 0.689148 -0.531041 0.493022
vn 0.689148 -0.531041 0.493022
vn -0.581828 0.000000 0.813312
vn -0.581828 0.000000 0.813312
vn -0.689161 0.531032 -0.493013
vn -0.689161 0.531032 -0.493013
vn -0.689161 0.531032 -0.493013
vn -0.689161 0.531032 -0.493013
vn -0.581836 0.000000 0.813306
vn -0.581835 0.000000 0.813307
vn -0.581837 0.000000 0.813306
vn -0.581837 0.000000 0.813306
vn -0.116257 0.989731 -0.083168
vn -0.116257 0.989731 -0.083168
vn -0.116257 0.989731 -0.083168
vn -0.116257 0.989731 -0.083168
vn 0.581829 0.000000 -0.813311
vn 0.581829 0.000000 -0.813312
vn 0.581836 -0.000002 -0.813306
vn 0.581834 -0.000001 -0.813308
vn -0.431897 -0.847350 -0.308972
vn -0.431897 -0.847350 -0.308972
vn -0.431897 -0.847350 -0.308972
vn -0.431897 -0.847350 -0.308972
vn 0.808512 0.108443 0.578402
vn 0.808512 0.108443 0.578402
vn 0.808512 0.108443 0.578402
vn 0.808512 0.108443 0.578402
vn -0.799229 -0.185266 -0.571760
vn -0.799229 -0.185266 -0.571760
vn -0.799229 -0.185266 -0.571760
vn -0.799229 -0.185266 -0.571760
vn 0.581841 -0.000002 -0.813303
vn 0.581841 -0.000002 -0.813303
vn 0.689157 -0.531036 0.493015
vn 0.689157 -0.531036 0.493015
vn 0.689157 -0.531036 0.493015
vn 0.689157 -0.531036 0.493015
vn -0.581835 0.000000 0.813307
vn -0.581835 0.000000 0.813307
vn -0.689160 0.531034 -0.493012
vn -0.689160 0.531034 -0.493012
vn -0.689160 0.531034 -0.493012
vn -0.689160 0.531034 -0.493012
vn -0.581831 0.000001 0.813310
vn -0.581832 -0.000000 0.813309
vn -0.581829 0.000003 0.813311
vn -0.581830 0.000003 0.813311
vn -0.116257 0.989731 -0.083171
vn -0.116257 0.989731 -0.083171
vn -0.116257 0.989731 -0.083171
vn -0.116257 0.989731 -0.083171
vn 0.581825 -0.000002 -0.813314
vn 0.581825 -0.000002 -0.813314
vn 0.581831 -0.000001 -0.813310
vn 0.581829 -0.000001 -0.813311
vn -0.431899 -0.847349 -0.308971
vn -0.431899 -0.847349 -0.308971
vn -0.431899 -0.847349 -0.308971
vn -0.431899 -0.847349 -0.308971
vn 0.808514 0.108445 0.578398
vn 0.808514 0.108445 0.578398
vn 0.808514 0.108445 0.578398
vn 0.808514 0.108445 0.578398
vn -0.799227 -0.185263 -0.571763
vn -0.799227 -0.185263 -0.571763
vn -0.799227 -0.185263 -0.571763
vn -0.799227 -0.185263 -0.571763
vn 0.581834 0.000000 -0.813308
vn 0.581834 0.000000 -0.813308
vn 0.689163 -0.531030 0.493013
vn 0.689163 -0.531030 0.493013
vn 0.689163 -0.531030 0.493013
vn 0.689163 -0.531030 0.493013
vn -0.581833 -0.000002 0.813308
vn -0.581833 -0.000002 0.813308
vn -0.689153 0.531039 -0.493017
vn -0.689153 0.531039 -0.493017
vn -0.689153 0.531039 -0.493017
vn -0.689153 0.531039 -0.493017
vn -0.581832 0.000000 0.813309
vn -0.581832 0.000000 0.813309
vn -0.581833 0.000000 0.813309
vn -0.581833 0.000000 0.813309
vn 0.000000 1.000000 0.000003
vn 0.000000 1.000000 0.000003
vn 0.000000 1.000000 0.000003
vn 0.000000 1.000000 0.000003
vn 0.581832 -0.000001 -0.813309
vn 0.581832 -0.000001 -0.813309
vn 0.581834 -0.000000 -0.813308
vn 0.581833 -0.000000 -0.813308
vn -0.525972 -0.762740 -0.376273
vn -0.525972 -0.762740 -0.376273
vn -0.525972 -0.762740 -0.376273
vn -0.525972 -0.762740 -0.376273
vn 0.812816 -0.034770 0.581482
vn 0.812816 -0.034770 0.581482
vn 0.812816 -0.034770 0.581482
vn 0.812816 -0.034770 0.581482
vn -0.812561 -0.042894 -0.581295
vn -0.812561 -0.042894 -0.581295
vn -0.812561 -0.042894 -0.581295
vn -0.812561 -0.042894 -0.581295
vn 0.581835 0.000000 -0.813307
vn 0.581835 0.000000 -0.813307
vn 0.620342 -0.646707 0.443787
vn 0.620342 -0.646707 0.443787
vn 0.620342 -0.646707 0.443787
vn 0.620342 -0.646707 0.443787
vn -0.581831 0.000000 0.813310
vn -0.581831 0.000000 0.813310
vn -0.620344 0.646706 -0.443785
vn -0.620344 0.646706 -0.443785
vn -0.620344 0.646706 -0.443785
vn -0.620344 0.646706 -0.443785
vn -0.581829 -0.000001 0.813311
vn -0.581829 -0.000001 0.813311
vn -0.581830 -0.000002 0.813310
vn -0.581830 -0.000002 0.813310
vn 0.000000 1.000000 0.000000
vn 0.000000 1.000000 0.000000
vn 0.000000 1.000000 0.000000
vn 0.000000 1.000000 0.000000
vn 0.581833 -0.000002 -0.813308
vn 0.581834 -0.000002 -0.813308
vn 0.581837 0.000003 -0.813306
vn 0.581836 0.000001 -0.813306
vn -0.525978 -0.762736 -0.376273
vn -0.525978 -0.762736 -0.376273
vn -0.525978 -0.762736 -0.376273
vn -0.525978 -0.762736 -0.376273
vn 0.812818 -0.034768 0.581480
vn 0.812818 -0.034768 0.581480
vn 0.812818 -0.034768 0.581480
vn 0.812818 -0.034768 0.581480
vn -0.812561 -0.042894 -0.581295
vn -0.812561 -0.042894 -0.581295
vn -0.812561 -0.042894 -0.581295
vn -0.812561 -0.042894 -0.581295
vn 0.581838 0.000005 -0.813304
vn 0.581839 0.000005 -0.813304
vn 0.620343 -0.646708 0.443783
vn 0.620343 -0.646708 0.443783
vn 0.620343 -0.646708 0.443783
vn 0.620343 -0.646708 0.443783
vn -0.581828 0.000000 0.813312
vn -0.581828 0.000000 0.813312
vn -0.620350 0.646701 -0.443783
vn -0.620350 0.646701 -0.443783
vn -0.620350 0.646701 -0.443783
vn -0.620350 0.646701 -0.443783
vn -0.581831 0.000000 0.813310
vn -0.581832 0.000000 0.813309
vn -0.581828 0.000000 0.813312
vn -0.581828 0.000000 0.813312
vn 0.000000 1.000000 0.000000
vn 0.000000 1.000000 0.000000
vn 0.000000 1.000000 0.000000
vn 0.000000 1.000000 0.000000
vn 0.581835 0.000001 -0.813307
vn 0.581835 0.000001 -0.813307
vn 0.581831 0.000000 -0.813310
vn 0.581832 0.000000 -0.813309
vn -0.525968 -0.762743 -0.376274
vn -0.525968 -0.762742 -0.376274
vn -0.525968 -0.762743 -0.376274
vn -0.525968 -0.762742 -0.376274
vn 0.812816 -0.034770 0.581482
vn 0.812816 -0.034770 0.581482
vn 0.812816 -0.034770 0.581482
vn 0.812816 -0.034770 0.581482
vn -0.812562 -0.042893 -0.581294
vn -0.812562 -0.042893 -0.581294
vn -0.812562 -0.042893 -0.581294
vn -0.812562 -0.042893 -0.581294
vn 0.581828 0.000000 -0.813312
vn 0.581828 0.000000 -0.813312
vn 0.620344 -0.646704 0.443787
vn 0.620344 -0.646704 0.443787
vn 0.620344 -0.646704 0.443787
vn 0.620344 -0.646704 0.443787
vn -0.581835 0.000000 0.813307
vn -0.581835 0.000000 0.813307
vn -0.620340 0.646708 -0.443787
vn -0.620340 0.646708 -0.443787
vn -0.620340 0.646708 -0.443787
vn -0.620340 0.646708 -0.443787
vn -0.581834 -0.000000 0.813307
vn -0.581834 -0.000000 0.813307
vn -0.581834 -0.000000 0.813308
vn -0.581834 -0.000000 0.813308
vn 0.000000 1.000000 0.000000
vn 0.000000 1.000000 0.000000
vn 0.000000 1.000000 0.000000
vn 0.000000 1.000000 0.000000
vn 0.581833 -0.000000 -0.813308
vn 0.581834 -0.000000 -0.813308
vn 0.581837 -0.000002 -0.813306
vn 0.581835 -0.000001 -0.813307
vn -0.525971 -0.762742 -0.376270
vn -0.525971 -0.762742 -0.376270
vn -0.525971 -0.762742 -0.376270
vn -0.525971 -0.762742 -0.376270
vn 0.812818 -0.034770 0.581480
vn 0.812818 -0.034770 0.581480
vn 0.812818 -0.034770 0.581480
vn 0.812818 -0.034770 0.581480
vn -0.812561 -0.042894 -0.581295
vn -0.812561 -0.042894 -0.581295
vn -0.812561 -0.042894 -0.581295
vn -0.812561 -0.042894 -0.581295
vn 0.581838 -0.000002 -0.813305
vn 0.581838 -0.000002 -0.813305
vn 0.620344 -0.646706 0.443785
vn 0.620344 -0.646706 0.443785
vn 0.620344 -0.646706 0.443785
vn 0.620344 -0.646706 0.443785
vn -0.581835 0.000000 0.813307
vn -0.581835 0.000000 0.813307
vn -0.620344 0.646704 -0.443786
vn -0.620345 0.646704 -0.443786
vn -0.620344 0.646704 -0.443786
vn -0.620345 0.646704 -0.443786
vn -0.581832 -0.000002 0.813309
vn -0.581831 -0.000003 0.813310
vn -0.581833 0.000001 0.813308
vn -0.581834 0.000001 0.813308
vn 0.000000 1.000000 0.000000
vn 0.000000 1.000000 0.000000
vn 0.000000 1.000000 0.000000
vn 0.000000 1.000000 0.000000
vn 0.581831 0.000000 -0.813310
vn 0.581831 0.000000 -0.813310
vn 0.581836 0.000000 -0.813307
vn 0.581834 0.000000 -0.813308
vn -0.525971 -0.762740 -0.376274
vn -0.525971 -0.762740 -0.376274
vn -0.525971 -0.762740 -0.376274
vn -0.525971 -0.762740 -0.376274
vn 0.812818 -0.034768 0.581479
vn 0.812818 -0.034768 0.581479
vn 0.812818 -0.034768 0.581479
vn 0.812818 -0.034768 0.581479
vn -0.812559 -0.042894 -0.581299
vn -0.812559 -0.042894 -0.581299
vn -0.812559 -0.042894 -0.581299
vn -0.812559 -0.042894 -0.581299
vn 0.581838 0.000000 -0.813305
vn 0.581838 0.000000 -0.813305
vn 0.620344 -0.646703 0.443788
vn 0.620344 -0.646703 0.443788
vn 0.620344 -0.646703 0.443788
vn 0.620344 -0.646703 0.443788
vn -0.581830 -0.000005 0.813311
vn -0.581830 -0.000005 0.813311
vn -0.620345 0.646704 -0.443787
vn -0.620345 0.646704 -0.443787
vn -0.620345 0.646704 -0.443787
vn -0.620345 0.646704 -0.443787
vn -0.581830 0.000000 0.813311
vn -0.581829 0.000000 0.813311
vn -0.581831 0.000001 0.813310
vn -0.581831 0.000001 0.813310
vn 0.000000 1.000000 -0.000001
vn 0.000000 1.000000 -0.000001
vn 0.000000 1.000000 -0.000001
vn 0.000000 1.000000 -0.000001
vn 0.581835 -0.000001 -0.813307
vn 0.581835 -0.000001 -0.813307
vn 0.581833 0.000001 -0.813309
vn 0.581833 0.000001 -0.813308
vn -0.525969 -0.762741 -0.376274
vn -0.525969 -0.762741 -0.376274
vn -0.525969 -0.762741 -0.376274
vn -0.525970 -0.762741 -0.376274
vn 0.812816 -0.034770 0.581482
vn 0.812816 -0.034770 0.581482
vn 0.812816 -0.034770 0.581482
vn 0.812816 -0.034770 0.581482
vn -0.812560 -0.042893 -0.581297
vn -0.812560 -0.042893 -0.581297
vn -0.812560 -0.042893 -0.581297
vn -0.812560 -0.042893 -0.581297
vn 0.581831 0.000002 -0.813310
vn 0.581831 0.000002 -0.813310
vn 0.620344 -0.646704 0.443787
vn 0.620344 -0.646704 0.443787
vn 0.620344 -0.646704 0.443787
vn 0.620344 -0.646704 0.443787
vn -0.581828 0.000000 0.813312
vn -0.581828 0.000000 0.813312
vn -0.620345 0.646704 -0.443787
vn -0.620345 0.646704 -0.443787
vn -0.620345 0.646704 -0.443787
vn -0.620345 0.646704 -0.443787
vn -0.581835 -0.000000 0.813307
vn -0.581834 -0.000000 0.813308
vn -0.581838 -0.000001 0.813304
vn -0.581838 -0.000001 0.813305
vn 0.000000 1.000000 0.000000
vn 0.000000 1.000000 0.000000
vn 0.000000 1.000000 0.000000
vn 0.000000 1.000000 0.000000
vn 0.581830 -0.000002 -0.813311
vn 0.581830 -0.000002 -0.813311
vn 0.581834 0.000001 -0.813307
vn 0.581833 -0.000000 -0.813308
vn -0.525978 -0.762737 -0.376271
vn -0.525978 -0.762737 -0.376271
vn -0.525978 -0.762737 -0.376271
vn -0.525978 -0.762737 -0.376271
vn 0.812821 -0.034769 0.581476
vn 0.812821 -0.034769 0.581476
vn 0.812821 -0.034769 0.581476
vn 0.812820 -0.034769 0.581476
vn -0.812563 -0.042894 -0.581294
vn -0.812562 -0.042894 -0.581294
vn -0.812563 -0.042894 -0.581294
vn -0.812562 -0.042894 -0.581294
vn 0.581837 0.000002 -0.813305
vn 0.581837 0.000002 -0.813305
vn 0.620342 -0.646707 0.443787
vn 0.620342 -0.646707 0.443787
vn 0.620342 -0.646707 0.443787
vn 0.620342 -0.646707 0.443787
vn -0.581831 0.000000 0.813310
vn -0.581831 0.000000 0.813310
vn -0.620347 0.646704 -0.443784
vn -0.620347 0.646704 -0.443784
vn -0.620347 0.646704 -0.443784
vn -0.620347 0.646704 -0.443784
vn -0.581833 -0.000001 0.813308
vn -0.581833 -0.000001 0.813309
vn -0.581835 0.000001 0.813307
vn -0.581835 0.000001 0.813307
vn 0.000000 1.000000 -0.000001
vn 0.000000 1.000000 -0.000001
vn 0.000000 1.000000 -0.000001
vn 0.000000 1.000000 -0.000001
vn 0.581835 0.000001 -0.813307
vn 0.581835 0.000001 -0.813307
vn 0.581833 -0.000001 -0.813309
vn 0.581833 -0.000001 -0.813308
vn -0.525969 -0.762741 -0.376274
vn -0.525969 -0.762741 -0.376274
vn -0.525969 -0.762741 -0.376274
vn -0.525969 -0.762741 -0.376274
vn 0.812816 -0.034770 0.581482
vn 0.812816 -0.034770 0.581482
vn 0.812816 -0.034770 0.581482
vn 0.812816 -0.034770 0.581482
vn -0.812560 -0.042892 -0.581298
vn -0.812560 -0.042892 -0.581297
vn -0.812560 -0.042892 -0.581298
vn -0.812560 -0.042892 -0.581297
vn 0.581831 -0.000002 -0.813310
vn 0.581831 -0.000002 -0.813310
vn 0.620342 -0.646704 0.443789
vn 0.620342 -0.646704 0.443789
vn 0.620342 -0.646704 0.443789
vn 0.620342 -0.646704 0.443789
vn -0.581831 -0.000002 0.813309
vn -0.581831 -0.000002 0.813310
vn -0.620342 0.646705 -0.443789
vn -0.620342 0.646705 -0.443789
vn -0.620342 0.646705 -0.443789
vn -0.620342 0.646705 -0.443789
vn -0.581833 0.000000 0.813309
vn -0.581833 0.000000 0.813308
vn -0.581831 0.000001 0.813310
vn -0.581831 0.000001 0.813310
vn 0.000000 1.000000 0.000001
vn 0.000000 1.000000 0.000001
vn 0.000000 1.000000 0.000001
vn 0.000000 1.000000 0.000001
vn 0.581833 0.000000 -0.813308
vn 0.581833 0.000000 -0.813308
vn 0.581832 0.000002 -0.813309
vn 0.581832 0.000001 -0.813309
vn -0.525969 -0.762741 -0.376274
vn -0.525969 -0.762741 -0.376274
vn -0.525969 -0.762741 -0.376274
vn -0.525969 -0.762741 -0.376274
vn 0.812815 -0.034770 0.581484
vn 0.812815 -0.034770 0.581484
vn 0.812815 -0.034770 0.581484
vn 0.812815 -0.034770 0.581484
vn -0.812562 -0.042894 -0.581295
vn -0.812562 -0.042894 -0.581295
vn -0.812562 -0.042894 -0.581295
vn -0.812562 -0.042894 -0.581295
vn 0.581831 0.000002 -0.813310
vn 0.581831 0.000002 -0.813310
vn 0.620344 -0.646704 0.443787
vn 0.620344 -0.646704 0.443787
vn 0.620344 -0.646704 0.443787
vn 0.620344 -0.646704 0.443787
vn -0.581835 0.000000 0.813307
vn -0.581835 0.000000 0.813307
vn -0.620345 0.646704 -0.443787
vn -0.620345 0.646704 -0.443787
vn -0.620345 0.646704 -0.443787
vn -0.620345 0.646704 -0.443787
vn -0.581836 -0.000000 0.813306
vn -0.581837 -0.000000 0.813305
vn -0.581833 -0.000000 0.813308
vn -0.581833 -0.000000 0.813308
vn 0.000000 1.000000 -0.000001
vn 0.000000 1.000000 -0.000001
vn 0.000000 1.000000 -0.000001
vn 0.000000 1.000000 -0.000001
vn 0.581826 -0.000001 -0.813313
vn 0.581826 -0.000001 -0.813313
vn 0.581829 0.000001 -0.813311
vn 0.581828 0.000000 -0.813312
vn -0.525967 -0.762741 -0.376277
vn -0.525967 -0.762741 -0.376277
vn -0.525967 -0.762741 -0.376277
vn -0.525967 -0.762741 -0.376277
vn 0.812819 -0.034769 0.581477
vn 0.812819 -0.034769 0.581477
vn 0.812819 -0.034769 0.581477
vn 0.812819 -0.034769 0.581477
vn -0.812560 -0.042891 -0.581298
vn -0.812560 -0.042891 -0.581297
vn -0.812560 -0.042891 -0.581298
vn -0.812560 -0.042891 -0.581297
vn 0.581831 0.000002 -0.813310
vn 0.581831 0.000002 -0.813310
vn 0.620346 -0.646703 0.443786
vn 0.620346 -0.646703 0.443786
vn 0.620346 -0.646703 0.443786
vn 0.620346 -0.646703 0.443786
vn -0.581840 0.000000 0.813304
vn -0.581840 0.000000 0.813303
vn -0.620342 0.646704 -0.443791
vn -0.620342 0.646704 -0.443791
vn -0.620342 0.646704 -0.443791
vn -0.620342 0.646704 -0.443791
vn -0.190998 0.979723 -0.060515
vn -0.317999 0.942724 -0.100743
vn -0.333569 0.942722 0.002458
vn -0.200349 0.979724 0.001487
vn -0.316489 0.942722 0.105405
vn -0.190092 0.979723 0.063315
vn -0.268416 0.942726 0.198045
vn -0.161226 0.979723 0.118948
vn -0.194082 0.942722 0.271305
vn -0.116581 0.979722 0.162954
vn -0.100753 0.942722 0.318001
vn -0.060523 0.979721 0.191008
vn 0.002445 0.942722 0.333570
vn 0.001478 0.979723 0.200349
vn 0.105408 0.942722 0.316488
vn 0.063313 0.979725 0.190081
vn 0.198047 0.942725 0.268417
vn 0.118950 0.979723 0.161225
vn 0.271295 0.942726 0.194080
vn 0.162955 0.979722 0.116576
vn 0.317998 0.942723 0.100750
vn 0.191004 0.979722 0.060518
vn 0.333571 0.942722 -0.002450
vn 0.200358 0.979722 -0.001476
vn 0.316483 0.942724 -0.105407
vn 0.190094 0.979722 -0.063313
vn 0.268424 0.942723 -0.198045
vn 0.161226 0.979723 -0.118949
vn 0.194086 0.942724 -0.271298
vn 0.116574 0.979723 -0.162953
vn 0.100748 0.942724 -0.317997
vn 0.060508 0.979724 -0.190995
vn -0.002452 0.942724 -0.333564
vn -0.001468 0.979723 -0.200350
vn -0.105403 0.942724 -0.316482
vn -0.063306 0.979723 -0.190092
vn -0.198043 0.942723 -0.268426
vn -0.118958 0.979722 -0.161223
vn -0.271303 0.942722 -0.194085
vn -0.162958 0.979722 -0.116577
vn -0.448766 0.882267 -0.142178
vn -0.470739 0.882266 0.003456
vn -0.446635 0.882264 0.148751
vn -0.378805 0.882266 0.279490
vn -0.273904 0.882264 0.382866
vn -0.142182 0.882268 0.448762
vn 0.003457 0.882265 0.470740
vn 0.148753 0.882261 0.446640
vn 0.279491 0.882267 0.378801
vn 0.382863 0.882267 0.273899
vn 0.448768 0.882265 0.142182
vn 0.470745 0.882262 -0.003457
vn 0.446630 0.882266 -0.148755
vn 0.378800 0.882268 -0.279488
vn 0.273900 0.882269 -0.382858
vn 0.142184 0.882265 -0.448767
vn -0.003457 0.882268 -0.470736
vn -0.148751 0.882265 -0.446633
vn -0.279487 0.882262 -0.378815
vn -0.382867 0.882265 -0.273901
vn -0.571654 0.800254 -0.181119
vn -0.599640 0.800258 0.004400
vn -0.568932 0.800257 0.189487
vn -0.482532 0.800256 0.356023
vn -0.348905 0.800255 0.487707
vn -0.181116 0.800257 0.571652
vn 0.004406 0.800255 0.599644
vn 0.189490 0.800250 0.568941
vn 0.356023 0.800250 0.482542
vn 0.487709 0.800251 0.348909
vn 0.571664 0.800248 0.181119
vn 0.599654 0.800247 -0.004402
vn 0.568932 0.800257 -0.189487
vn 0.482538 0.800252 -0.356026
vn 0.348910 0.800249 -0.487711
vn 0.181117 0.800254 -0.571656
vn -0.004402 0.800252 -0.599648
vn -0.189485 0.800255 -0.568936
vn -0.356022 0.800254 -0.482537
vn -0.487712 0.800252 -0.348903
vn -0.681920 0.698788 -0.216056
vn -0.715311 0.698787 0.005244
vn -0.678678 0.698788 0.226034
vn -0.575605 0.698797 0.424690
vn -0.416197 0.698796 0.581777
vn -0.216045 0.698788 0.681923
vn 0.005250 0.698787 0.715310
vn 0.226033 0.698788 0.678678
vn 0.424696 0.698790 0.575610
vn 0.581777 0.698792 0.416202
vn 0.681923 0.698787 0.216050
vn 0.715316 0.698781 -0.005247
vn 0.678681 0.698783 -0.226039
vn 0.575616 0.698780 -0.424704
vn 0.416208 0.698784 -0.581784
vn 0.216054 0.698786 -0.681923
vn -0.005246 0.698787 -0.715310
vn -0.226035 0.698791 -0.678675
vn -0.424700 0.698785 -0.575613
vn -0.581788 0.698782 -0.416204
vn -0.776296 0.580407 -0.245951
vn -0.814308 0.580403 0.005973
vn -0.772608 0.580400 0.257320
vn -0.655276 0.580401 0.483476
vn -0.473806 0.580404 0.662298
vn -0.245951 0.580403 0.776299
vn 0.005979 0.580396 0.814313
vn 0.257320 0.580396 0.772611
vn 0.483473 0.580400 0.655279
vn 0.662301 0.580404 0.473803
vn 0.776305 0.580397 0.245949
vn 0.814316 0.580391 -0.005975
vn 0.772609 0.580397 -0.257323
vn 0.655277 0.580395 -0.483480
vn 0.473814 0.580391 -0.662304
vn 0.245953 0.580392 -0.776307
vn -0.005975 0.580396 -0.814312
vn -0.257317 0.580401 -0.772608
vn -0.483479 0.580397 -0.655277
vn -0.662305 0.580398 -0.473804
vn -0.852278 0.448005 -0.270027
vn -0.894013 0.447993 0.006560
vn -0.848231 0.447988 0.282508
vn -0.719413 0.447995 0.530797
vn -0.520181 0.447996 0.727125
vn -0.270025 0.447995 0.852284
vn 0.006562 0.447995 0.894012
vn 0.282505 0.447996 0.848228
vn 0.530798 0.447990 0.719416
vn 0.727128 0.447992 0.520181
vn 0.852282 0.448000 0.270023
vn 0.894008 0.448003 -0.006558
vn 0.848225 0.448002 -0.282506
vn 0.719412 0.447995 -0.530798
vn 0.520185 0.447987 -0.727128
vn 0.270021 0.447992 -0.852286
vn -0.006558 0.447994 -0.894013
vn -0.282505 0.447997 -0.848227
vn -0.530800 0.447997 -0.719410
vn -0.727126 0.447998 -0.520178
vn -0.907938 0.304791 -0.287663
vn -0.952396 0.304785 0.006989
vn -0.903622 0.304783 0.300956
vn -0.766393 0.304792 0.565459
vn -0.554149 0.304785 0.774612
vn -0.287659 0.304785 0.907942
vn 0.006993 0.304787 0.952395
vn 0.300952 0.304793 0.903620
vn 0.565460 0.304790 0.766393
vn 0.774609 0.304791 0.554151
vn 0.907939 0.304795 0.287659
vn 0.952393 0.304794 -0.006991
vn 0.903620 0.304791 -0.300955
vn 0.766395 0.304795 -0.565455
vn 0.554149 0.304796 -0.774608
vn 0.287657 0.304789 -0.907941
vn -0.006988 0.304787 -0.952395
vn -0.300956 0.304786 -0.903621
vn -0.565460 0.304792 -0.766393
vn -0.774611 0.304789 -0.554149
vn -0.941889 0.154251 -0.298416
vn -0.988003 0.154263 0.007250
vn -0.937408 0.154251 0.312208
vn -0.795051 0.154252 0.586601
vn -0.574872 0.154246 0.803573
vn -0.298417 0.154250 0.941889
vn 0.007250 0.154251 0.988005
vn 0.312203 0.154250 0.937409
vn 0.586603 0.154249 0.795050
vn 0.803574 0.154246 0.574872
vn 0.941892 0.154234 0.298416
vn 0.988008 0.154233 -0.007248
vn 0.937410 0.154246 -0.312204
vn 0.795053 0.154245 -0.586600
vn 0.574872 0.154242 -0.803574
vn 0.298409 0.154242 -0.941893
vn -0.007251 0.154242 -0.988007
vn -0.312208 0.154244 -0.937409
vn -0.586597 0.154246 -0.795054
vn -0.803577 0.154234 -0.574871
vn -0.953298 0.000000 -0.302030
vn -0.999973 -0.000000 0.007339
vn -0.948762 -0.000000 0.315992
vn -0.804682 0.000006 0.593706
vn -0.581834 0.000006 0.813308
vn -0.302029 -0.000000 0.953299
vn 0.007339 -0.000000 0.999973
vn 0.315982 -0.000000 0.948765
vn 0.593708 -0.000000 0.804681
vn 0.813308 0.000000 0.581834
vn 0.953298 0.000000 0.302030
vn 0.999973 0.000000 -0.007336
vn 0.948764 -0.000000 -0.315985
vn 0.804680 0.000000 -0.593709
vn 0.581832 -0.000000 -0.813309
vn 0.302026 -0.000001 -0.953300
vn -0.007339 -0.000001 -0.999973
vn -0.315990 0.000003 -0.948762
vn -0.593703 0.000003 -0.804685
vn -0.813304 0.000000 -0.581839
vn -0.941889 -0.154251 -0.298417
vn -0.988003 -0.154263 0.007250
vn -0.937408 -0.154251 0.312207
vn -0.795052 -0.154246 0.586600
vn -0.574873 -0.154240 0.803574
vn -0.298417 -0.154251 0.941889
vn 0.007250 -0.154250 0.988005
vn 0.312203 -0.154249 0.937410
vn 0.586601 -0.154248 0.795051
vn 0.803573 -0.154246 0.574873
vn 0.941891 -0.154234 0.298417
vn 0.988008 -0.154233 -0.007247
vn 0.937410 -0.154246 -0.312204
vn 0.795054 -0.154245 -0.586598
vn 0.574872 -0.154243 -0.803574
vn 0.298409 -0.154243 -0.941892
vn -0.007251 -0.154243 -0.988006
vn -0.312207 -0.154237 -0.937410
vn -0.586597 -0.154240 -0.795056
vn -0.803577 -0.154234 -0.574871
vn -0.907939 -0.304791 -0.287660
vn -0.952396 -0.304785 0.006987
vn -0.903622 -0.304784 0.300955
vn -0.766393 -0.304792 0.565459
vn -0.554149 -0.304785 0.774613
vn -0.287659 -0.304786 0.907942
vn 0.006993 -0.304786 0.952395
vn 0.300950 -0.304789 0.903622
vn 0.565456 -0.304788 0.766397
vn 0.774609 -0.304791 0.554151
vn 0.907939 -0.304795 0.287657
vn 0.952393 -0.304794 -0.006990
vn 0.903620 -0.304791 -0.300954
vn 0.766395 -0.304795 -0.565455
vn 0.554148 -0.304797 -0.774609
vn 0.287656 -0.304789 -0.907942
vn -0.006988 -0.304787 -0.952395
vn -0.300954 -0.304782 -0.903623
vn -0.565457 -0.304787 -0.766396
vn -0.774612 -0.304790 -0.554147
vn -0.852278 -0.448005 -0.270026
vn -0.894013 -0.447993 0.006559
vn -0.848231 -0.447988 0.282509
vn -0.719412 -0.447996 0.530797
vn -0.520178 -0.447994 0.727129
vn -0.270025 -0.447993 0.852284
vn 0.006562 -0.447998 0.894010
vn 0.282504 -0.447993 0.848230
vn 0.530796 -0.447985 0.719420
vn 0.727129 -0.447990 0.520181
vn 0.852282 -0.448000 0.270022
vn 0.894008 -0.448003 -0.006558
vn 0.848224 -0.448002 -0.282508
vn 0.719413 -0.447995 -0.530798
vn 0.520182 -0.447990 -0.727128
vn 0.270019 -0.447998 -0.852284
vn -0.006559 -0.447998 -0.894011
vn -0.282503 -0.447997 -0.848228
vn -0.530797 -0.447993 -0.719414
vn -0.727127 -0.447995 -0.520180
vn -0.776297 -0.580406 -0.245951
vn -0.814308 -0.580403 0.005975
vn -0.772610 -0.580396 0.257320
vn -0.655279 -0.580398 0.483475
vn -0.473806 -0.580399 0.662303
vn -0.245953 -0.580397 0.776303
vn 0.005979 -0.580398 0.814311
vn 0.257320 -0.580397 0.772609
vn 0.483474 -0.580396 0.655281
vn 0.662301 -0.580400 0.473808
vn 0.776304 -0.580396 0.245952
vn 0.814316 -0.580391 -0.005976
vn 0.772609 -0.580397 -0.257323
vn 0.655278 -0.580396 -0.483478
vn 0.473813 -0.580393 -0.662303
vn 0.245953 -0.580397 -0.776303
vn -0.005976 -0.580400 -0.814310
vn -0.257318 -0.580403 -0.772606
vn -0.483479 -0.580394 -0.655279
vn -0.662305 -0.580394 -0.473809
vn -0.681917 -0.698792 -0.216052
vn -0.715311 -0.698787 0.005248
vn -0.678684 -0.698781 0.226039
vn -0.575611 -0.698787 0.424698
vn -0.416202 -0.698791 0.581780
vn -0.216047 -0.698787 0.681924
vn 0.005250 -0.698783 0.715315
vn 0.226032 -0.698786 0.678681
vn 0.424694 -0.698792 0.575609
vn 0.581777 -0.698795 0.416200
vn 0.681921 -0.698789 0.216049
vn 0.715313 -0.698784 -0.005248
vn 0.678683 -0.698782 -0.226040
vn 0.575618 -0.698779 -0.424703
vn 0.416207 -0.698788 -0.581779
vn 0.216054 -0.698789 -0.681920
vn -0.005245 -0.698788 -0.715309
vn -0.226037 -0.698789 -0.678676
vn -0.424701 -0.698783 -0.575614
vn -0.581786 -0.698787 -0.416199
vn -0.571651 -0.800258 -0.181115
vn -0.599642 -0.800256 0.004400
vn -0.568935 -0.800255 0.189488
vn -0.482534 -0.800251 0.356032
vn -0.348907 -0.800251 0.487712
vn -0.181115 -0.800258 0.571651
vn 0.004406 -0.800252 0.599647
vn 0.189488 -0.800250 0.568942
vn 0.356020 -0.800256 0.482535
vn 0.487708 -0.800255 0.348903
vn 0.571662 -0.800250 0.181117
vn 0.599648 -0.800252 -0.004403
vn 0.568934 -0.800256 -0.189487
vn 0.482544 -0.800250 -0.356021
vn 0.348910 -0.800253 -0.487706
vn 0.181116 -0.800256 -0.571653
vn -0.004402 -0.800254 -0.599645
vn -0.189487 -0.800255 -0.568936
vn -0.356022 -0.800253 -0.482538
vn -0.487709 -0.800256 -0.348899
vn -0.448770 -0.882265 -0.142178
vn -0.470743 -0.882264 0.003452
vn -0.446635 -0.882265 0.148746
vn -0.378808 -0.882263 0.279493
vn -0.273907 -0.882263 0.382867
vn -0.142180 -0.882268 0.448762
vn 0.003458 -0.882265 0.470740
vn 0.148752 -0.882265 0.446633
vn 0.279489 -0.882269 0.378798
vn 0.382862 -0.882270 0.273893
vn 0.448767 -0.882266 0.142182
vn 0.470746 -0.882262 -0.003455
vn 0.446629 -0.882267 -0.148753
vn 0.378803 -0.882267 -0.279487
vn 0.273904 -0.882268 -0.382857
vn 0.142182 -0.882265 -0.448767
vn -0.003456 -0.882266 -0.470739
vn -0.148752 -0.882267 -0.446630
vn -0.279490 -0.882260 -0.378816
vn -0.382870 -0.882263 -0.273902
vn -0.317999 -0.942723 -0.100748
vn -0.333570 -0.942722 0.002448
vn -0.316489 -0.942722 0.105401
vn -0.268417 -0.942725 0.198044
vn -0.194083 -0.942725 0.271297
vn -0.100752 -0.942725 0.317991
vn 0.002445 -0.942724 0.333565
vn 0.105408 -0.942722 0.316487
vn 0.198047 -0.942724 0.268421
vn 0.271294 -0.942727 0.194075
vn 0.317996 -0.942724 0.100746
vn 0.333570 -0.942722 -0.002442
vn 0.316482 -0.942724 -0.105404
vn 0.268425 -0.942722 -0.198048
vn 0.194089 -0.942724 -0.271296
vn 0.100748 -0.942726 -0.317991
vn -0.002450 -0.942725 -0.333562
vn -0.105402 -0.942725 -0.316481
vn -0.198044 -0.942723 -0.268426
vn -0.271304 -0.942722 -0.194085
vn -0.190999 -0.979724 -0.060508
vn -0.200351 -0.979723 0.001469
vn -0.190093 -0.979723 0.063309
vn -0.161227 -0.979722 0.118954
vn -0.116583 -0.979723 0.162948
vn -0.060522 -0.979723 0.190998
vn 0.001479 -0.979724 0.200349
vn 0.063315 -0.979724 0.190086
vn 0.118951 -0.979723 0.161223
vn 0.162954 -0.979724 0.116561
vn 0.191001 -0.979723 0.060505
vn 0.200356 -0.979722 -0.001456
vn 0.190094 -0.979723 -0.063309
vn 0.161226 -0.979722 -0.118961
vn 0.116573 -0.979724 -0.162947
vn 0.060507 -0.979725 -0.190990
vn -0.001467 -0.979724 -0.200347
vn -0.063306 -0.979724 -0.190089
vn -0.118957 -0.979722 -0.161225
vn -0.162954 -0.979723 -0.116568
vn -0.000000 1.000000 -0.000000
vn -0.000000 -1.000000 0.000000
vn -0.191009 0.979721 -0.060515
vn -0.317998 0.942724 -0.100747
vn -0.333562 0.942725 0.002451
vn -0.200344 0.979725 0.001476
vn -0.316485 0.942723 0.105407
vn -0.190090 0.979723 0.063316
vn -0.268428 0.942722 0.198044
vn -0.161237 0.979721 0.118950
vn -0.194086 0.942723 0.271299
vn -0.116575 0.979723 0.162949
vn -0.100747 0.942725 0.317994
vn -0.060505 0.979725 0.190993
vn 0.002446 0.942726 0.333561
vn 0.001468 0.979723 0.200354
vn 0.105407 0.942725 0.316479
vn 0.063311 0.979724 0.190085
vn 0.198045 0.942724 0.268421
vn 0.118949 0.979726 0.161210
vn 0.271302 0.942723 0.194085
vn 0.162958 0.979722 0.116577
vn 0.318012 0.942719 0.100741
vn 0.191013 0.979720 0.060514
vn 0.333572 0.942721 -0.002458
vn 0.200353 0.979723 -0.001486
vn 0.316478 0.942725 -0.105407
vn 0.190087 0.979723 -0.063315
vn 0.268423 0.942723 -0.198045
vn 0.161229 0.979723 -0.118946
vn 0.194085 0.942723 -0.271301
vn 0.116576 0.979722 -0.162955
vn 0.100748 0.942723 -0.317999
vn 0.060508 0.979722 -0.191005
vn -0.002444 0.942725 -0.333563
vn -0.001463 0.979724 -0.200346
vn -0.105410 0.942723 -0.316485
vn -0.063307 0.979725 -0.190084
vn -0.198042 0.942725 -0.268419
vn -0.118951 0.979723 -0.161225
vn -0.271303 0.942723 -0.194085
vn -0.162956 0.979722 -0.116573
vn -0.448766 0.882266 -0.142180
vn -0.470736 0.882267 0.003458
vn -0.446631 0.882266 0.148753
vn -0.378803 0.882267 0.279488
vn -0.273905 0.882261 0.382872
vn -0.142191 0.882261 0.448773
vn 0.003455 0.882265 0.470740
vn 0.148758 0.882266 0.446630
vn 0.279488 0.882266 0.378805
vn 0.382860 0.882268 0.273901
vn 0.448776 0.882262 0.142178
vn 0.470749 0.882261 -0.003457
vn 0.446632 0.882266 -0.148750
vn 0.378807 0.882264 -0.279491
vn 0.273896 0.882266 -0.382869
vn 0.142183 0.882264 -0.448769
vn -0.003447 0.882261 -0.470748
vn -0.148755 0.882260 -0.446642
vn -0.279490 0.882263 -0.378810
vn -0.382871 0.882263 -0.273902
vn -0.571651 0.800257 -0.181120
vn -0.599646 0.800254 0.004402
vn -0.568929 0.800259 0.189487
vn -0.482526 0.800262 0.356019
vn -0.348905 0.800254 0.487708
vn -0.181121 0.800252 0.571657
vn 0.004396 0.800255 0.599644
vn 0.189491 0.800254 0.568935
vn 0.356023 0.800256 0.482534
vn 0.487704 0.800257 0.348905
vn 0.571661 0.800250 0.181119
vn 0.599648 0.800252 -0.004398
vn 0.568929 0.800261 -0.189480
vn 0.482528 0.800258 -0.356025
vn 0.348899 0.800251 -0.487716
vn 0.181125 0.800249 -0.571660
vn -0.004390 0.800252 -0.599648
vn -0.189484 0.800251 -0.568940
vn -0.356028 0.800250 -0.482539
vn -0.487709 0.800252 -0.348907
vn -0.681919 0.698789 -0.216056
vn -0.715315 0.698782 0.005250
vn -0.678684 0.698781 0.226039
vn -0.575609 0.698791 0.424695
vn -0.416201 0.698793 0.581778
vn -0.216053 0.698791 0.681918
vn 0.005246 0.698791 0.715307
vn 0.226040 0.698789 0.678675
vn 0.424696 0.698785 0.575615
vn 0.581778 0.698792 0.416202
vn 0.681926 0.698785 0.216049
vn 0.715313 0.698785 -0.005245
vn 0.678675 0.698792 -0.226031
vn 0.575606 0.698791 -0.424699
vn 0.416202 0.698782 -0.581790
vn 0.216060 0.698784 -0.681923
vn -0.005251 0.698791 -0.715307
vn -0.226041 0.698790 -0.678673
vn -0.424698 0.698786 -0.575613
vn -0.581784 0.698781 -0.416212
vn -0.776301 0.580401 -0.245950
vn -0.814312 0.580397 0.005979
vn -0.772613 0.580392 0.257321
vn -0.655281 0.580396 0.483474
vn -0.473807 0.580405 0.662296
vn -0.245954 0.580400 0.776301
vn 0.005979 0.580394 0.814314
vn 0.257321 0.580400 0.772607
vn 0.483473 0.580400 0.655278
vn 0.662305 0.580403 0.473798
vn 0.776298 0.580408 0.245945
vn 0.814308 0.580402 -0.005970
vn 0.772617 0.580389 -0.257318
vn 0.655285 0.580391 -0.483476
vn 0.473808 0.580401 -0.662299
vn 0.245955 0.580398 -0.776302
vn -0.005982 0.580398 -0.814311
vn -0.257324 0.580402 -0.772605
vn -0.483475 0.580401 -0.655276
vn -0.662303 0.580401 -0.473803
vn -0.852279 0.448004 -0.270024
vn -0.894009 0.448002 0.006560
vn -0.848220 0.448011 0.282503
vn -0.719412 0.448003 0.530792
vn -0.520182 0.447992 0.727128
vn -0.270023 0.447990 0.852287
vn 0.006562 0.447986 0.894016
vn 0.282502 0.447992 0.848231
vn 0.530799 0.447994 0.719413
vn 0.727135 0.447984 0.520178
vn 0.852284 0.447994 0.270026
vn 0.894008 0.448003 -0.006561
vn 0.848231 0.447990 -0.282505
vn 0.719420 0.447986 -0.530795
vn 0.520184 0.447989 -0.727128
vn 0.270027 0.447985 -0.852288
vn -0.006566 0.447985 -0.894017
vn -0.282506 0.447989 -0.848232
vn -0.530793 0.447997 -0.719414
vn -0.727123 0.448009 -0.520173
vn -0.907938 0.304800 -0.287656
vn -0.952394 0.304790 0.006990
vn -0.903619 0.304796 0.300952
vn -0.766393 0.304795 0.565457
vn -0.554150 0.304786 0.774612
vn -0.287660 0.304790 0.907940
vn 0.006991 0.304792 0.952393
vn 0.300958 0.304791 0.903619
vn 0.565456 0.304795 0.766394
vn 0.774610 0.304792 0.554149
vn 0.907942 0.304785 0.287659
vn 0.952394 0.304789 -0.006988
vn 0.903622 0.304785 -0.300955
vn 0.766397 0.304785 -0.565457
vn 0.554149 0.304792 -0.774610
vn 0.287660 0.304790 -0.907940
vn -0.006990 0.304789 -0.952394
vn -0.300956 0.304785 -0.903621
vn -0.565459 0.304785 -0.766396
vn -0.774609 0.304796 -0.554148
vn -0.941891 0.154245 -0.298414
vn -0.988006 0.154246 0.007251
vn -0.937410 0.154240 0.312207
vn -0.795054 0.154238 0.586600
vn -0.574869 0.154245 0.803576
vn -0.298411 0.154249 0.941891
vn 0.007251 0.154251 0.988005
vn 0.312212 0.154251 0.937406
vn 0.586598 0.154254 0.795052
vn 0.803570 0.154257 0.574874
vn 0.941889 0.154250 0.298415
vn 0.988005 0.154250 -0.007250
vn 0.937406 0.154251 -0.312211
vn 0.795051 0.154257 -0.586599
vn 0.574868 0.154263 -0.803573
vn 0.298411 0.154256 -0.941890
vn -0.007248 0.154252 -0.988005
vn -0.312209 0.154254 -0.937407
vn -0.586601 0.154246 -0.795052
vn -0.803575 0.154240 -0.574872
vn -0.953299 0.000000 -0.302028
vn -0.999973 0.000000 0.007339
vn -0.948765 -0.000000 0.315983
vn -0.804684 0.000000 0.593703
vn -0.581832 -0.000000 0.813309
vn -0.302027 0.000001 0.953299
vn 0.007339 0.000001 0.999973
vn 0.315991 -0.000000 0.948762
vn 0.593703 -0.000000 0.804684
vn 0.813308 0.000000 0.581833
vn 0.953299 0.000000 0.302027
vn 0.999973 0.000000 -0.007339
vn 0.948763 -0.000000 -0.315989
vn 0.804682 -0.000006 -0.593706
vn 0.581834 -0.000006 -0.813308
vn 0.302024 0.000001 -0.953300
vn -0.007339 0.000001 -0.999973
vn -0.315988 -0.000000 -0.948763
vn -0.593708 -0.000000 -0.804681
vn -0.813308 0.000000 -0.581833
vn -0.941890 -0.154244 -0.298416
vn -0.988006 -0.154246 0.007250
vn -0.937410 -0.154240 0.312206
vn -0.795056 -0.154239 0.586597
vn -0.574869 -0.154243 0.803576
vn -0.298411 -0.154247 0.941891
vn 0.007251 -0.154251 0.988005
vn 0.312211 -0.154247 0.937407
vn 0.586597 -0.154245 0.795055
vn 0.803571 -0.154252 0.574874
vn 0.941890 -0.154251 0.298414
vn 0.988005 -0.154250 -0.007250
vn 0.937407 -0.154251 -0.312210
vn 0.795052 -0.154263 -0.586597
vn 0.574867 -0.154269 -0.803573
vn 0.298411 -0.154256 -0.941890
vn -0.007248 -0.154252 -0.988005
vn -0.312208 -0.154256 -0.937407
vn -0.586599 -0.154248 -0.795053
vn -0.803574 -0.154240 -0.574874
vn -0.907938 -0.304800 -0.287654
vn -0.952394 -0.304790 0.006989
vn -0.903619 -0.304796 0.300952
vn -0.766394 -0.304795 0.565456
vn -0.554149 -0.304784 0.774613
vn -0.287660 -0.304788 0.907941
vn 0.006992 -0.304790 0.952394
vn 0.300957 -0.304786 0.903621
vn 0.565455 -0.304790 0.766396
vn 0.774611 -0.304792 0.554147
vn 0.907943 -0.304785 0.287656
vn 0.952394 -0.304789 -0.006987
vn 0.903622 -0.304785 -0.300955
vn 0.766398 -0.304779 -0.565458
vn 0.554150 -0.304787 -0.774611
vn 0.287660 -0.304790 -0.907940
vn -0.006990 -0.304788 -0.952395
vn -0.300953 -0.304785 -0.903622
vn -0.565455 -0.304786 -0.766398
vn -0.774609 -0.304796 -0.554148
vn -0.852281 -0.447999 -0.270026
vn -0.894009 -0.448002 0.006560
vn -0.848220 -0.448011 0.282505
vn -0.719411 -0.448003 0.530793
vn -0.520179 -0.447990 0.727130
vn -0.270023 -0.447990 0.852287
vn 0.006562 -0.447990 0.894015
vn 0.282500 -0.447991 0.848232
vn 0.530796 -0.447995 0.719414
vn 0.727134 -0.447988 0.520176
vn 0.852284 -0.447994 0.270026
vn 0.894008 -0.448003 -0.006561
vn 0.848230 -0.447989 -0.282508
vn 0.719421 -0.447982 -0.530797
vn 0.520183 -0.447984 -0.727132
vn 0.270026 -0.447987 -0.852287
vn -0.006567 -0.447990 -0.894015
vn -0.282503 -0.447989 -0.848232
vn -0.530791 -0.447997 -0.719416
vn -0.727126 -0.448004 -0.520173
vn -0.776303 -0.580395 -0.245957
vn -0.814312 -0.580397 0.005978
vn -0.772613 -0.580392 0.257320
vn -0.655280 -0.580398 0.483473
vn -0.473807 -0.580402 0.662300
vn -0.245957 -0.580397 0.776302
vn 0.005979 -0.580399 0.814310
vn 0.257319 -0.580403 0.772605
vn 0.483474 -0.580398 0.655279
vn 0.662308 -0.580396 0.473802
vn 0.776297 -0.580407 0.245950
vn 0.814305 -0.580406 -0.005973
vn 0.772614 -0.580393 -0.257317
vn 0.655280 -0.580400 -0.483470
vn 0.473804 -0.580404 -0.662299
vn 0.245955 -0.580400 -0.776301
vn -0.005983 -0.580404 -0.814307
vn -0.257323 -0.580406 -0.772602
vn -0.483473 -0.580406 -0.655273
vn -0.662305 -0.580397 -0.473805
vn -0.681922 -0.698786 -0.216055
vn -0.715320 -0.698777 0.005250
vn -0.678686 -0.698779 0.226038
vn -0.575607 -0.698792 0.424695
vn -0.416199 -0.698794 0.581778
vn -0.216054 -0.698790 0.681919
vn 0.005247 -0.698786 0.715312
vn 0.226038 -0.698787 0.678677
vn 0.424698 -0.698786 0.575613
vn 0.581782 -0.698788 0.416203
vn 0.681926 -0.698785 0.216049
vn 0.715311 -0.698786 -0.005246
vn 0.678672 -0.698795 -0.226028
vn 0.575599 -0.698797 -0.424697
vn 0.416200 -0.698786 -0.581787
vn 0.216060 -0.698785 -0.681922
vn -0.005252 -0.698789 -0.715308
vn -0.226040 -0.698790 -0.678674
vn -0.424696 -0.698789 -0.575610
vn -0.581783 -0.698785 -0.416207
vn -0.571658 -0.800251 -0.181120
vn -0.599654 -0.800247 0.004402
vn -0.568934 -0.800256 0.189485
vn -0.482528 -0.800261 0.356017
vn -0.348904 -0.800254 0.487708
vn -0.181119 -0.800253 0.571657
vn 0.004396 -0.800254 0.599645
vn 0.189492 -0.800252 0.568937
vn 0.356024 -0.800252 0.482538
vn 0.487702 -0.800259 0.348902
vn 0.571662 -0.800250 0.181115
vn 0.599656 -0.800246 -0.004396
vn 0.568936 -0.800256 -0.189479
vn 0.482529 -0.800255 -0.356030
vn 0.348897 -0.800251 -0.487718
vn 0.181123 -0.800251 -0.571658
vn -0.004391 -0.800253 -0.599646
vn -0.189485 -0.800254 -0.568936
vn -0.356025 -0.800255 -0.482534
vn -0.487709 -0.800254 -0.348904
vn -0.448768 -0.882265 -0.142183
vn -0.470735 -0.882268 0.003456
vn -0.446634 -0.882265 0.148753
vn -0.378808 -0.882266 0.279486
vn -0.273905 -0.882262 0.382870
vn -0.142191 -0.882260 0.448776
vn 0.003455 -0.882265 0.470740
vn 0.148760 -0.882267 0.446628
vn 0.279485 -0.882266 0.378806
vn 0.382859 -0.882270 0.273896
vn 0.448775 -0.882262 0.142178
vn 0.470749 -0.882260 -0.003454
vn 0.446637 -0.882264 -0.148749
vn 0.378811 -0.882262 -0.279492
vn 0.273895 -0.882266 -0.382868
vn 0.142182 -0.882267 -0.448764
vn -0.003448 -0.882264 -0.470743
vn -0.148757 -0.882262 -0.446638
vn -0.279487 -0.882265 -0.378809
vn -0.382870 -0.882265 -0.273898
vn -0.317996 -0.942724 -0.100744
vn -0.333560 -0.942726 0.002442
vn -0.316484 -0.942723 0.105406
vn -0.268430 -0.942721 0.198045
vn -0.194085 -0.942725 0.271295
vn -0.100747 -0.942725 0.317993
vn 0.002446 -0.942723 0.333569
vn 0.105406 -0.942722 0.316489
vn 0.198045 -0.942724 0.268423
vn 0.271302 -0.942723 0.194083
vn 0.318010 -0.942719 0.100748
vn 0.333567 -0.942723 -0.002448
vn 0.316477 -0.942726 -0.105404
vn 0.268426 -0.942723 -0.198045
vn 0.194086 -0.942724 -0.271296
vn 0.100748 -0.942725 -0.317992
vn -0.002444 -0.942726 -0.333559
vn -0.105411 -0.942722 -0.316488
vn -0.198046 -0.942722 -0.268428
vn -0.271304 -0.942723 -0.194082
vn -0.191010 -0.979722 -0.060503
vn -0.200342 -0.979725 0.001455
vn -0.190087 -0.979724 0.063310
vn -0.161234 -0.979721 0.118958
vn -0.116572 -0.979725 0.162942
vn -0.060506 -0.979725 0.190991
vn 0.001468 -0.979722 0.200355
vn 0.063311 -0.979722 0.190095
vn 0.118948 -0.979724 0.161220
vn 0.162958 -0.979723 0.116568
vn 0.191015 -0.979720 0.060509
vn 0.200355 -0.979722 -0.001468
vn 0.190090 -0.979723 -0.063311
vn 0.161232 -0.979722 -0.118953
vn 0.116578 -0.979723 -0.162948
vn 0.060508 -0.979724 -0.190998
vn -0.001463 -0.979724 -0.200346
vn -0.063309 -0.979724 -0.190089
vn -0.118953 -0.979723 -0.161224
vn -0.162957 -0.979724 -0.116559
vn 0.000000 1.000000 -0.000000
vn 0.000000 -1.000000 -0.000000
s 1
g polySurface24
usemtl set1
f 47/1/1 1/2/2 44/3/3 43/4/4
s 2
f 45/5/5 2/6/6 49/7/7 48/8/8
s 3
f 50/9/9 3/10/10 53/11/11 52/12/12
s 4
f 54/13/13 4/14/14 57/15/15 56/16/16
s 5
f 58/17/17 5/18/18 61/19/19 60/20/20
s 6
f 62/21/21 6/22/22 65/23/23 64/24/24
s 7
f 66/25/25 7/26/26 69/27/27 68/28/28
s 8
f 70/29/29 8/30/30 73/31/31 72/32/32
s 9
f 74/33/33 9/34/34 77/35/35 76/36/36
s 10
f 78/37/37 10/38/38 81/39/39 80/40/40
s 11
f 82/41/41 11/42/42 85/43/43 84/44/44
s 12
f 86/45/45 12/46/46 89/47/47 88/48/48
s 13
f 90/49/49 13/50/50 93/51/51 92/52/52
s 14
f 94/53/53 14/54/54 97/55/55 96/56/56
s 15
f 98/57/57 15/58/58 101/59/59 100/60/60
s 16
f 102/61/61 16/62/62 105/63/63 104/64/64
s 17
f 106/65/65 17/66/66 109/67/67 108/68/68
s 18
f 110/69/69 18/70/70 113/71/71 112/72/72
s 19
f 114/73/73 19/74/74 117/75/75 116/76/76
s 20
f 118/77/77 20/78/78 121/79/79 120/80/80
s 21
f 125/81/81 2/82/82 44/83/83 123/84/84
s 22
f 127/85/85 3/86/86 49/87/87 126/88/88
s 23
f 129/89/89 4/90/90 53/91/91 128/92/92
s 24
f 131/93/93 5/94/94 57/95/95 130/96/96
s 25
f 133/97/97 6/98/98 61/99/99 132/100/100
s 26
f 135/101/101 7/102/102 65/103/103 134/104/104
s 27
f 137/105/105 8/106/106 69/107/107 136/108/108
s 28
f 139/109/109 9/110/110 73/111/111 138/112/112
s 29
f 141/113/113 10/114/114 77/115/115 140/116/116
s 30
f 143/117/117 11/118/118 81/119/119 142/120/120
s 31
f 145/121/121 12/122/122 85/123/123 144/124/124
s 32
f 147/125/125 13/126/126 89/127/127 146/128/128
s 33
f 149/129/129 14/130/130 93/131/131 148/132/132
s 34
f 151/133/133 15/134/134 97/135/135 150/136/136
s 35
f 153/137/137 16/138/138 101/139/139 152/140/140
s 36
f 155/141/141 17/142/142 105/143/143 154/144/144
s 37
f 157/145/145 18/146/146 109/147/147 156/148/148
s 38
f 159/149/149 19/150/150 113/151/151 158/152/152
s 39
f 161/153/153 20/154/154 117/155/155 160/156/156
s 40
f 124/157/157 1/158/158 121/159/159 162/160/160
s 41
f 165/161/161 21/162/162 46/163/163 163/164/164
s 42
f 164/165/165 22/166/166 51/167/167 166/168/168
s 43
f 167/169/169 23/170/170 55/171/171 168/172/172
s 44
f 169/173/173 24/174/174 59/175/175 170/176/176
s 45
f 171/177/177 25/178/178 63/179/179 172/180/180
s 46
f 173/181/181 26/182/182 67/183/183 174/184/184
s 47
f 175/185/185 27/186/186 71/187/187 176/188/188
s 48
f 177/189/189 28/190/190 75/191/191 178/192/192
s 49
f 179/193/193 29/194/194 79/195/195 180/196/196
s 50
f 181/197/197 30/198/198 83/199/199 182/200/200
s 51
f 183/201/201 31/202/202 87/203/203 184/204/204
s 52
f 185/205/205 32/206/206 91/207/207 186/208/208
s 53
f 187/209/209 33/210/210 95/211/211 188/212/212
s 54
f 189/213/213 34/214/214 99/215/215 190/216/216
s 55
f 191/217/217 35/218/218 103/219/219 192/220/220
s 56
f 193/221/221 36/222/222 107/223/223 194/224/224
s 57
f 195/225/225 37/226/226 111/227/227 196/228/228
s 58
f 197/229/229 38/230/230 115/231/231 198/232/232
s 59
f 199/233/233 39/234/234 119/235/235 200/236/236
s 60
f 201/237/237 40/238/238 122/239/239 202/240/240
s 2
f 44/3/241 2/6/6 45/5/5 43/4/242
s 61
f 45/5/243 22/241/244 46/242/245 43/4/246
s 62
f 46/242/247 21/243/248 47/1/249 43/4/250
s 3
f 49/7/251 3/10/10 50/9/9 48/8/252
s 63
f 50/9/253 23/244/254 51/245/255 48/8/256
s 61
f 51/245/257 22/241/244 45/5/243 48/8/258
s 4
f 53/11/259 4/14/14 54/13/13 52/12/260
s 64
f 54/13/261 24/246/262 55/247/263 52/12/264
s 63
f 55/247/265 23/244/254 50/9/253 52/12/266
s 5
f 57/15/267 5/18/18 58/17/17 56/16/268
s 65
f 58/17/269 25/248/270 59/249/271 56/16/272
s 64
f 59/249/273 24/246/262 54/13/261 56/16/274
s 6
f 61/19/275 6/22/22 62/21/21 60/20/276
s 66
f 62/21/277 26/250/278 63/251/279 60/20/280
s 65
f 63/251/281 25/248/270 58/17/269 60/20/282
s 7
f 65/23/283 7/26/26 66/25/25 64/24/284
s 67
f 66/25/285 27/252/286 67/253/287 64/24/288
s 66
f 67/253/289 26/250/278 62/21/277 64/24/290
s 8
f 69/27/291 8/30/30 70/29/29 68/28/292
s 68
f 70/29/293 28/254/294 71/255/295 68/28/296
s 67
f 71/255/297 27/252/286 66/25/285 68/28/298
s 9
f 73/31/299 9/34/34 74/33/33 72/32/300
s 69
f 74/33/301 29/256/302 75/257/303 72/32/304
s 68
f 75/257/305 28/254/294 70/29/293 72/32/306
s 10
f 77/35/307 10/38/38 78/37/37 76/36/308
s 70
f 78/37/309 30/258/310 79/259/311 76/36/312
s 69
f 79/259/313 29/256/302 74/33/301 76/36/314
s 11
f 81/39/315 11/42/42 82/41/41 80/40/316
s 71
f 82/41/317 31/260/318 83/261/319 80/40/320
s 70
f 83/261/321 30/258/310 78/37/309 80/40/322
s 12
f 85/43/323 12/46/46 86/45/45 84/44/324
s 72
f 86/45/325 32/262/326 87/263/327 84/44/328
s 71
f 87/263/329 31/260/318 82/41/317 84/44/330
s 13
f 89/47/331 13/50/50 90/49/49 88/48/332
s 73
f 90/49/333 33/264/334 91/265/335 88/48/336
s 72
f 91/265/337 32/262/326 86/45/325 88/48/338
s 14
f 93/51/339 14/54/54 94/53/53 92/52/340
s 74
f 94/53/341 34/266/342 95/267/343 92/52/344
s 73
f 95/267/345 33/264/334 90/49/333 92/52/346
s 15
f 97/55/347 15/58/58 98/57/57 96/56/348
s 75
f 98/57/349 35/268/350 99/269/351 96/56/352
s 74
f 99/269/353 34/266/342 94/53/341 96/56/354
s 16
f 101/59/355 16/62/62 102/61/61 100/60/356
s 76
f 102/61/357 36/270/358 103/271/359 100/60/360
s 75
f 103/271/361 35/268/350 98/57/349 100/60/362
s 17
f 105/63/363 17/66/66 106/65/65 104/64/364
s 77
f 106/65/365 37/272/366 107/273/367 104/64/368
s 76
f 107/273/369 36/270/358 102/61/357 104/64/370
s 18
f 109/67/371 18/70/70 110/69/69 108/68/372
s 78
f 110/69/373 38/274/374 111/275/375 108/68/376
s 77
f 111/275/377 37/272/366 106/65/365 108/68/378
s 19
f 113/71/379 19/74/74 114/73/73 112/72/380
s 79
f 114/73/381 39/276/382 115/277/383 112/72/384
s 78
f 115/277/385 38/274/374 110/69/373 112/72/386
s 20
f 117/75/387 20/78/78 118/77/77 116/76/388
s 80
f 118/77/389 40/278/390 119/279/391 116/76/392
s 79
f 119/279/393 39/276/382 114/73/381 116/76/394
s 1
f 121/79/395 1/280/2 47/281/1 120/80/396
s 62
f 47/281/249 21/282/248 122/283/397 120/80/398
s 80
f 122/283/399 40/278/390 118/77/389 120/80/400
s 40
f 44/83/401 1/158/158 124/157/157 123/84/402
s 81
f 124/157/403 41/284/404 125/81/405 123/84/406
s 21
f 49/87/407 2/82/82 125/81/81 126/88/408
s 81
f 125/81/405 41/284/404 127/85/409 126/88/410
s 22
f 53/91/411 3/86/86 127/85/85 128/92/412
s 81
f 127/85/409 41/284/404 129/89/413 128/92/414
s 23
f 57/95/415 4/90/90 129/89/89 130/96/416
s 81
f 129/89/413 41/284/404 131/93/417 130/96/418
s 24
f 61/99/419 5/94/94 131/93/93 132/100/420
s 81
f 131/93/417 41/284/404 133/97/421 132/100/422
s 25
f 65/103/423 6/98/98 133/97/97 134/104/424
s 81
f 133/97/421 41/284/404 135/101/425 134/104/426
s 26
f 69/107/427 7/102/102 135/101/101 136/108/428
s 81
f 135/101/425 41/284/404 137/105/429 136/108/430
s 27
f 73/111/431 8/106/106 137/105/105 138/112/432
s 81
f 137/105/429 41/284/404 139/109/433 138/112/434
s 28
f 77/115/435 9/110/110 139/109/109 140/116/436
s 81
f 139/109/433 41/284/404 141/113/437 140/116/438
s 29
f 81/119/439 10/114/114 141/113/113 142/120/440
s 81
f 141/113/437 41/284/404 143/117/441 142/120/442
s 30
f 85/123/443 11/118/118 143/117/117 144/124/444
s 81
f 143/117/441 41/284/404 145/121/445 144/124/446
s 31
f 89/127/447 12/122/122 145/121/121 146/128/448
s 81
f 145/121/445 41/284/404 147/125/449 146/128/450
s 32
f 93/131/451 13/126/126 147/125/125 148/132/452
s 81
f 147/125/449 41/284/404 149/129/453 148/132/454
s 33
f 97/135/455 14/130/130 149/129/129 150/136/456
s 81
f 149/129/453 41/284/404 151/133/457 150/136/458
s 34
f 101/139/459 15/134/134 151/133/133 152/140/460
s 81
f 151/133/457 41/284/404 153/137/461 152/140/462
s 35
f 105/143/463 16/138/138 153/137/137 154/144/464
s 81
f 153/137/461 41/284/404 155/141/465 154/144/466
s 36
f 109/147/467 17/142/142 155/141/141 156/148/468
s 81
f 155/141/465 41/284/404 157/145/469 156/148/470
s 37
f 113/151/471 18/146/146 157/145/145 158/152/472
s 81
f 157/145/469 41/284/404 159/149/473 158/152/474
s 38
f 117/155/475 19/150/150 159/149/149 160/156/476
s 81
f 159/149/473 41/284/404 161/153/477 160/156/478
s 39
f 121/159/479 20/154/154 161/153/153 162/160/480
s 81
f 161/153/477 41/284/404 124/157/403 162/160/481
s 42
f 46/163/482 22/166/166 164/165/165 163/164/483
s 82
f 164/165/484 42/285/485 165/161/486 163/164/487
s 43
f 51/167/488 23/170/170 167/169/169 166/168/489
s 82
f 167/169/490 42/285/485 164/165/484 166/168/491
s 44
f 55/171/492 24/174/174 169/173/173 168/172/493
s 82
f 169/173/494 42/285/485 167/169/490 168/172/495
s 45
f 59/175/496 25/178/178 171/177/177 170/176/497
s 82
f 171/177/498 42/285/485 169/173/494 170/176/499
s 46
f 63/179/500 26/182/182 173/181/181 172/180/501
s 82
f 173/181/502 42/285/485 171/177/498 172/180/503
s 47
f 67/183/504 27/186/186 175/185/185 174/184/505
s 82
f 175/185/506 42/285/485 173/181/502 174/184/507
s 48
f 71/187/508 28/190/190 177/189/189 176/188/509
s 82
f 177/189/510 42/285/485 175/185/506 176/188/511
s 49
f 75/191/512 29/194/194 179/193/193 178/192/513
s 82
f 179/193/514 42/285/485 177/189/510 178/192/515
s 50
f 79/195/516 30/198/198 181/197/197 180/196/517
s 82
f 181/197/518 42/285/485 179/193/514 180/196/519
s 51
f 83/199/520 31/202/202 183/201/201 182/200/521
s 82
f 183/201/522 42/285/485 181/197/518 182/200/523
s 52
f 87/203/524 32/206/206 185/205/205 184/204/525
s 82
f 185/205/526 42/285/485 183/201/522 184/204/527
s 53
f 91/207/528 33/210/210 187/209/209 186/208/529
s 82
f 187/209/530 42/285/485 185/205/526 186/208/531
s 54
f 95/211/532 34/214/214 189/213/213 188/212/533
s 82
f 189/213/534 42/285/485 187/209/530 188/212/535
s 55
f 99/215/536 35/218/218 191/217/217 190/216/537
s 82
f 191/217/538 42/285/485 189/213/534 190/216/539
s 56
f 103/219/540 36/222/222 193/221/221 192/220/541
s 82
f 193/221/542 42/285/485 191/217/538 192/220/543
s 57
f 107/223/544 37/226/226 195/225/225 194/224/545
s 82
f 195/225/546 42/285/485 193/221/542 194/224/547
s 58
f 111/227/548 38/230/230 197/229/229 196/228/549
s 82
f 197/229/550 42/285/485 195/225/546 196/228/551
s 59
f 115/231/552 39/234/234 199/233/233 198/232/553
s 82
f 199/233/554 42/285/485 197/229/550 198/232/555
s 60
f 119/235/556 40/238/238 201/237/237 200/236/557
s 82
f 201/237/558 42/285/485 199/233/554 200/236/559
s 41
f 122/239/560 21/162/162 165/161/161 202/240/561
s 82
f 165/161/486 42/285/485 201/237/558 202/240/562
s 83
f 203/286/563 204/287/564 212/288/565 211/289/566
f 204/287/564 205/290/567 213/291/568 212/288/565
f 205/290/567 206/292/569 214/293/570 213/291/568
f 206/292/569 207/294/571 215/295/572 214/293/570
f 207/294/571 208/296/573 216/297/574 215/295/572
f 208/296/573 209/298/575 217/299/576 216/297/574
f 209/298/575 210/300/577 218/301/578 217/299/576
f 210/300/577 203/302/563 211/303/566 218/301/578
f 211/289/566 212/288/565 220/304/579 219/305/580
f 212/288/565 213/291/568 221/306/581 220/304/579
f 213/291/568 214/293/570 222/307/582 221/306/581
f 214/293/570 215/295/572 223/308/583 222/307/582
f 215/295/572 216/297/574 224/309/584 223/308/583
f 216/297/574 217/299/576 225/310/585 224/309/584
f 217/299/576 218/301/578 226/311/586 225/310/585
f 218/301/578 211/303/566 219/312/580 226/311/586
f 219/305/580 220/304/579 228/313/587 227/314/588
f 220/304/579 221/306/581 229/315/589 228/313/587
f 221/306/581 222/307/582 230/316/590 229/315/589
f 222/307/582 223/308/583 231/317/591 230/316/590
f 223/308/583 224/309/584 232/318/592 231/317/591
f 224/309/584 225/310/585 233/319/593 232/318/592
f 225/310/585 226/311/586 234/320/594 233/319/593
f 226/311/586 219/312/580 227/321/588 234/320/594
f 227/314/588 228/313/587 236/322/595 235/323/596
f 228/313/587 229/315/589 237/324/597 236/322/595
f 229/315/589 230/316/590 238/325/598 237/324/597
f 230/316/590 231/317/591 239/326/599 238/325/598
f 231/317/591 232/318/592 240/327/600 239/326/599
f 232/318/592 233/319/593 241/328/601 240/327/600
f 233/319/593 234/320/594 242/329/602 241/328/601
f 234/320/594 227/321/588 235/330/596 242/329/602
f 235/323/596 236/322/595 244/331/603 243/332/604
f 236/322/595 237/324/597 245/333/605 244/331/603
f 237/324/597 238/325/598 246/334/606 245/333/605
f 238/325/598 239/326/599 247/335/607 246/334/606
f 239/326/599 240/327/600 248/336/608 247/335/607
f 240/327/600 241/328/601 249/337/609 248/336/608
f 241/328/601 242/329/602 250/338/610 249/337/609
f 242/329/602 235/330/596 243/339/604 250/338/610
f 243/332/604 244/331/603 252/340/611 251/341/612
f 244/331/603 245/333/605 253/342/613 252/340/611
f 245/333/605 246/334/606 254/343/614 253/342/613
f 246/334/606 247/335/607 255/344/615 254/343/614
f 247/335/607 248/336/608 256/345/616 255/344/615
f 248/336/608 249/337/609 257/346/617 256/345/616
f 249/337/609 250/338/610 258/347/618 257/346/617
f 250/338/610 243/339/604 251/348/612 258/347/618
s off
f 204/287/619 203/302/620 210/300/621 209/298/622 208/296/623 207/294/624 206/292/625 205/290/626
f 251/341/627 252/340/628 253/342/629 254/343/630 255/344/631 256/345/632 257/346/633 258/347/634
s 84
f 259/349/635 260/350/636 268/351/637 267/352/638
f 260/350/636 261/353/639 269/354/640 268/351/637
f 261/353/639 262/355/641 270/356/642 269/354/640
f 262/355/641 263/357/643 271/358/644 270/356/642
f 263/357/643 264/359/645 272/360/646 271/358/644
f 264/359/645 265/361/647 273/362/648 272/360/646
f 265/361/647 266/363/649 274/364/650 273/362/648
f 266/363/649 259/365/635 267/366/638 274/364/650
f 267/352/638 268/351/637 276/367/651 275/368/652
f 268/351/637 269/354/640 277/369/653 276/367/651
f 269/354/640 270/356/642 278/370/654 277/369/653
f 270/356/642 271/358/644 279/371/655 278/370/654
f 271/358/644 272/360/646 280/372/656 279/371/655
f 272/360/646 273/362/648 281/373/657 280/372/656
f 273/362/648 274/364/650 282/374/658 281/373/657
f 274/364/650 267/366/638 275/375/652 282/374/658
f 275/368/652 276/367/651 284/376/659 283/377/660
f 276/367/651 277/369/653 285/378/661 284/376/659
f 277/369/653 278/370/654 286/379/662 285/378/661
f 278/370/654 279/371/655 287/380/663 286/379/662
f 279/371/655 280/372/656 288/381/664 287/380/663
f 280/372/656 281/373/657 289/382/665 288/381/664
f 281/373/657 282/374/658 290/383/666 289/382/665
f 282/374/658 275/375/652 283/384/660 290/383/666
f 283/377/660 284/376/659 292/385/667 291/386/668
f 284/376/659 285/378/661 293/387/669 292/385/667
f 285/378/661 286/379/662 294/388/670 293/387/669
f 286/379/662 287/380/663 295/389/671 294/388/670
f 287/380/663 288/381/664 296/390/672 295/389/671
f 288/381/664 289/382/665 297/391/673 296/390/672
f 289/382/665 290/383/666 298/392/674 297/391/673
f 290/383/666 283/384/660 291/393/668 298/392/674
f 291/386/668 292/385/667 300/394/675 299/395/676
f 292/385/667 293/387/669 301/396/677 300/394/675
f 293/387/669 294/388/670 302/397/678 301/396/677
f 294/388/670 295/389/671 303/398/679 302/397/678
f 295/389/671 296/390/672 304/399/680 303/398/679
f 296/390/672 297/391/673 305/400/681 304/399/680
f 297/391/673 298/392/674 306/401/682 305/400/681
f 298/392/674 291/393/668 299/402/676 306/401/682
f 299/395/676 300/394/675 308/403/683 307/404/684
f 300/394/675 301/396/677 309/405/685 308/403/683
f 301/396/677 302/397/678 310/406/686 309/405/685
f 302/397/678 303/398/679 311/407/687 310/406/686
f 303/398/679 304/399/680 312/408/688 311/407/687
f 304/399/680 305/400/681 313/409/689 312/408/688
f 305/400/681 306/401/682 314/410/690 313/409/689
f 306/401/682 299/402/676 307/411/684 314/410/690
s off
f 260/350/691 259/365/692 266/363/693 265/361/694 264/359/695 263/357/696 262/355/697 261/353/698
f 307/404/699 308/403/700 309/405/701 310/406/702 311/407/703 312/408/704 313/409/705 314/410/706
s 85
f 361/412/707 315/413/708 358/414/709 357/415/710
s 86
f 359/416/711 316/417/712 363/418/713 362/419/714
s 87
f 364/420/715 317/421/716 367/422/717 366/423/718
s 88
f 368/424/719 318/425/720 371/426/721 370/427/722
s 89
f 372/428/723 319/429/724 375/430/725 374/431/726
s 90
f 376/432/727 320/433/728 379/434/729 378/435/730
s 91
f 380/436/731 321/437/732 383/438/733 382/439/734
s 92
f 384/440/735 322/441/736 387/442/737 386/443/738
s 93
f 388/444/739 323/445/740 391/446/741 390/447/742
s 94
f 392/448/743 324/449/744 395/450/745 394/451/746
s 95
f 396/452/747 325/453/748 399/454/749 398/455/750
s 96
f 400/456/751 326/457/752 403/458/753 402/459/754
s 97
f 404/460/755 327/461/756 407/462/757 406/463/758
s 98
f 408/464/759 328/465/760 411/466/761 410/467/762
s 99
f 412/468/763 329/469/764 415/470/765 414/471/766
s 100
f 416/472/767 330/473/768 419/474/769 418/475/770
s 101
f 420/476/771 331/477/772 423/478/773 422/479/774
s 102
f 424/480/775 332/481/776 427/482/777 426/483/778
s 103
f 428/484/779 333/485/780 431/486/781 430/487/782
s 104
f 432/488/783 334/489/784 435/490/785 434/491/786
s 105
f 439/492/787 316/493/788 358/494/789 437/495/790
s 106
f 441/496/791 317/497/792 363/498/793 440/499/794
s 107
f 443/500/795 318/501/796 367/502/797 442/503/798
s 108
f 445/504/799 319/505/800 371/506/801 444/507/802
s 109
f 447/508/803 320/509/804 375/510/805 446/511/806
s 110
f 449/512/807 321/513/808 379/514/809 448/515/810
s 111
f 451/516/811 322/517/812 383/518/813 450/519/814
s 112
f 453/520/815 323/521/816 387/522/817 452/523/818
s 113
f 455/524/819 324/525/820 391/526/821 454/527/822
s 114
f 457/528/823 325/529/824 395/530/825 456/531/826
s 115
f 459/532/827 326/533/828 399/534/829 458/535/830
s 116
f 461/536/831 327/537/832 403/538/833 460/539/834
s 117
f 463/540/835 328/541/836 407/542/837 462/543/838
s 118
f 465/544/839 329/545/840 411/546/841 464/547/842
s 119
f 467/548/843 330/549/844 415/550/845 466/551/846
s 120
f 469/552/847 331/553/848 419/554/849 468/555/850
s 121
f 471/556/851 332/557/852 423/558/853 470/559/854
s 122
f 473/560/855 333/561/856 427/562/857 472/563/858
s 123
f 475/564/859 334/565/860 431/566/861 474/567/862
s 124
f 438/568/863 315/569/864 435/570/865 476/571/866
s 125
f 479/572/867 335/573/868 360/574/869 477/575/870
s 126
f 478/576/871 336/577/872 365/578/873 480/579/874
s 127
f 481/580/875 337/581/876 369/582/877 482/583/878
s 128
f 483/584/879 338/585/880 373/586/881 484/587/882
s 129
f 485/588/883 339/589/884 377/590/885 486/591/886
s 130
f 487/592/887 340/593/888 381/594/889 488/595/890
s 131
f 489/596/891 341/597/892 385/598/893 490/599/894
s 132
f 491/600/895 342/601/896 389/602/897 492/603/898
s 133
f 493/604/899 343/605/900 393/606/901 494/607/902
s 134
f 495/608/903 344/609/904 397/610/905 496/611/906
s 135
f 497/612/907 345/613/908 401/614/909 498/615/910
s 136
f 499/616/911 346/617/912 405/618/913 500/619/914
s 137
f 501/620/915 347/621/916 409/622/917 502/623/918
s 138
f 503/624/919 348/625/920 413/626/921 504/627/922
s 139
f 505/628/923 349/629/924 417/630/925 506/631/926
s 140
f 507/632/927 350/633/928 421/634/929 508/635/930
s 141
f 509/636/931 351/637/932 425/638/933 510/639/934
s 142
f 511/640/935 352/641/936 429/642/937 512/643/938
s 143
f 513/644/939 353/645/940 433/646/941 514/647/942
s 144
f 515/648/943 354/649/944 436/650/945 516/651/946
s 86
f 358/414/947 316/417/712 359/416/711 357/415/948
s 145
f 359/416/949 336/652/950 360/653/951 357/415/952
s 146
f 360/653/953 335/654/954 361/412/955 357/415/956
s 87
f 363/418/957 317/421/716 364/420/715 362/419/958
s 147
f 364/420/959 337/655/960 365/656/961 362/419/962
s 145
f 365/656/963 336/652/950 359/416/949 362/419/964
s 88
f 367/422/965 318/425/720 368/424/719 366/423/966
s 148
f 368/424/967 338/657/968 369/658/969 366/423/970
s 147
f 369/658/971 337/655/960 364/420/959 366/423/972
s 89
f 371/426/973 319/429/724 372/428/723 370/427/974
s 149
f 372/428/975 339/659/976 373/660/977 370/427/978
s 148
f 373/660/979 338/657/968 368/424/967 370/427/980
s 90
f 375/430/981 320/433/728 376/432/727 374/431/982
s 150
f 376/432/983 340/661/984 377/662/985 374/431/986
s 149
f 377/662/987 339/659/976 372/428/975 374/431/988
s 91
f 379/434/989 321/437/732 380/436/731 378/435/990
s 151
f 380/436/991 341/663/992 381/664/993 378/435/994
s 150
f 381/664/995 340/661/984 376/432/983 378/435/996
s 92
f 383/438/997 322/441/736 384/440/735 382/439/998
s 152
f 384/440/999 342/665/1000 385/666/1001 382/439/1002
s 151
f 385/666/1003 341/663/992 380/436/991 382/439/1004
s 93
f 387/442/1005 323/445/740 388/444/739 386/443/1006
s 153
f 388/444/1007 343/667/1008 389/668/1009 386/443/1010
s 152
f 389/668/1011 342/665/1000 384/440/999 386/443/1012
s 94
f 391/446/1013 324/449/744 392/448/743 390/447/1014
s 154
f 392/448/1015 344/669/1016 393/670/1017 390/447/1018
s 153
f 393/670/1019 343/667/1008 388/444/1007 390/447/1020
s 95
f 395/450/1021 325/453/748 396/452/747 394/451/1022
s 155
f 396/452/1023 345/671/1024 397/672/1025 394/451/1026
s 154
f 397/672/1027 344/669/1016 392/448/1015 394/451/1028
s 96
f 399/454/1029 326/457/752 400/456/751 398/455/1030
s 156
f 400/456/1031 346/673/1032 401/674/1033 398/455/1034
s 155
f 401/674/1035 345/671/1024 396/452/1023 398/455/1036
s 97
f 403/458/1037 327/461/756 404/460/755 402/459/1038
s 157
f 404/460/1039 347/675/1040 405/676/1041 402/459/1042
s 156
f 405/676/1043 346/673/1032 400/456/1031 402/459/1044
s 98
f 407/462/1045 328/465/760 408/464/759 406/463/1046
s 158
f 408/464/1047 348/677/1048 409/678/1049 406/463/1050
s 157
f 409/678/1051 347/675/1040 404/460/1039 406/463/1052
s 99
f 411/466/1053 329/469/764 412/468/763 410/467/1054
s 159
f 412/468/1055 349/679/1056 413/680/1057 410/467/1058
s 158
f 413/680/1059 348/677/1048 408/464/1047 410/467/1060
s 100
f 415/470/1061 330/473/768 416/472/767 414/471/1062
s 160
f 416/472/1063 350/681/1064 417/682/1065 414/471/1066
s 159
f 417/682/1067 349/679/1056 412/468/1055 414/471/1068
s 101
f 419/474/1069 331/477/772 420/476/771 418/475/1070
s 161
f 420/476/1071 351/683/1072 421/684/1073 418/475/1074
s 160
f 421/684/1075 350/681/1064 416/472/1063 418/475/1076
s 102
f 423/478/1077 332/481/776 424/480/775 422/479/1078
s 162
f 424/480/1079 352/685/1080 425/686/1081 422/479/1082
s 161
f 425/686/1083 351/683/1072 420/476/1071 422/479/1084
s 103
f 427/482/1085 333/485/780 428/484/779 426/483/1086
s 163
f 428/484/1087 353/687/1088 429/688/1089 426/483/1090
s 162
f 429/688/1091 352/685/1080 424/480/1079 426/483/1092
s 104
f 431/486/1093 334/489/784 432/488/783 430/487/1094
s 164
f 432/488/1095 354/689/1096 433/690/1097 430/487/1098
s 163
f 433/690/1099 353/687/1088 428/484/1087 430/487/1100
s 85
f 435/490/1101 315/691/708 361/692/707 434/491/1102
s 146
f 361/692/955 335/693/954 436/694/1103 434/491/1104
s 164
f 436/694/1105 354/689/1096 432/488/1095 434/491/1106
s 124
f 358/494/1107 315/569/864 438/568/863 437/495/1108
s 165
f 438/568/1109 355/695/1110 439/492/1111 437/495/1112
s 105
f 363/498/1113 316/493/788 439/492/787 440/499/1114
s 165
f 439/492/1111 355/695/1110 441/496/1115 440/499/1116
s 106
f 367/502/1117 317/497/792 441/496/791 442/503/1118
s 165
f 441/496/1115 355/695/1110 443/500/1119 442/503/1120
s 107
f 371/506/1121 318/501/796 443/500/795 444/507/1122
s 165
f 443/500/1119 355/695/1110 445/504/1123 444/507/1124
s 108
f 375/510/1125 319/505/800 445/504/799 446/511/1126
s 165
f 445/504/1123 355/695/1110 447/508/1127 446/511/1128
s 109
f 379/514/1129 320/509/804 447/508/803 448/515/1130
s 165
f 447/508/1127 355/695/1110 449/512/1131 448/515/1132
s 110
f 383/518/1133 321/513/808 449/512/807 450/519/1134
s 165
f 449/512/1131 355/695/1110 451/516/1135 450/519/1136
s 111
f 387/522/1137 322/517/812 451/516/811 452/523/1138
s 165
f 451/516/1135 355/695/1110 453/520/1139 452/523/1140
s 112
f 391/526/1141 323/521/816 453/520/815 454/527/1142
s 165
f 453/520/1139 355/695/1110 455/524/1143 454/527/1144
s 113
f 395/530/1145 324/525/820 455/524/819 456/531/1146
s 165
f 455/524/1143 355/695/1110 457/528/1147 456/531/1148
s 114
f 399/534/1149 325/529/824 457/528/823 458/535/1150
s 165
f 457/528/1147 355/695/1110 459/532/1151 458/535/1152
s 115
f 403/538/1153 326/533/828 459/532/827 460/539/1154
s 165
f 459/532/1151 355/695/1110 461/536/1155 460/539/1156
s 116
f 407/542/1157 327/537/832 461/536/831 462/543/1158
s 165
f 461/536/1155 355/695/1110 463/540/1159 462/543/1160
s 117
f 411/546/1161 328/541/836 463/540/835 464/547/1162
s 165
f 463/540/1159 355/695/1110 465/544/1163 464/547/1164
s 118
f 415/550/1165 329/545/840 465/544/839 466/551/1166
s 165
f 465/544/1163 355/695/1110 467/548/1167 466/551/1168
s 119
f 419/554/1169 330/549/844 467/548/843 468/555/1170
s 165
f 467/548/1167 355/695/1110 469/552/1171 468/555/1172
s 120
f 423/558/1173 331/553/848 469/552/847 470/559/1174
s 165
f 469/552/1171 355/695/1110 471/556/1175 470/559/1176
s 121
f 427/562/1177 332/557/852 471/556/851 472/563/1178
s 165
f 471/556/1175 355/695/1110 473/560/1179 472/563/1180
s 122
f 431/566/1181 333/561/856 473/560/855 474/567/1182
s 165
f 473/560/1179 355/695/1110 475/564/1183 474/567/1184
s 123
f 435/570/1185 334/565/860 475/564/859 476/571/1186
s 165
f 475/564/1183 355/695/1110 438/568/1109 476/571/1187
s 126
f 360/574/1188 336/577/872 478/576/871 477/575/1189
s 166
f 478/576/1190 356/696/1191 479/572/1192 477/575/1193
s 127
f 365/578/1194 337/581/876 481/580/875 480/579/1195
s 166
f 481/580/1196 356/696/1191 478/576/1190 480/579/1197
s 128
f 369/582/1198 338/585/880 483/584/879 482/583/1199
s 166
f 483/584/1200 356/696/1191 481/580/1196 482/583/1201
s 129
f 373/586/1202 339/589/884 485/588/883 484/587/1203
s 166
f 485/588/1204 356/696/1191 483/584/1200 484/587/1205
s 130
f 377/590/1206 340/593/888 487/592/887 486/591/1207
s 166
f 487/592/1208 356/696/1191 485/588/1204 486/591/1209
s 131
f 381/594/1210 341/597/892 489/596/891 488/595/1211
s 166
f 489/596/1212 356/696/1191 487/592/1208 488/595/1213
s 132
f 385/598/1214 342/601/896 491/600/895 490/599/1215
s 166
f 491/600/1216 356/696/1191 489/596/1212 490/599/1217
s 133
f 389/602/1218 343/605/900 493/604/899 492/603/1219
s 166
f 493/604/1220 356/696/1191 491/600/1216 492/603/1221
s 134
f 393/606/1222 344/609/904 495/608/903 494/607/1223
s 166
f 495/608/1224 356/696/1191 493/604/1220 494/607/1225
s 135
f 397/610/1226 345/613/908 497/612/907 496/611/1227
s 166
f 497/612/1228 356/696/1191 495/608/1224 496/611/1229
s 136
f 401/614/1230 346/617/912 499/616/911 498/615/1231
s 166
f 499/616/1232 356/696/1191 497/612/1228 498/615/1233
s 137
f 405/618/1234 347/621/916 501/620/915 500/619/1235
s 166
f 501/620/1236 356/696/1191 499/616/1232 500/619/1237
s 138
f 409/622/1238 348/625/920 503/624/919 502/623/1239
s 166
f 503/624/1240 356/696/1191 501/620/1236 502/623/1241
s 139
f 413/626/1242 349/629/924 505/628/923 504/627/1243
s 166
f 505/628/1244 356/696/1191 503/624/1240 504/627/1245
s 140
f 417/630/1246 350/633/928 507/632/927 506/631/1247
s 166
f 507/632/1248 356/696/1191 505/628/1244 506/631/1249
s 141
f 421/634/1250 351/637/932 509/636/931 508/635/1251
s 166
f 509/636/1252 356/696/1191 507/632/1248 508/635/1253
s 142
f 425/638/1254 352/641/936 511/640/935 510/639/1255
s 166
f 511/640/1256 356/696/1191 509/636/1252 510/639/1257
s 143
f 429/642/1258 353/645/940 513/644/939 512/643/1259
s 166
f 513/644/1260 356/696/1191 511/640/1256 512/643/1261
s 144
f 433/646/1262 354/649/944 515/648/943 514/647/1263
s 166
f 515/648/1264 356/696/1191 513/644/1260 514/647/1265
s 125
f 436/650/1266 335/573/868 479/572/867 516/651/1267
s 166
f 479/572/1192 356/696/1191 515/648/1264 516/651/1268
s 167
f 563/697/1269 517/698/1270 560/699/1271 559/700/1272
s 168
f 561/701/1273 518/702/1274 565/703/1275 564/704/1276
s 169
f 566/705/1277 519/706/1278 569/707/1279 568/708/1280
s 170
f 570/709/1281 520/710/1282 573/711/1283 572/712/1284
s 171
f 574/713/1285 521/714/1286 577/715/1287 576/716/1288
s 172
f 578/717/1289 522/718/1290 581/719/1291 580/720/1292
s 173
f 582/721/1293 523/722/1294 585/723/1295 584/724/1296
s 174
f 586/725/1297 524/726/1298 589/727/1299 588/728/1300
s 175
f 590/729/1301 525/730/1302 593/731/1303 592/732/1304
s 176
f 594/733/1305 526/734/1306 597/735/1307 596/736/1308
s 177
f 598/737/1309 527/738/1310 601/739/1311 600/740/1312
s 178
f 602/741/1313 528/742/1314 605/743/1315 604/744/1316
s 179
f 606/745/1317 529/746/1318 609/747/1319 608/748/1320
s 180
f 610/749/1321 530/750/1322 613/751/1323 612/752/1324
s 181
f 614/753/1325 531/754/1326 617/755/1327 616/756/1328
s 182
f 618/757/1329 532/758/1330 621/759/1331 620/760/1332
s 183
f 622/761/1333 533/762/1334 625/763/1335 624/764/1336
s 184
f 626/765/1337 534/766/1338 629/767/1339 628/768/1340
s 185
f 630/769/1341 535/770/1342 633/771/1343 632/772/1344
s 186
f 634/773/1345 536/774/1346 637/775/1347 636/776/1348
s 187
f 641/777/1349 518/778/1350 560/779/1351 639/780/1352
s 188
f 643/781/1353 519/782/1354 565/783/1355 642/784/1356
s 189
f 645/785/1357 520/786/1358 569/787/1359 644/788/1360
s 190
f 647/789/1361 521/790/1362 573/791/1363 646/792/1364
s 191
f 649/793/1365 522/794/1366 577/795/1367 648/796/1368
s 192
f 651/797/1369 523/798/1370 581/799/1371 650/800/1372
s 193
f 653/801/1373 524/802/1374 585/803/1375 652/804/1376
s 194
f 655/805/1377 525/806/1378 589/807/1379 654/808/1380
s 195
f 657/809/1381 526/810/1382 593/811/1383 656/812/1384
s 196
f 659/813/1385 527/814/1386 597/815/1387 658/816/1388
s 197
f 661/817/1389 528/818/1390 601/819/1391 660/820/1392
s 198
f 663/821/1393 529/822/1394 605/823/1395 662/824/1396
s 199
f 665/825/1397 530/826/1398 609/827/1399 664/828/1400
s 200
f 667/829/1401 531/830/1402 613/831/1403 666/832/1404
s 201
f 669/833/1405 532/834/1406 617/835/1407 668/836/1408
s 202
f 671/837/1409 533/838/1410 621/839/1411 670/840/1412
s 203
f 673/841/1413 534/842/1414 625/843/1415 672/844/1416
s 204
f 675/845/1417 535/846/1418 629/847/1419 674/848/1420
s 205
f 677/849/1421 536/850/1422 633/851/1423 676/852/1424
s 206
f 640/853/1425 517/854/1426 637/855/1427 678/856/1428
s 207
f 681/857/1429 537/858/1430 562/859/1431 679/860/1432
s 208
f 680/861/1433 538/862/1434 567/863/1435 682/864/1436
s 209
f 683/865/1437 539/866/1438 571/867/1439 684/868/1440
s 210
f 685/869/1441 540/870/1442 575/871/1443 686/872/1444
s 211
f 687/873/1445 541/874/1446 579/875/1447 688/876/1448
s 212
f 689/877/1449 542/878/1450 583/879/1451 690/880/1452
s 213
f 691/881/1453 543/882/1454 587/883/1455 692/884/1456
s 214
f 693/885/1457 544/886/1458 591/887/1459 694/888/1460
s 215
f 695/889/1461 545/890/1462 595/891/1463 696/892/1464
s 216
f 697/893/1465 546/894/1466 599/895/1467 698/896/1468
s 217
f 699/897/1469 547/898/1470 603/899/1471 700/900/1472
s 218
f 701/901/1473 548/902/1474 607/903/1475 702/904/1476
s 219
f 703/905/1477 549/906/1478 611/907/1479 704/908/1480
s 220
f 705/909/1481 550/910/1482 615/911/1483 706/912/1484
s 221
f 707/913/1485 551/914/1486 619/915/1487 708/916/1488
s 222
f 709/917/1489 552/918/1490 623/919/1491 710/920/1492
s 223
f 711/921/1493 553/922/1494 627/923/1495 712/924/1496
s 224
f 713/925/1497 554/926/1498 631/927/1499 714/928/1500
s 225
f 715/929/1501 555/930/1502 635/931/1503 716/932/1504
s 226
f 717/933/1505 556/934/1506 638/935/1507 718/936/1508
s 168
f 560/699/1509 518/702/1274 561/701/1273 559/700/1510
s 227
f 561/701/1511 538/937/1512 562/938/1513 559/700/1514
s 228
f 562/938/1515 537/939/1516 563/697/1517 559/700/1518
s 169
f 565/703/1519 519/706/1278 566/705/1277 564/704/1520
s 229
f 566/705/1521 539/940/1522 567/941/1523 564/704/1524
s 227
f 567/941/1525 538/937/1512 561/701/1511 564/704/1526
s 170
f 569/707/1527 520/710/1282 570/709/1281 568/708/1528
s 230
f 570/709/1529 540/942/1530 571/943/1531 568/708/1532
s 229
f 571/943/1533 539/940/1522 566/705/1521 568/708/1534
s 171
f 573/711/1535 521/714/1286 574/713/1285 572/712/1536
s 231
f 574/713/1537 541/944/1538 575/945/1539 572/712/1540
s 230
f 575/945/1541 540/942/1530 570/709/1529 572/712/1542
s 172
f 577/715/1543 522/718/1290 578/717/1289 576/716/1544
s 232
f 578/717/1545 542/946/1546 579/947/1547 576/716/1548
s 231
f 579/947/1549 541/944/1538 574/713/1537 576/716/1550
s 173
f 581/719/1551 523/722/1294 582/721/1293 580/720/1552
s 233
f 582/721/1553 543/948/1554 583/949/1555 580/720/1556
s 232
f 583/949/1557 542/946/1546 578/717/1545 580/720/1558
s 174
f 585/723/1559 524/726/1298 586/725/1297 584/724/1560
s 234
f 586/725/1561 544/950/1562 587/951/1563 584/724/1564
s 233
f 587/951/1565 543/948/1554 582/721/1553 584/724/1566
s 175
f 589/727/1567 525/730/1302 590/729/1301 588/728/1568
s 235
f 590/729/1569 545/952/1570 591/953/1571 588/728/1572
s 234
f 591/953/1573 544/950/1562 586/725/1561 588/728/1574
s 176
f 593/731/1575 526/734/1306 594/733/1305 592/732/1576
s 236
f 594/733/1577 546/954/1578 595/955/1579 592/732/1580
s 235
f 595/955/1581 545/952/1570 590/729/1569 592/732/1582
s 177
f 597/735/1583 527/738/1310 598/737/1309 596/736/1584
s 237
f 598/737/1585 547/956/1586 599/957/1587 596/736/1588
s 236
f 599/957/1589 546/954/1578 594/733/1577 596/736/1590
s 178
f 601/739/1591 528/742/1314 602/741/1313 600/740/1592
s 238
f 602/741/1593 548/958/1594 603/959/1595 600/740/1596
s 237
f 603/959/1597 547/956/1586 598/737/1585 600/740/1598
s 179
f 605/743/1599 529/746/1318 606/745/1317 604/744/1600
s 239
f 606/745/1601 549/960/1602 607/961/1603 604/744/1604
s 238
f 607/961/1605 548/958/1594 602/741/1593 604/744/1606
s 180
f 609/747/1607 530/750/1322 610/749/1321 608/748/1608
s 240
f 610/749/1609 550/962/1610 611/963/1611 608/748/1612
s 239
f 611/963/1613 549/960/1602 606/745/1601 608/748/1614
s 181
f 613/751/1615 531/754/1326 614/753/1325 612/752/1616
s 241
f 614/753/1617 551/964/1618 615/965/1619 612/752/1620
s 240
f 615/965/1621 550/962/1610 610/749/1609 612/752/1622
s 182
f 617/755/1623 532/758/1330 618/757/1329 616/756/1624
s 242
f 618/757/1625 552/966/1626 619/967/1627 616/756/1628
s 241
f 619/967/1629 551/964/1618 614/753/1617 616/756/1630
s 183
f 621/759/1631 533/762/1334 622/761/1333 620/760/1632
s 243
f 622/761/1633 553/968/1634 623/969/1635 620/760/1636
s 242
f 623/969/1637 552/966/1626 618/757/1625 620/760/1638
s 184
f 625/763/1639 534/766/1338 626/765/1337 624/764/1640
s 244
f 626/765/1641 554/970/1642 627/971/1643 624/764/1644
s 243
f 627/971/1645 553/968/1634 622/761/1633 624/764/1646
s 185
f 629/767/1647 535/770/1342 630/769/1341 628/768/1648
s 245
f 630/769/1649 555/972/1650 631/973/1651 628/768/1652
s 244
f 631/973/1653 554/970/1642 626/765/1641 628/768/1654
s 186
f 633/771/1655 536/774/1346 634/773/1345 632/772/1656
s 246
f 634/773/1657 556/974/1658 635/975/1659 632/772/1660
s 245
f 635/975/1661 555/972/1650 630/769/1649 632/772/1662
s 167
f 637/775/1663 517/976/1270 563/977/1269 636/776/1664
s 228
f 563/977/1517 537/978/1516 638/979/1665 636/776/1666
s 246
f 638/979/1667 556/974/1658 634/773/1657 636/776/1668
s 206
f 560/779/1669 517/854/1426 640/853/1425 639/780/1670
s 247
f 640/853/1671 557/980/1672 641/777/1673 639/780/1674
s 187
f 565/783/1675 518/778/1350 641/777/1349 642/784/1676
s 247
f 641/777/1673 557/980/1672 643/781/1677 642/784/1678
s 188
f 569/787/1679 519/782/1354 643/781/1353 644/788/1680
s 247
f 643/781/1677 557/980/1672 645/785/1681 644/788/1682
s 189
f 573/791/1683 520/786/1358 645/785/1357 646/792/1684
s 247
f 645/785/1681 557/980/1672 647/789/1685 646/792/1686
s 190
f 577/795/1687 521/790/1362 647/789/1361 648/796/1688
s 247
f 647/789/1685 557/980/1672 649/793/1689 648/796/1690
s 191
f 581/799/1691 522/794/1366 649/793/1365 650/800/1692
s 247
f 649/793/1689 557/980/1672 651/797/1693 650/800/1694
s 192
f 585/803/1695 523/798/1370 651/797/1369 652/804/1696
s 247
f 651/797/1693 557/980/1672 653/801/1697 652/804/1698
s 193
f 589/807/1699 524/802/1374 653/801/1373 654/808/1700
s 247
f 653/801/1697 557/980/1672 655/805/1701 654/808/1702
s 194
f 593/811/1703 525/806/1378 655/805/1377 656/812/1704
s 247
f 655/805/1701 557/980/1672 657/809/1705 656/812/1706
s 195
f 597/815/1707 526/810/1382 657/809/1381 658/816/1708
s 247
f 657/809/1705 557/980/1672 659/813/1709 658/816/1710
s 196
f 601/819/1711 527/814/1386 659/813/1385 660/820/1712
s 247
f 659/813/1709 557/980/1672 661/817/1713 660/820/1714
s 197
f 605/823/1715 528/818/1390 661/817/1389 662/824/1716
s 247
f 661/817/1713 557/980/1672 663/821/1717 662/824/1718
s 198
f 609/827/1719 529/822/1394 663/821/1393 664/828/1720
s 247
f 663/821/1717 557/980/1672 665/825/1721 664/828/1722
s 199
f 613/831/1723 530/826/1398 665/825/1397 666/832/1724
s 247
f 665/825/1721 557/980/1672 667/829/1725 666/832/1726
s 200
f 617/835/1727 531/830/1402 667/829/1401 668/836/1728
s 247
f 667/829/1725 557/980/1672 669/833/1729 668/836/1730
s 201
f 621/839/1731 532/834/1406 669/833/1405 670/840/1732
s 247
f 669/833/1729 557/980/1672 671/837/1733 670/840/1734
s 202
f 625/843/1735 533/838/1410 671/837/1409 672/844/1736
s 247
f 671/837/1733 557/980/1672 673/841/1737 672/844/1738
s 203
f 629/847/1739 534/842/1414 673/841/1413 674/848/1740
s 247
f 673/841/1737 557/980/1672 675/845/1741 674/848/1742
s 204
f 633/851/1743 535/846/1418 675/845/1417 676/852/1744
s 247
f 675/845/1741 557/980/1672 677/849/1745 676/852/1746
s 205
f 637/855/1747 536/850/1422 677/849/1421 678/856/1748
s 247
f 677/849/1745 557/980/1672 640/853/1671 678/856/1749
s 208
f 562/859/1750 538/862/1434 680/861/1433 679/860/1751
s 248
f 680/861/1752 558/981/1753 681/857/1754 679/860/1755
s 209
f 567/863/1756 539/866/1438 683/865/1437 682/864/1757
s 248
f 683/865/1758 558/981/1753 680/861/1752 682/864/1759
s 210
f 571/867/1760 540/870/1442 685/869/1441 684/868/1761
s 248
f 685/869/1762 558/981/1753 683/865/1758 684/868/1763
s 211
f 575/871/1764 541/874/1446 687/873/1445 686/872/1765
s 248
f 687/873/1766 558/981/1753 685/869/1762 686/872/1767
s 212
f 579/875/1768 542/878/1450 689/877/1449 688/876/1769
s 248
f 689/877/1770 558/981/1753 687/873/1766 688/876/1771
s 213
f 583/879/1772 543/882/1454 691/881/1453 690/880/1773
s 248
f 691/881/1774 558/981/1753 689/877/1770 690/880/1775
s 214
f 587/883/1776 544/886/1458 693/885/1457 692/884/1777
s 248
f 693/885/1778 558/981/1753 691/881/1774 692/884/1779
s 215
f 591/887/1780 545/890/1462 695/889/1461 694/888/1781
s 248
f 695/889/1782 558/981/1753 693/885/1778 694/888/1783
s 216
f 595/891/1784 546/894/1466 697/893/1465 696/892/1785
s 248
f 697/893/1786 558/981/1753 695/889/1782 696/892/1787
s 217
f 599/895/1788 547/898/1470 699/897/1469 698/896/1789
s 248
f 699/897/1790 558/981/1753 697/893/1786 698/896/1791
s 218
f 603/899/1792 548/902/1474 701/901/1473 700/900/1793
s 248
f 701/901/1794 558/981/1753 699/897/1790 700/900/1795
s 219
f 607/903/1796 549/906/1478 703/905/1477 702/904/1797
s 248
f 703/905/1798 558/981/1753 701/901/1794 702/904/1799
s 220
f 611/907/1800 550/910/1482 705/909/1481 704/908/1801
s 248
f 705/909/1802 558/981/1753 703/905/1798 704/908/1803
s 221
f 615/911/1804 551/914/1486 707/913/1485 706/912/1805
s 248
f 707/913/1806 558/981/1753 705/909/1802 706/912/1807
s 222
f 619/915/1808 552/918/1490 709/917/1489 708/916/1809
s 248
f 709/917/1810 558/981/1753 707/913/1806 708/916/1811
s 223
f 623/919/1812 553/922/1494 711/921/1493 710/920/1813
s 248
f 711/921/1814 558/981/1753 709/917/1810 710/920/1815
s 224
f 627/923/1816 554/926/1498 713/925/1497 712/924/1817
s 248
f 713/925/1818 558/981/1753 711/921/1814 712/924/1819
s 225
f 631/927/1820 555/930/1502 715/929/1501 714/928/1821
s 248
f 715/929/1822 558/981/1753 713/925/1818 714/928/1823
s 226
f 635/931/1824 556/934/1506 717/933/1505 716/932/1825
s 248
f 717/933/1826 558/981/1753 715/929/1822 716/932/1827
s 207
f 638/935/1828 537/858/1430 681/857/1429 718/936/1829
s 248
f 681/857/1754 558/981/1753 717/933/1826 718/936/1830
s 249
f 765/982/1831 719/983/1832 762/984/1833 761/985/1834
s 250
f 763/986/1835 720/987/1836 767/988/1837 766/989/1838
s 251
f 768/990/1839 721/991/1840 771/992/1841 770/993/1842
s 252
f 772/994/1843 722/995/1844 775/996/1845 774/997/1846
s 253
f 776/998/1847 723/999/1848 779/1000/1849 778/1001/1850
s 254
f 780/1002/1851 724/1003/1852 783/1004/1853 782/1005/1854
s 255
f 784/1006/1855 725/1007/1856 787/1008/1857 786/1009/1858
s 256
f 788/1010/1859 726/1011/1860 791/1012/1861 790/1013/1862
s 257
f 792/1014/1863 727/1015/1864 795/1016/1865 794/1017/1866
s 258
f 796/1018/1867 728/1019/1868 799/1020/1869 798/1021/1870
s 259
f 800/1022/1871 729/1023/1872 803/1024/1873 802/1025/1874
s 260
f 804/1026/1875 730/1027/1876 807/1028/1877 806/1029/1878
s 261
f 808/1030/1879 731/1031/1880 811/1032/1881 810/1033/1882
s 262
f 812/1034/1883 732/1035/1884 815/1036/1885 814/1037/1886
s 263
f 816/1038/1887 733/1039/1888 819/1040/1889 818/1041/1890
s 264
f 820/1042/1891 734/1043/1892 823/1044/1893 822/1045/1894
s 265
f 824/1046/1895 735/1047/1896 827/1048/1897 826/1049/1898
s 266
f 828/1050/1899 736/1051/1900 831/1052/1901 830/1053/1902
s 267
f 832/1054/1903 737/1055/1904 835/1056/1905 834/1057/1906
s 268
f 836/1058/1907 738/1059/1908 839/1060/1909 838/1061/1910
s 269
f 843/1062/1911 720/1063/1912 762/1064/1913 841/1065/1914
s 270
f 845/1066/1915 721/1067/1916 767/1068/1917 844/1069/1918
s 271
f 847/1070/1919 722/1071/1920 771/1072/1921 846/1073/1922
s 272
f 849/1074/1923 723/1075/1924 775/1076/1925 848/1077/1926
s 273
f 851/1078/1927 724/1079/1928 779/1080/1929 850/1081/1930
s 274
f 853/1082/1931 725/1083/1932 783/1084/1933 852/1085/1934
s 275
f 855/1086/1935 726/1087/1936 787/1088/1937 854/1089/1938
s 276
f 857/1090/1939 727/1091/1940 791/1092/1941 856/1093/1942
s 277
f 859/1094/1943 728/1095/1944 795/1096/1945 858/1097/1946
s 278
f 861/1098/1947 729/1099/1948 799/1100/1949 860/1101/1950
s 279
f 863/1102/1951 730/1103/1952 803/1104/1953 862/1105/1954
s 280
f 865/1106/1955 731/1107/1956 807/1108/1957 864/1109/1958
s 281
f 867/1110/1959 732/1111/1960 811/1112/1961 866/1113/1962
s 282
f 869/1114/1963 733/1115/1964 815/1116/1965 868/1117/1966
s 283
f 871/1118/1967 734/1119/1968 819/1120/1969 870/1121/1970
s 284
f 873/1122/1971 735/1123/1972 823/1124/1973 872/1125/1974
s 285
f 875/1126/1975 736/1127/1976 827/1128/1977 874/1129/1978
s 286
f 877/1130/1979 737/1131/1980 831/1132/1981 876/1133/1982
s 287
f 879/1134/1983 738/1135/1984 835/1136/1985 878/1137/1986
s 288
f 842/1138/1987 719/1139/1988 839/1140/1989 880/1141/1990
s 289
f 883/1142/1991 739/1143/1992 764/1144/1993 881/1145/1994
s 290
f 882/1146/1995 740/1147/1996 769/1148/1997 884/1149/1998
s 291
f 885/1150/1999 741/1151/2000 773/1152/2001 886/1153/2002
s 292
f 887/1154/2003 742/1155/2004 777/1156/2005 888/1157/2006
s 293
f 889/1158/2007 743/1159/2008 781/1160/2009 890/1161/2010
s 294
f 891/1162/2011 744/1163/2012 785/1164/2013 892/1165/2014
s 295
f 893/1166/2015 745/1167/2016 789/1168/2017 894/1169/2018
s 296
f 895/1170/2019 746/1171/2020 793/1172/2021 896/1173/2022
s 297
f 897/1174/2023 747/1175/2024 797/1176/2025 898/1177/2026
s 298
f 899/1178/2027 748/1179/2028 801/1180/2029 900/1181/2030
s 299
f 901/1182/2031 749/1183/2032 805/1184/2033 902/1185/2034
s 300
f 903/1186/2035 750/1187/2036 809/1188/2037 904/1189/2038
s 301
f 905/1190/2039 751/1191/2040 813/1192/2041 906/1193/2042
s 302
f 907/1194/2043 752/1195/2044 817/1196/2045 908/1197/2046
s 303
f 909/1198/2047 753/1199/2048 821/1200/2049 910/1201/2050
s 304
f 911/1202/2051 754/1203/2052 825/1204/2053 912/1205/2054
s 305
f 913/1206/2055 755/1207/2056 829/1208/2057 914/1209/2058
s 306
f 915/1210/2059 756/1211/2060 833/1212/2061 916/1213/2062
s 307
f 917/1214/2063 757/1215/2064 837/1216/2065 918/1217/2066
s 308
f 919/1218/2067 758/1219/2068 840/1220/2069 920/1221/2070
s 250
f 762/984/2071 720/987/1836 763/986/1835 761/985/2072
s 309
f 763/986/2073 740/1222/2074 764/1223/2075 761/985/2076
s 310
f 764/1223/2077 739/1224/2078 765/982/2079 761/985/2080
s 251
f 767/988/2081 721/991/1840 768/990/1839 766/989/2082
s 311
f 768/990/2083 741/1225/2084 769/1226/2085 766/989/2086
s 309
f 769/1226/2087 740/1222/2074 763/986/2073 766/989/2088
s 252
f 771/992/2089 722/995/1844 772/994/1843 770/993/2090
s 312
f 772/994/2091 742/1227/2092 773/1228/2093 770/993/2094
s 311
f 773/1228/2095 741/1225/2084 768/990/2083 770/993/2096
s 253
f 775/996/2097 723/999/1848 776/998/1847 774/997/2098
s 313
f 776/998/2099 743/1229/2100 777/1230/2101 774/997/2102
s 312
f 777/1230/2103 742/1227/2092 772/994/2091 774/997/2104
s 254
f 779/1000/2105 724/1003/1852 780/1002/1851 778/1001/2106
s 314
f 780/1002/2107 744/1231/2108 781/1232/2109 778/1001/2110
s 313
f 781/1232/2111 743/1229/2100 776/998/2099 778/1001/2112
s 255
f 783/1004/2113 725/1007/1856 784/1006/1855 782/1005/2114
s 315
f 784/1006/2115 745/1233/2116 785/1234/2117 782/1005/2118
s 314
f 785/1234/2119 744/1231/2108 780/1002/2107 782/1005/2120
s 256
f 787/1008/2121 726/1011/1860 788/1010/1859 786/1009/2122
s 316
f 788/1010/2123 746/1235/2124 789/1236/2125 786/1009/2126
s 315
f 789/1236/2127 745/1233/2116 784/1006/2115 786/1009/2128
s 257
f 791/1012/2129 727/1015/1864 792/1014/1863 790/1013/2130
s 317
f 792/1014/2131 747/1237/2132 793/1238/2133 790/1013/2134
s 316
f 793/1238/2135 746/1235/2124 788/1010/2123 790/1013/2136
s 258
f 795/1016/2137 728/1019/1868 796/1018/1867 794/1017/2138
s 318
f 796/1018/2139 748/1239/2140 797/1240/2141 794/1017/2142
s 317
f 797/1240/2143 747/1237/2132 792/1014/2131 794/1017/2144
s 259
f 799/1020/2145 729/1023/1872 800/1022/1871 798/1021/2146
s 319
f 800/1022/2147 749/1241/2148 801/1242/2149 798/1021/2150
s 318
f 801/1242/2151 748/1239/2140 796/1018/2139 798/1021/2152
s 260
f 803/1024/2153 730/1027/1876 804/1026/1875 802/1025/2154
s 320
f 804/1026/2155 750/1243/2156 805/1244/2157 802/1025/2158
s 319
f 805/1244/2159 749/1241/2148 800/1022/2147 802/1025/2160
s 261
f 807/1028/2161 731/1031/1880 808/1030/1879 806/1029/2162
s 321
f 808/1030/2163 751/1245/2164 809/1246/2165 806/1029/2166
s 320
f 809/1246/2167 750/1243/2156 804/1026/2155 806/1029/2168
s 262
f 811/1032/2169 732/1035/1884 812/1034/1883 810/1033/2170
s 322
f 812/1034/2171 752/1247/2172 813/1248/2173 810/1033/2174
s 321
f 813/1248/2175 751/1245/2164 808/1030/2163 810/1033/2176
s 263
f 815/1036/2177 733/1039/1888 816/1038/1887 814/1037/2178
s 323
f 816/1038/2179 753/1249/2180 817/1250/2181 814/1037/2182
s 322
f 817/1250/2183 752/1247/2172 812/1034/2171 814/1037/2184
s 264
f 819/1040/2185 734/1043/1892 820/1042/1891 818/1041/2186
s 324
f 820/1042/2187 754/1251/2188 821/1252/2189 818/1041/2190
s 323
f 821/1252/2191 753/1249/2180 816/1038/2179 818/1041/2192
s 265
f 823/1044/2193 735/1047/1896 824/1046/1895 822/1045/2194
s 325
f 824/1046/2195 755/1253/2196 825/1254/2197 822/1045/2198
s 324
f 825/1254/2199 754/1251/2188 820/1042/2187 822/1045/2200
s 266
f 827/1048/2201 736/1051/1900 828/1050/1899 826/1049/2202
s 326
f 828/1050/2203 756/1255/2204 829/1256/2205 826/1049/2206
s 325
f 829/1256/2207 755/1253/2196 824/1046/2195 826/1049/2208
s 267
f 831/1052/2209 737/1055/1904 832/1054/1903 830/1053/2210
s 327
f 832/1054/2211 757/1257/2212 833/1258/2213 830/1053/2214
s 326
f 833/1258/2215 756/1255/2204 828/1050/2203 830/1053/2216
s 268
f 835/1056/2217 738/1059/1908 836/1058/1907 834/1057/2218
s 328
f 836/1058/2219 758/1259/2220 837/1260/2221 834/1057/2222
s 327
f 837/1260/2223 757/1257/2212 832/1054/2211 834/1057/2224
s 249
f 839/1060/2225 719/1261/1832 765/1262/1831 838/1061/2226
s 310
f 765/1262/2079 739/1263/2078 840/1264/2227 838/1061/2228
s 328
f 840/1264/2229 758/1259/2220 836/1058/2219 838/1061/2230
s 288
f 762/1064/2231 719/1139/1988 842/1138/1987 841/1065/2232
s 329
f 842/1138/2233 759/1265/2234 843/1062/2235 841/1065/2236
s 269
f 767/1068/2237 720/1063/1912 843/1062/1911 844/1069/2238
s 329
f 843/1062/2235 759/1265/2234 845/1066/2239 844/1069/2240
s 270
f 771/1072/2241 721/1067/1916 845/1066/1915 846/1073/2242
s 329
f 845/1066/2239 759/1265/2234 847/1070/2243 846/1073/2244
s 271
f 775/1076/2245 722/1071/1920 847/1070/1919 848/1077/2246
s 329
f 847/1070/2243 759/1265/2234 849/1074/2247 848/1077/2248
s 272
f 779/1080/2249 723/1075/1924 849/1074/1923 850/1081/2250
s 329
f 849/1074/2247 759/1265/2234 851/1078/2251 850/1081/2252
s 273
f 783/1084/2253 724/1079/1928 851/1078/1927 852/1085/2254
s 329
f 851/1078/2251 759/1265/2234 853/1082/2255 852/1085/2256
s 274
f 787/1088/2257 725/1083/1932 853/1082/1931 854/1089/2258
s 329
f 853/1082/2255 759/1265/2234 855/1086/2259 854/1089/2260
s 275
f 791/1092/2261 726/1087/1936 855/1086/1935 856/1093/2262
s 329
f 855/1086/2259 759/1265/2234 857/1090/2263 856/1093/2264
s 276
f 795/1096/2265 727/1091/1940 857/1090/1939 858/1097/2266
s 329
f 857/1090/2263 759/1265/2234 859/1094/2267 858/1097/2268
s 277
f 799/1100/2269 728/1095/1944 859/1094/1943 860/1101/2270
s 329
f 859/1094/2267 759/1265/2234 861/1098/2271 860/1101/2272
s 278
f 803/1104/2273 729/1099/1948 861/1098/1947 862/1105/2274
s 329
f 861/1098/2271 759/1265/2234 863/1102/2275 862/1105/2276
s 279
f 807/1108/2277 730/1103/1952 863/1102/1951 864/1109/2278
s 329
f 863/1102/2275 759/1265/2234 865/1106/2279 864/1109/2280
s 280
f 811/1112/2281 731/1107/1956 865/1106/1955 866/1113/2282
s 329
f 865/1106/2279 759/1265/2234 867/1110/2283 866/1113/2284
s 281
f 815/1116/2285 732/1111/1960 867/1110/1959 868/1117/2286
s 329
f 867/1110/2283 759/1265/2234 869/1114/2287 868/1117/2288
s 282
f 819/1120/2289 733/1115/1964 869/1114/1963 870/1121/2290
s 329
f 869/1114/2287 759/1265/2234 871/1118/2291 870/1121/2292
s 283
f 823/1124/2293 734/1119/1968 871/1118/1967 872/1125/2294
s 329
f 871/1118/2291 759/1265/2234 873/1122/2295 872/1125/2296
s 284
f 827/1128/2297 735/1123/1972 873/1122/1971 874/1129/2298
s 329
f 873/1122/2295 759/1265/2234 875/1126/2299 874/1129/2300
s 285
f 831/1132/2301 736/1127/1976 875/1126/1975 876/1133/2302
s 329
f 875/1126/2299 759/1265/2234 877/1130/2303 876/1133/2304
s 286
f 835/1136/2305 737/1131/1980 877/1130/1979 878/1137/2306
s 329
f 877/1130/2303 759/1265/2234 879/1134/2307 878/1137/2308
s 287
f 839/1140/2309 738/1135/1984 879/1134/1983 880/1141/2310
s 329
f 879/1134/2307 759/1265/2234 842/1138/2233 880/1141/2311
s 290
f 764/1144/2312 740/1147/1996 882/1146/1995 881/1145/2313
s 330
f 882/1146/2314 760/1266/2315 883/1142/2316 881/1145/2317
s 291
f 769/1148/2318 741/1151/2000 885/1150/1999 884/1149/2319
s 330
f 885/1150/2320 760/1266/2315 882/1146/2314 884/1149/2321
s 292
f 773/1152/2322 742/1155/2004 887/1154/2003 886/1153/2323
s 330
f 887/1154/2324 760/1266/2315 885/1150/2320 886/1153/2325
s 293
f 777/1156/2326 743/1159/2008 889/1158/2007 888/1157/2327
s 330
f 889/1158/2328 760/1266/2315 887/1154/2324 888/1157/2329
s 294
f 781/1160/2330 744/1163/2012 891/1162/2011 890/1161/2331
s 330
f 891/1162/2332 760/1266/2315 889/1158/2328 890/1161/2333
s 295
f 785/1164/2334 745/1167/2016 893/1166/2015 892/1165/2335
s 330
f 893/1166/2336 760/1266/2315 891/1162/2332 892/1165/2337
s 296
f 789/1168/2338 746/1171/2020 895/1170/2019 894/1169/2339
s 330
f 895/1170/2340 760/1266/2315 893/1166/2336 894/1169/2341
s 297
f 793/1172/2342 747/1175/2024 897/1174/2023 896/1173/2343
s 330
f 897/1174/2344 760/1266/2315 895/1170/2340 896/1173/2345
s 298
f 797/1176/2346 748/1179/2028 899/1178/2027 898/1177/2347
s 330
f 899/1178/2348 760/1266/2315 897/1174/2344 898/1177/2349
s 299
f 801/1180/2350 749/1183/2032 901/1182/2031 900/1181/2351
s 330
f 901/1182/2352 760/1266/2315 899/1178/2348 900/1181/2353
s 300
f 805/1184/2354 750/1187/2036 903/1186/2035 902/1185/2355
s 330
f 903/1186/2356 760/1266/2315 901/1182/2352 902/1185/2357
s 301
f 809/1188/2358 751/1191/2040 905/1190/2039 904/1189/2359
s 330
f 905/1190/2360 760/1266/2315 903/1186/2356 904/1189/2361
s 302
f 813/1192/2362 752/1195/2044 907/1194/2043 906/1193/2363
s 330
f 907/1194/2364 760/1266/2315 905/1190/2360 906/1193/2365
s 303
f 817/1196/2366 753/1199/2048 909/1198/2047 908/1197/2367
s 330
f 909/1198/2368 760/1266/2315 907/1194/2364 908/1197/2369
s 304
f 821/1200/2370 754/1203/2052 911/1202/2051 910/1201/2371
s 330
f 911/1202/2372 760/1266/2315 909/1198/2368 910/1201/2373
s 305
f 825/1204/2374 755/1207/2056 913/1206/2055 912/1205/2375
s 330
f 913/1206/2376 760/1266/2315 911/1202/2372 912/1205/2377
s 306
f 829/1208/2378 756/1211/2060 915/1210/2059 914/1209/2379
s 330
f 915/1210/2380 760/1266/2315 913/1206/2376 914/1209/2381
s 307
f 833/1212/2382 757/1215/2064 917/1214/2063 916/1213/2383
s 330
f 917/1214/2384 760/1266/2315 915/1210/2380 916/1213/2385
s 308
f 837/1216/2386 758/1219/2068 919/1218/2067 918/1217/2387
s 330
f 919/1218/2388 760/1266/2315 917/1214/2384 918/1217/2389
s 289
f 840/1220/2390 739/1143/1992 883/1142/1991 920/1221/2391
s 330
f 883/1142/2316 760/1266/2315 919/1218/2388 920/1221/2392
s 331
f 966/1267/2393 921/1268/2394 963/1269/2395 962/1270/2396
s 332
f 964/1271/2397 922/1272/2398 968/1273/2399 967/1274/2400
s 333
f 969/1275/2401 923/1276/2402 972/1277/2403 971/1278/2404
s 334
f 973/1279/2405 924/1280/2406 976/1281/2407 975/1282/2408
s 335
f 977/1283/2409 925/1284/2410 980/1285/2411 979/1286/2412
s 336
f 981/1287/2413 926/1288/2414 984/1289/2415 983/1290/2416
s 337
f 985/1291/2417 927/1292/2418 988/1293/2419 987/1294/2420
s 338
f 989/1295/2421 928/1296/2422 992/1297/2423 991/1298/2424
s 339
f 993/1299/2425 929/1300/2426 996/1301/2427 995/1302/2428
s 340
f 997/1303/2429 930/1304/2430 1000/1305/2431 999/1306/2432
s 341
f 1001/1307/2433 931/1308/2434 1004/1309/2435 1003/1310/2436
s 342
f 1005/1311/2437 932/1312/2438 1008/1313/2439 1007/1314/2440
s 343
f 1009/1315/2441 933/1316/2442 1012/1317/2443 1011/1318/2444
s 344
f 1013/1319/2445 934/1320/2446 1016/1321/2447 1015/1322/2448
s 345
f 1017/1323/2449 935/1324/2450 1020/1325/2451 1019/1326/2452
s 346
f 1021/1327/2453 936/1328/2454 1024/1329/2455 1023/1330/2456
s 347
f 1025/1331/2457 937/1332/2458 1028/1333/2459 1027/1334/2460
s 348
f 1029/1335/2461 938/1336/2462 1032/1337/2463 1031/1338/2464
s 349
f 1033/1339/2465 939/1340/2466 1036/1341/2467 1035/1342/2468
s 350
f 1037/1343/2469 940/1344/2470 1040/1345/2471 1039/1346/2472
s 351
f 1044/1347/2473 922/1348/2474 963/1349/2475 1042/1350/2476
s 352
f 1046/1351/2477 923/1352/2478 968/1353/2479 1045/1354/2480
s 353
f 1048/1355/2481 924/1356/2482 972/1357/2483 1047/1358/2484
s 354
f 1050/1359/2485 925/1360/2486 976/1361/2487 1049/1362/2488
s 355
f 1052/1363/2489 926/1364/2490 980/1365/2491 1051/1366/2492
s 356
f 1054/1367/2493 927/1368/2494 984/1369/2495 1053/1370/2496
s 357
f 1056/1371/2497 928/1372/2498 988/1373/2499 1055/1374/2500
s 358
f 1058/1375/2501 929/1376/2502 992/1377/2503 1057/1378/2504
s 359
f 1060/1379/2505 930/1380/2506 996/1381/2507 1059/1382/2508
s 360
f 1062/1383/2509 931/1384/2510 1000/1385/2511 1061/1386/2512
s 361
f 1064/1387/2513 932/1388/2514 1004/1389/2515 1063/1390/2516
s 362
f 1066/1391/2517 933/1392/2518 1008/1393/2519 1065/1394/2520
s 363
f 1068/1395/2521 934/1396/2522 1012/1397/2523 1067/1398/2524
s 364
f 1070/1399/2525 935/1400/2526 1016/1401/2527 1069/1402/2528
s 365
f 1072/1403/2529 936/1404/2530 1020/1405/2531 1071/1406/2532
s 366
f 1074/1407/2533 937/1408/2534 1024/1409/2535 1073/1410/2536
s 367
f 1076/1411/2537 938/1412/2538 1028/1413/2539 1075/1414/2540
s 368
f 1078/1415/2541 939/1416/2542 1032/1417/2543 1077/1418/2544
s 369
f 1080/1419/2545 940/1420/2546 1036/1421/2547 1079/1422/2548
s 370
f 1043/1423/2549 921/1424/2550 1040/1425/2551 1081/1426/2552
s 371
f 1084/1427/2553 941/1428/2554 965/1429/2555 1082/1430/2556
s 372
f 1083/1431/2557 942/1432/2558 970/1433/2559 1085/1434/2560
s 373
f 1086/1435/2561 943/1436/2562 974/1437/2563 1087/1438/2564
s 374
f 1088/1439/2565 944/1440/2566 978/1441/2567 1089/1442/2568
s 375
f 1090/1443/2569 945/1444/2570 982/1445/2571 1091/1446/2572
s 376
f 1092/1447/2573 946/1448/2574 986/1449/2575 1093/1450/2576
s 377
f 1094/1451/2577 947/1452/2578 990/1453/2579 1095/1454/2580
s 378
f 1096/1455/2581 948/1456/2582 994/1457/2583 1097/1458/2584
s 379
f 1098/1459/2585 949/1460/2586 998/1461/2587 1099/1462/2588
s 380
f 1100/1463/2589 950/1464/2590 1002/1465/2591 1101/1466/2592
s 381
f 1102/1467/2593 951/1468/2594 1006/1469/2595 1103/1470/2596
s 382
f 1104/1471/2597 952/1472/2598 1010/1473/2599 1105/1474/2600
s 383
f 1106/1475/2601 953/1476/2602 1014/1477/2603 1107/1478/2604
s 384
f 1108/1479/2605 954/1480/2606 1018/1481/2607 1109/1482/2608
s 385
f 1110/1483/2609 955/1484/2610 1022/1485/2611 1111/1486/2612
s 386
f 1112/1487/2613 956/1488/2614 1026/1489/2615 1113/1490/2616
s 387
f 1114/1491/2617 957/1492/2618 1030/1493/2619 1115/1494/2620
s 388
f 1116/1495/2621 958/1496/2622 1034/1497/2623 1117/1498/2624
s 389
f 1118/1499/2625 959/1500/2626 1038/1501/2627 1119/1502/2628
s 390
f 1120/1503/2629 960/1504/2630 1041/1505/2631 1121/1506/2632
s 332
f 963/1269/2633 922/1272/2398 964/1271/2397 962/1270/2634
s 391
f 964/1271/2635 942/1507/2636 965/1508/2637 962/1270/2638
s 392
f 965/1508/2639 941/1509/2640 966/1267/2641 962/1270/2642
s 333
f 968/1273/2643 923/1276/2402 969/1275/2401 967/1274/2644
s 393
f 969/1275/2645 943/1510/2646 970/1511/2647 967/1274/2648
s 391
f 970/1511/2649 942/1507/2636 964/1271/2635 967/1274/2650
s 334
f 972/1277/2651 924/1280/2406 973/1279/2405 971/1278/2652
s 394
f 973/1279/2653 944/1512/2654 974/1513/2655 971/1278/2656
s 393
f 974/1513/2657 943/1510/2646 969/1275/2645 971/1278/2658
s 335
f 976/1281/2659 925/1284/2410 977/1283/2409 975/1282/2660
s 395
f 977/1283/2661 945/1514/2662 978/1515/2663 975/1282/2664
s 394
f 978/1515/2665 944/1512/2654 973/1279/2653 975/1282/2666
s 336
f 980/1285/2667 926/1288/2414 981/1287/2413 979/1286/2668
s 396
f 981/1287/2669 946/1516/2670 982/1517/2671 979/1286/2672
s 395
f 982/1517/2673 945/1514/2662 977/1283/2661 979/1286/2674
s 337
f 984/1289/2675 927/1292/2418 985/1291/2417 983/1290/2676
s 397
f 985/1291/2677 947/1518/2678 986/1519/2679 983/1290/2680
s 396
f 986/1519/2681 946/1516/2670 981/1287/2669 983/1290/2682
s 338
f 988/1293/2683 928/1296/2422 989/1295/2421 987/1294/2684
s 398
f 989/1295/2685 948/1520/2686 990/1521/2687 987/1294/2688
s 397
f 990/1521/2689 947/1518/2678 985/1291/2677 987/1294/2690
s 339
f 992/1297/2691 929/1300/2426 993/1299/2425 991/1298/2692
s 399
f 993/1299/2693 949/1522/2694 994/1523/2695 991/1298/2696
s 398
f 994/1523/2697 948/1520/2686 989/1295/2685 991/1298/2698
s 340
f 996/1301/2699 930/1304/2430 997/1303/2429 995/1302/2700
s 400
f 997/1303/2701 950/1524/2702 998/1525/2703 995/1302/2704
s 399
f 998/1525/2705 949/1522/2694 993/1299/2693 995/1302/2706
s 341
f 1000/1305/2707 931/1308/2434 1001/1307/2433 999/1306/2708
s 401
f 1001/1307/2709 951/1526/2710 1002/1527/2711 999/1306/2712
s 400
f 1002/1527/2713 950/1524/2702 997/1303/2701 999/1306/2714
s 342
f 1004/1309/2715 932/1312/2438 1005/1311/2437 1003/1310/2716
s 402
f 1005/1311/2717 952/1528/2718 1006/1529/2719 1003/1310/2720
s 401
f 1006/1529/2721 951/1526/2710 1001/1307/2709 1003/1310/2722
s 343
f 1008/1313/2723 933/1316/2442 1009/1315/2441 1007/1314/2724
s 403
f 1009/1315/2725 953/1530/2726 1010/1531/2727 1007/1314/2728
s 402
f 1010/1531/2729 952/1528/2718 1005/1311/2717 1007/1314/2730
s 344
f 1012/1317/2731 934/1320/2446 1013/1319/2445 1011/1318/2732
s 404
f 1013/1319/2733 954/1532/2734 1014/1533/2735 1011/1318/2736
s 403
f 1014/1533/2737 953/1530/2726 1009/1315/2725 1011/1318/2738
s 345
f 1016/1321/2739 935/1324/2450 1017/1323/2449 1015/1322/2740
s 405
f 1017/1323/2741 955/1534/2742 1018/1535/2743 1015/1322/2744
s 404
f 1018/1535/2745 954/1532/2734 1013/1319/2733 1015/1322/2746
s 346
f 1020/1325/2747 936/1328/2454 1021/1327/2453 1019/1326/2748
s 406
f 1021/1327/2749 956/1536/2750 1022/1537/2751 1019/1326/2752
s 405
f 1022/1537/2753 955/1534/2742 1017/1323/2741 1019/1326/2754
s 347
f 1024/1329/2755 937/1332/2458 1025/1331/2457 1023/1330/2756
s 407
f 1025/1331/2757 957/1538/2758 1026/1539/2759 1023/1330/2760
s 406
f 1026/1539/2761 956/1536/2750 1021/1327/2749 1023/1330/2762
s 348
f 1028/1333/2763 938/1336/2462 1029/1335/2461 1027/1334/2764
s 408
f 1029/1335/2765 958/1540/2766 1030/1541/2767 1027/1334/2768
s 407
f 1030/1541/2769 957/1538/2758 1025/1331/2757 1027/1334/2770
s 349
f 1032/1337/2771 939/1340/2466 1033/1339/2465 1031/1338/2772
s 409
f 1033/1339/2773 959/1542/2774 1034/1543/2775 1031/1338/2776
s 408
f 1034/1543/2777 958/1540/2766 1029/1335/2765 1031/1338/2778
s 350
f 1036/1341/2779 940/1344/2470 1037/1343/2469 1035/1342/2780
s 410
f 1037/1343/2781 960/1544/2782 1038/1545/2783 1035/1342/2784
s 409
f 1038/1545/2785 959/1542/2774 1033/1339/2773 1035/1342/2786
s 331
f 1040/1345/2787 921/1546/2394 966/1547/2393 1039/1346/2788
s 392
f 966/1547/2641 941/1548/2640 1041/1549/2789 1039/1346/2790
s 410
f 1041/1549/2791 960/1544/2782 1037/1343/2781 1039/1346/2792
s 370
f 963/1349/2793 921/1424/2550 1043/1423/2549 1042/1350/2794
s 411
f 1149/1550/2795 1148/1551/2796 1150/1552/2797 1151/1553/2798
s 351
f 968/1353/2799 922/1348/2474 1044/1347/2473 1045/1354/2800
s 411
f 1150/1552/2797 1148/1551/2796 1152/1554/2801 1153/1555/2802
s 352
f 972/1357/2803 923/1352/2478 1046/1351/2477 1047/1358/2804
s 411
f 1152/1554/2801 1148/1551/2796 1154/1556/2805 1155/1557/2806
s 353
f 976/1361/2807 924/1356/2482 1048/1355/2481 1049/1362/2808
s 412
f 1123/1558/2809 1122/1559/2810 1124/1560/2811 1125/1561/2812
s 354
f 980/1365/2813 925/1360/2486 1050/1359/2485 1051/1366/2814
s 412
f 1124/1560/2811 1122/1559/2810 1126/1562/2815 1127/1563/2816
s 355
f 984/1369/2817 926/1364/2490 1052/1363/2489 1053/1370/2818
s 412
f 1126/1562/2815 1122/1559/2810 1128/1564/2819 1129/1565/2820
s 356
f 988/1373/2821 927/1368/2494 1054/1367/2493 1055/1374/2822
s 412
f 1128/1564/2819 1122/1559/2810 1130/1566/2823 1131/1567/2824
s 357
f 992/1377/2825 928/1372/2498 1056/1371/2497 1057/1378/2826
s 412
f 1130/1566/2823 1122/1559/2810 1132/1568/2827 1133/1569/2828
s 358
f 996/1381/2829 929/1376/2502 1058/1375/2501 1059/1382/2830
s 412
f 1132/1568/2827 1122/1559/2810 1134/1570/2831 1135/1571/2832
s 359
f 1000/1385/2833 930/1380/2506 1060/1379/2505 1061/1386/2834
s 412
f 1134/1570/2831 1122/1559/2810 1136/1572/2835 1137/1573/2836
s 360
f 1004/1389/2837 931/1384/2510 1062/1383/2509 1063/1390/2838
s 412
f 1136/1572/2835 1122/1559/2810 1138/1574/2839 1139/1575/2840
s 361
f 1008/1393/2841 932/1388/2514 1064/1387/2513 1065/1394/2842
s 412
f 1138/1574/2839 1122/1559/2810 1140/1576/2843 1141/1577/2844
s 362
f 1012/1397/2845 933/1392/2518 1066/1391/2517 1067/1398/2846
s 412
f 1140/1576/2843 1122/1559/2810 1142/1578/2847 1143/1579/2848
s 363
f 1016/1401/2849 934/1396/2522 1068/1395/2521 1069/1402/2850
s 412
f 1142/1578/2847 1122/1559/2810 1144/1580/2851 1145/1581/2852
s 364
f 1020/1405/2853 935/1400/2526 1070/1399/2525 1071/1406/2854
s 412
f 1144/1580/2851 1122/1559/2810 1146/1582/2855 1147/1583/2856
s 365
f 1024/1409/2857 936/1404/2530 1072/1403/2529 1073/1410/2858
s 411
f 1156/1584/2859 1148/1551/2796 1157/1585/2860 1158/1586/2861
s 366
f 1028/1413/2862 937/1408/2534 1074/1407/2533 1075/1414/2863
s 411
f 1157/1585/2860 1148/1551/2796 1159/1587/2864 1160/1588/2865
s 367
f 1032/1417/2866 938/1412/2538 1076/1411/2537 1077/1418/2867
s 411
f 1159/1587/2864 1148/1551/2796 1161/1589/2868 1162/1590/2869
s 368
f 1036/1421/2870 939/1416/2542 1078/1415/2541 1079/1422/2871
s 411
f 1161/1589/2868 1148/1551/2796 1163/1591/2872 1164/1592/2873
s 369
f 1040/1425/2874 940/1420/2546 1080/1419/2545 1081/1426/2875
s 411
f 1163/1591/2872 1148/1551/2796 1149/1550/2795 1165/1593/2876
s 372
f 965/1429/2877 942/1432/2558 1083/1431/2557 1082/1430/2878
s 414
f 1083/1431/2879 961/1594/2880 1084/1427/2881 1082/1430/2882
s 373
f 970/1433/2883 943/1436/2562 1086/1435/2561 1085/1434/2884
s 414
f 1086/1435/2885 961/1594/2880 1083/1431/2879 1085/1434/2886
s 374
f 974/1437/2887 944/1440/2566 1088/1439/2565 1087/1438/2888
s 414
f 1088/1439/2889 961/1594/2880 1086/1435/2885 1087/1438/2890
s 375
f 978/1441/2891 945/1444/2570 1090/1443/2569 1089/1442/2892
s 414
f 1090/1443/2893 961/1594/2880 1088/1439/2889 1089/1442/2894
s 376
f 982/1445/2895 946/1448/2574 1092/1447/2573 1091/1446/2896
s 414
f 1092/1447/2897 961/1594/2880 1090/1443/2893 1091/1446/2898
s 377
f 986/1449/2899 947/1452/2578 1094/1451/2577 1093/1450/2900
s 414
f 1094/1451/2901 961/1594/2880 1092/1447/2897 1093/1450/2902
s 378
f 990/1453/2903 948/1456/2582 1096/1455/2581 1095/1454/2904
s 414
f 1096/1455/2905 961/1594/2880 1094/1451/2901 1095/1454/2906
s 379
f 994/1457/2907 949/1460/2586 1098/1459/2585 1097/1458/2908
s 414
f 1098/1459/2909 961/1594/2880 1096/1455/2905 1097/1458/2910
s 380
f 998/1461/2911 950/1464/2590 1100/1463/2589 1099/1462/2912
s 414
f 1100/1463/2913 961/1594/2880 1098/1459/2909 1099/1462/2914
s 381
f 1002/1465/2915 951/1468/2594 1102/1467/2593 1101/1466/2916
s 414
f 1102/1467/2917 961/1594/2880 1100/1463/2913 1101/1466/2918
s 382
f 1006/1469/2919 952/1472/2598 1104/1471/2597 1103/1470/2920
s 414
f 1104/1471/2921 961/1594/2880 1102/1467/2917 1103/1470/2922
s 383
f 1010/1473/2923 953/1476/2602 1106/1475/2601 1105/1474/2924
s 414
f 1106/1475/2925 961/1594/2880 1104/1471/2921 1105/1474/2926
s 384
f 1014/1477/2927 954/1480/2606 1108/1479/2605 1107/1478/2928
s 414
f 1108/1479/2929 961/1594/2880 1106/1475/2925 1107/1478/2930
s 385
f 1018/1481/2931 955/1484/2610 1110/1483/2609 1109/1482/2932
s 414
f 1110/1483/2933 961/1594/2880 1108/1479/2929 1109/1482/2934
s 386
f 1022/1485/2935 956/1488/2614 1112/1487/2613 1111/1486/2936
s 414
f 1112/1487/2937 961/1594/2880 1110/1483/2933 1111/1486/2938
s 387
f 1026/1489/2939 957/1492/2618 1114/1491/2617 1113/1490/2940
s 414
f 1114/1491/2941 961/1594/2880 1112/1487/2937 1113/1490/2942
s 388
f 1030/1493/2943 958/1496/2622 1116/1495/2621 1115/1494/2944
s 414
f 1116/1495/2945 961/1594/2880 1114/1491/2941 1115/1494/2946
s 389
f 1034/1497/2947 959/1500/2626 1118/1499/2625 1117/1498/2948
s 414
f 1118/1499/2949 961/1594/2880 1116/1495/2945 1117/1498/2950
s 390
f 1038/1501/2951 960/1504/2630 1120/1503/2629 1119/1502/2952
s 414
f 1120/1503/2953 961/1594/2880 1118/1499/2949 1119/1502/2954
s 371
f 1041/1505/2955 941/1428/2554 1084/1427/2553 1121/1506/2956
s 414
f 1084/1427/2881 961/1594/2880 1120/1503/2953 1121/1506/2957
s off
f 1166/1595/2958 1167/1596/2959 1151/1553/2960 1150/1552/2961
f 1167/1596/2962 1168/1597/2963 1149/1550/2964 1151/1553/2965
f 1169/1598/2966 1170/1599/2967 1153/1555/2968 1152/1554/2969
f 1170/1599/2970 1166/1595/2971 1150/1552/2972 1153/1555/2973
s 415
f 1171/1600/2974 1172/1601/2975 1155/1557/2976 1154/1556/2977
s off
f 1172/1601/2978 1169/1598/2979 1152/1554/2980 1155/1557/2981
f 1050/1359/2982 1049/1362/2983 1125/1561/2984 1124/1560/2985
f 1049/1362/2986 1048/1355/2987 1123/1558/2988 1125/1561/2989
f 1052/1363/2990 1051/1366/2991 1127/1563/2992 1126/1562/2993
f 1051/1366/2994 1050/1359/2995 1124/1560/2996 1127/1563/2997
f 1054/1367/2998 1053/1370/2999 1129/1565/3000 1128/1564/3001
f 1053/1370/3002 1052/1363/3003 1126/1562/3004 1129/1565/3005
f 1056/1371/3006 1055/1374/3007 1131/1567/3008 1130/1566/3009
f 1055/1374/3010 1054/1367/3011 1128/1564/3012 1131/1567/3013
f 1058/1375/3014 1057/1378/3015 1133/1569/3016 1132/1568/3017
f 1057/1378/3018 1056/1371/3019 1130/1566/3020 1133/1569/3021
f 1060/1379/3022 1059/1382/3023 1135/1571/3024 1134/1570/3025
f 1059/1382/3026 1058/1375/3027 1132/1568/3028 1135/1571/3029
f 1062/1383/3030 1061/1386/3031 1137/1573/3032 1136/1572/3033
f 1061/1386/3034 1060/1379/3035 1134/1570/3036 1137/1573/3037
f 1064/1387/3038 1063/1390/3039 1139/1575/3040 1138/1574/3041
f 1063/1390/3042 1062/1383/3043 1136/1572/3044 1139/1575/3045
f 1066/1391/3046 1065/1394/3047 1141/1577/3048 1140/1576/3049
f 1065/1394/3050 1064/1387/3051 1138/1574/3052 1141/1577/3053
f 1068/1395/3054 1067/1398/3055 1143/1579/3056 1142/1578/3057
f 1067/1398/3058 1066/1391/3059 1140/1576/3060 1143/1579/3061
f 1070/1399/3062 1069/1402/3063 1145/1581/3064 1144/1580/3065
f 1069/1402/3066 1068/1395/3067 1142/1578/3068 1145/1581/3069
f 1072/1403/3070 1071/1406/3071 1147/1583/3072 1146/1582/3073
f 1071/1406/3074 1070/1399/3075 1144/1580/3076 1147/1583/3077
f 1173/1602/3078 1174/1603/3079 1158/1586/3080 1157/1585/3081
s 416
f 1174/1603/3082 1175/1604/3083 1156/1584/3084 1158/1586/3085
s off
f 1176/1605/3086 1177/1606/3087 1160/1588/3088 1159/1587/3089
f 1177/1606/3090 1173/1602/3091 1157/1585/3092 1160/1588/3093
f 1178/1607/3094 1179/1608/3095 1162/1590/3096 1161/1589/3097
f 1179/1608/3098 1176/1605/3099 1159/1587/3100 1162/1590/3101
f 1180/1609/3102 1181/1610/3103 1164/1592/3104 1163/1591/3105
f 1181/1610/3106 1178/1607/3107 1161/1589/3108 1164/1592/3109
f 1168/1597/3110 1182/1611/3111 1165/1593/3112 1149/1550/3113
f 1182/1611/3114 1180/1609/3115 1163/1591/3116 1165/1593/3117
s 412
f 1122/1559/2810 1123/1558/2809 1154/1556/3118 1148/1551/3119
f 1146/1582/2855 1122/1559/2810 1148/1551/3120 1156/1584/3121
s off
f 1044/1347/3122 1042/1350/3123 1167/1596/3124 1166/1595/3125
f 1042/1350/3126 1043/1423/3127 1168/1597/3128 1167/1596/3129
f 1046/1351/3130 1045/1354/3131 1170/1599/3132 1169/1598/3133
f 1045/1354/3134 1044/1347/3135 1166/1595/3136 1170/1599/3137
f 1048/1355/3138 1047/1358/3139 1172/1601/3140 1171/1600/3141
s 415
f 1123/1558/3142 1048/1355/3143 1171/1600/2974 1154/1556/2977
s off
f 1047/1358/3144 1046/1351/3145 1169/1598/3146 1172/1601/3147
f 1074/1407/3148 1073/1410/3149 1174/1603/3150 1173/1602/3151
f 1073/1410/3152 1072/1403/3153 1175/1604/3154 1174/1603/3155
s 416
f 1072/1403/3156 1146/1582/3157 1156/1584/3084 1175/1604/3083
s off
f 1076/1411/3158 1075/1414/3159 1177/1606/3160 1176/1605/3161
f 1075/1414/3162 1074/1407/3163 1173/1602/3164 1177/1606/3165
f 1078/1415/3166 1077/1418/3167 1179/1608/3168 1178/1607/3169
f 1077/1418/3170 1076/1411/3171 1176/1605/3172 1179/1608/3173
f 1080/1419/3174 1079/1422/3175 1181/1610/3176 1180/1609/3177
f 1079/1422/3178 1078/1415/3179 1178/1607/3180 1181/1610/3181
f 1043/1423/3182 1081/1426/3183 1182/1611/3184 1168/1597/3185
f 1081/1426/3186 1080/1419/3187 1180/1609/3188 1182/1611/3189
s 417
f 1183/1612/3190 1184/1613/3191 1186/1614/3192 1185/1615/3193
s off
f 1185/1615/3194 1186/1614/3195 1188/1616/3196 1187/1617/3197
s 418
f 1187/1617/3198 1188/1616/3199 1190/1618/3200 1189/1619/3201
s off
f 1191/1620/3202 1192/1621/3203 1193/1622/3204 1194/1623/3205
f 1184/1613/3206 1190/1624/3207 1188/1625/3208 1186/1614/3209
f 1189/1626/3210 1183/1612/3211 1185/1615/3212 1187/1627/3213
s 418
f 1189/1619/3201 1190/1618/3200 1192/1621/3214 1191/1620/3215
s off
f 1190/1618/3216 1184/1628/3217 1193/1622/3218 1192/1621/3219
s 417
f 1184/1628/3191 1183/1629/3190 1194/1623/3220 1193/1622/3221
s off
f 1183/1629/3222 1189/1619/3223 1191/1620/3224 1194/1623/3225
s 419
f 1195/1630/3226 1196/1631/3227 1198/1632/3228 1197/1633/3229
s off
f 1197/1633/3230 1198/1632/3231 1200/1634/3232 1199/1635/3233
s 420
f 1199/1635/3234 1200/1634/3235 1202/1636/3236 1201/1637/3237
s off
f 1203/1638/3238 1204/1639/3239 1205/1640/3240 1206/1641/3241
f 1196/1631/3242 1202/1642/3243 1200/1643/3244 1198/1632/3245
f 1201/1644/3246 1195/1630/3247 1197/1633/3248 1199/1645/3249
s 420
f 1201/1637/3237 1202/1636/3236 1204/1639/3250 1203/1638/3251
s off
f 1202/1636/3252 1196/1646/3253 1205/1640/3254 1204/1639/3255
s 419
f 1196/1646/3227 1195/1647/3226 1206/1641/3256 1205/1640/3257
s off
f 1195/1647/3258 1201/1637/3259 1203/1638/3260 1206/1641/3261
s 421
f 1207/1648/3262 1208/1649/3263 1210/1650/3264 1209/1651/3265
s off
f 1209/1651/3266 1210/1650/3267 1212/1652/3268 1211/1653/3269
s 422
f 1211/1653/3270 1212/1652/3271 1214/1654/3272 1213/1655/3273
s off
f 1215/1656/3274 1216/1657/3275 1217/1658/3276 1218/1659/3277
f 1208/1649/3278 1214/1660/3279 1212/1661/3280 1210/1650/3281
f 1213/1662/3282 1207/1648/3283 1209/1651/3284 1211/1663/3285
s 422
f 1213/1655/3273 1214/1654/3272 1216/1657/3286 1215/1656/3287
s off
f 1214/1654/3288 1208/1664/3289 1217/1658/3290 1216/1657/3291
s 421
f 1208/1664/3263 1207/1665/3262 1218/1659/3292 1217/1658/3293
s off
f 1207/1665/3294 1213/1655/3295 1215/1656/3296 1218/1659/3297
s 423
f 1219/1666/3298 1220/1667/3299 1222/1668/3300 1221/1669/3301
s off
f 1221/1669/3302 1222/1668/3303 1224/1670/3304 1223/1671/3305
s 424
f 1223/1671/3306 1224/1670/3307 1226/1672/3308 1225/1673/3309
s off
f 1227/1674/3310 1228/1675/3311 1229/1676/3312 1230/1677/3313
f 1220/1667/3314 1226/1678/3315 1224/1679/3316 1222/1668/3317
f 1225/1680/3318 1219/1666/3319 1221/1669/3320 1223/1681/3321
s 424
f 1225/1673/3309 1226/1672/3308 1228/1675/3322 1227/1674/3323
s off
f 1226/1672/3324 1220/1682/3325 1229/1676/3326 1228/1675/3327
s 423
f 1220/1682/3299 1219/1683/3298 1230/1677/3328 1229/1676/3329
s off
f 1219/1683/3330 1225/1673/3331 1227/1674/3332 1230/1677/3333
s 425
f 1231/1684/3334 1232/1685/3335 1234/1686/3336 1233/1687/3337
s off
f 1233/1687/3338 1234/1686/3339 1236/1688/3340 1235/1689/3341
s 426
f 1235/1689/3342 1236/1688/3343 1238/1690/3344 1237/1691/3345
s off
f 1239/1692/3346 1240/1693/3347 1241/1694/3348 1242/1695/3349
f 1232/1685/3350 1238/1696/3351 1236/1697/3352 1234/1686/3353
f 1237/1698/3354 1231/1684/3355 1233/1687/3356 1235/1699/3357
s 426
f 1237/1691/3345 1238/1690/3344 1240/1693/3358 1239/1692/3359
s off
f 1238/1690/3360 1232/1700/3361 1241/1694/3362 1240/1693/3363
s 425
f 1232/1700/3335 1231/1701/3334 1242/1695/3364 1241/1694/3365
s off
f 1231/1701/3366 1237/1691/3367 1239/1692/3368 1242/1695/3369
s 427
f 1243/1702/3370 1244/1703/3371 1246/1704/3372 1245/1705/3373
s off
f 1245/1705/3374 1246/1704/3375 1248/1706/3376 1247/1707/3377
s 428
f 1247/1707/3378 1248/1706/3379 1250/1708/3380 1249/1709/3381
s off
f 1251/1710/3382 1252/1711/3383 1253/1712/3384 1254/1713/3385
f 1244/1703/3386 1250/1714/3387 1248/1715/3388 1246/1704/3389
f 1249/1716/3390 1243/1702/3391 1245/1705/3392 1247/1717/3393
s 428
f 1249/1709/3381 1250/1708/3380 1252/1711/3394 1251/1710/3395
s off
f 1250/1708/3396 1244/1718/3397 1253/1712/3398 1252/1711/3399
s 427
f 1244/1718/3371 1243/1719/3370 1254/1713/3400 1253/1712/3401
s off
f 1243/1719/3402 1249/1709/3403 1251/1710/3404 1254/1713/3405
s 429
f 1255/1720/3406 1256/1721/3407 1258/1722/3408 1257/1723/3409
s off
f 1257/1723/3410 1258/1722/3411 1260/1724/3412 1259/1725/3413
s 430
f 1259/1725/3414 1260/1724/3415 1262/1726/3416 1261/1727/3417
s off
f 1263/1728/3418 1264/1729/3419 1265/1730/3420 1266/1731/3421
f 1256/1721/3422 1262/1732/3423 1260/1733/3424 1258/1722/3425
f 1261/1734/3426 1255/1720/3427 1257/1723/3428 1259/1735/3429
s 430
f 1261/1727/3417 1262/1726/3416 1264/1729/3430 1263/1728/3431
s off
f 1262/1726/3432 1256/1736/3433 1265/1730/3434 1264/1729/3435
s 429
f 1256/1736/3407 1255/1737/3406 1266/1731/3436 1265/1730/3437
s off
f 1255/1737/3438 1261/1727/3439 1263/1728/3440 1266/1731/3441
s 431
f 1267/1738/3442 1268/1739/3443 1270/1740/3444 1269/1741/3445
s off
f 1269/1741/3446 1270/1740/3447 1272/1742/3448 1271/1743/3449
s 432
f 1271/1743/3450 1272/1742/3451 1274/1744/3452 1273/1745/3453
s off
f 1275/1746/3454 1276/1747/3455 1277/1748/3456 1278/1749/3457
f 1268/1739/3458 1274/1750/3459 1272/1751/3460 1270/1740/3461
f 1273/1752/3462 1267/1738/3463 1269/1741/3464 1271/1753/3465
s 432
f 1273/1745/3453 1274/1744/3452 1276/1747/3466 1275/1746/3467
s off
f 1274/1744/3468 1268/1754/3469 1277/1748/3470 1276/1747/3471
s 431
f 1268/1754/3443 1267/1755/3442 1278/1749/3472 1277/1748/3473
s off
f 1267/1755/3474 1273/1745/3475 1275/1746/3476 1278/1749/3477
s 433
f 1279/1756/3478 1280/1757/3479 1282/1758/3480 1281/1759/3481
s off
f 1281/1759/3482 1282/1758/3483 1284/1760/3484 1283/1761/3485
s 434
f 1283/1761/3486 1284/1760/3487 1286/1762/3488 1285/1763/3489
s off
f 1287/1764/3490 1288/1765/3491 1289/1766/3492 1290/1767/3493
f 1280/1757/3494 1286/1768/3495 1284/1769/3496 1282/1758/3497
f 1285/1770/3498 1279/1756/3499 1281/1759/3500 1283/1771/3501
s 434
f 1285/1763/3489 1286/1762/3488 1288/1765/3502 1287/1764/3503
s off
f 1286/1762/3504 1280/1772/3505 1289/1766/3506 1288/1765/3507
s 433
f 1280/1772/3479 1279/1773/3478 1290/1767/3508 1289/1766/3509
s off
f 1279/1773/3510 1285/1763/3511 1287/1764/3512 1290/1767/3513
s 435
f 1291/1774/3514 1292/1775/3515 1294/1776/3516 1293/1777/3517
s off
f 1293/1777/3518 1294/1776/3519 1296/1778/3520 1295/1779/3521
s 436
f 1295/1779/3522 1296/1778/3523 1298/1780/3524 1297/1781/3525
s off
f 1299/1782/3526 1300/1783/3527 1301/1784/3528 1302/1785/3529
f 1292/1775/3530 1298/1786/3531 1296/1787/3532 1294/1776/3533
f 1297/1788/3534 1291/1774/3535 1293/1777/3536 1295/1789/3537
s 436
f 1297/1781/3525 1298/1780/3524 1300/1783/3538 1299/1782/3539
s off
f 1298/1780/3540 1292/1790/3541 1301/1784/3542 1300/1783/3543
s 435
f 1292/1790/3515 1291/1791/3514 1302/1785/3544 1301/1784/3545
s off
f 1291/1791/3546 1297/1781/3547 1299/1782/3548 1302/1785/3549
s 437
f 1303/1792/3550 1304/1793/3551 1306/1794/3552 1305/1795/3553
s off
f 1305/1795/3554 1306/1794/3555 1308/1796/3556 1307/1797/3557
s 438
f 1307/1797/3558 1308/1796/3559 1310/1798/3560 1309/1799/3561
s off
f 1311/1800/3562 1312/1801/3563 1313/1802/3564 1314/1803/3565
f 1304/1793/3566 1310/1804/3567 1308/1805/3568 1306/1794/3569
f 1309/1806/3570 1303/1792/3571 1305/1795/3572 1307/1807/3573
s 438
f 1309/1799/3561 1310/1798/3560 1312/1801/3574 1311/1800/3575
s off
f 1310/1798/3576 1304/1808/3577 1313/1802/3578 1312/1801/3579
s 437
f 1304/1808/3551 1303/1809/3550 1314/1803/3580 1313/1802/3581
s off
f 1303/1809/3582 1309/1799/3583 1311/1800/3584 1314/1803/3585
s 439
f 1315/1810/3586 1316/1811/3587 1318/1812/3588 1317/1813/3589
s off
f 1317/1813/3590 1318/1812/3591 1320/1814/3592 1319/1815/3593
s 440
f 1319/1815/3594 1320/1814/3595 1322/1816/3596 1321/1817/3597
s off
f 1323/1818/3598 1324/1819/3599 1325/1820/3600 1326/1821/3601
f 1316/1811/3602 1322/1822/3603 1320/1823/3604 1318/1812/3605
f 1321/1824/3606 1315/1810/3607 1317/1813/3608 1319/1825/3609
s 440
f 1321/1817/3597 1322/1816/3596 1324/1819/3610 1323/1818/3611
s off
f 1322/1816/3612 1316/1826/3613 1325/1820/3614 1324/1819/3615
s 439
f 1316/1826/3587 1315/1827/3586 1326/1821/3616 1325/1820/3617
s off
f 1315/1827/3618 1321/1817/3619 1323/1818/3620 1326/1821/3621
s 441
f 1327/1828/3622 1328/1829/3623 1330/1830/3624 1329/1831/3625
s off
f 1329/1831/3626 1330/1830/3627 1332/1832/3628 1331/1833/3629
s 442
f 1331/1833/3630 1332/1832/3631 1334/1834/3632 1333/1835/3633
s off
f 1335/1836/3634 1336/1837/3635 1337/1838/3636 1338/1839/3637
f 1328/1829/3638 1334/1840/3639 1332/1841/3640 1330/1830/3641
f 1333/1842/3642 1327/1828/3643 1329/1831/3644 1331/1843/3645
s 442
f 1333/1835/3633 1334/1834/3632 1336/1837/3646 1335/1836/3647
s off
f 1334/1834/3648 1328/1844/3649 1337/1838/3650 1336/1837/3651
s 441
f 1328/1844/3623 1327/1845/3622 1338/1839/3652 1337/1838/3653
s off
f 1327/1845/3654 1333/1835/3655 1335/1836/3656 1338/1839/3657
s 443
f 1339/1846/3658 1340/1847/3659 1342/1848/3660 1341/1849/3661
s off
f 1341/1849/3662 1342/1848/3663 1344/1850/3664 1343/1851/3665
s 444
f 1343/1851/3666 1344/1850/3667 1346/1852/3668 1345/1853/3669
s off
f 1347/1854/3670 1348/1855/3671 1349/1856/3672 1350/1857/3673
f 1340/1847/3674 1346/1858/3675 1344/1859/3676 1342/1848/3677
f 1345/1860/3678 1339/1846/3679 1341/1849/3680 1343/1861/3681
s 444
f 1345/1853/3669 1346/1852/3668 1348/1855/3682 1347/1854/3683
s off
f 1346/1852/3684 1340/1862/3685 1349/1856/3686 1348/1855/3687
s 443
f 1340/1862/3659 1339/1863/3658 1350/1857/3688 1349/1856/3689
s off
f 1339/1863/3690 1345/1853/3691 1347/1854/3692 1350/1857/3693
s 445
usemtl standardSurface2SG
f 1351/1864/3694 1371/1865/3695 1372/1866/3696 1352/1867/3697
f 1352/1867/3697 1372/1866/3696 1373/1868/3698 1353/1869/3699
f 1353/1869/3699 1373/1868/3698 1374/1870/3700 1354/1871/3701
f 1354/1871/3701 1374/1870/3700 1375/1872/3702 1355/1873/3703
f 1355/1873/3703 1375/1872/3702 1376/1874/3704 1356/1875/3705
f 1356/1875/3705 1376/1874/3704 1377/1876/3706 1357/1877/3707
f 1357/1877/3707 1377/1876/3706 1378/1878/3708 1358/1879/3709
f 1358/1879/3709 1378/1878/3708 1379/1880/3710 1359/1881/3711
f 1359/1881/3711 1379/1880/3710 1380/1882/3712 1360/1883/3713
f 1360/1883/3713 1380/1882/3712 1381/1884/3714 1361/1885/3715
f 1361/1885/3715 1381/1884/3714 1382/1886/3716 1362/1887/3717
f 1362/1887/3717 1382/1886/3716 1383/1888/3718 1363/1889/3719
f 1363/1889/3719 1383/1888/3718 1384/1890/3720 1364/1891/3721
f 1364/1891/3721 1384/1890/3720 1385/1892/3722 1365/1893/3723
f 1365/1893/3723 1385/1892/3722 1386/1894/3724 1366/1895/3725
f 1366/1895/3725 1386/1894/3724 1387/1896/3726 1367/1897/3727
f 1367/1897/3727 1387/1896/3726 1388/1898/3728 1368/1899/3729
f 1368/1899/3729 1388/1898/3728 1389/1900/3730 1369/1901/3731
f 1369/1901/3731 1389/1900/3730 1390/1902/3732 1370/1903/3733
f 1370/1903/3733 1390/1902/3732 1371/1904/3695 1351/1905/3694
f 1371/1865/3695 1391/1906/3734 1392/1907/3735 1372/1866/3696
f 1372/1866/3696 1392/1907/3735 1393/1908/3736 1373/1868/3698
f 1373/1868/3698 1393/1908/3736 1394/1909/3737 1374/1870/3700
f 1374/1870/3700 1394/1909/3737 1395/1910/3738 1375/1872/3702
f 1375/1872/3702 1395/1910/3738 1396/1911/3739 1376/1874/3704
f 1376/1874/3704 1396/1911/3739 1397/1912/3740 1377/1876/3706
f 1377/1876/3706 1397/1912/3740 1398/1913/3741 1378/1878/3708
f 1378/1878/3708 1398/1913/3741 1399/1914/3742 1379/1880/3710
f 1379/1880/3710 1399/1914/3742 1400/1915/3743 1380/1882/3712
f 1380/1882/3712 1400/1915/3743 1401/1916/3744 1381/1884/3714
f 1381/1884/3714 1401/1916/3744 1402/1917/3745 1382/1886/3716
f 1382/1886/3716 1402/1917/3745 1403/1918/3746 1383/1888/3718
f 1383/1888/3718 1403/1918/3746 1404/1919/3747 1384/1890/3720
f 1384/1890/3720 1404/1919/3747 1405/1920/3748 1385/1892/3722
f 1385/1892/3722 1405/1920/3748 1406/1921/3749 1386/1894/3724
f 1386/1894/3724 1406/1921/3749 1407/1922/3750 1387/1896/3726
f 1387/1896/3726 1407/1922/3750 1408/1923/3751 1388/1898/3728
f 1388/1898/3728 1408/1923/3751 1409/1924/3752 1389/1900/3730
f 1389/1900/3730 1409/1924/3752 1410/1925/3753 1390/1902/3732
f 1390/1902/3732 1410/1925/3753 1391/1926/3734 1371/1904/3695
f 1391/1906/3734 1411/1927/3754 1412/1928/3755 1392/1907/3735
f 1392/1907/3735 1412/1928/3755 1413/1929/3756 1393/1908/3736
f 1393/1908/3736 1413/1929/3756 1414/1930/3757 1394/1909/3737
f 1394/1909/3737 1414/1930/3757 1415/1931/3758 1395/1910/3738
f 1395/1910/3738 1415/1931/3758 1416/1932/3759 1396/1911/3739
f 1396/1911/3739 1416/1932/3759 1417/1933/3760 1397/1912/3740
f 1397/1912/3740 1417/1933/3760 1418/1934/3761 1398/1913/3741
f 1398/1913/3741 1418/1934/3761 1419/1935/3762 1399/1914/3742
f 1399/1914/3742 1419/1935/3762 1420/1936/3763 1400/1915/3743
f 1400/1915/3743 1420/1936/3763 1421/1937/3764 1401/1916/3744
f 1401/1916/3744 1421/1937/3764 1422/1938/3765 1402/1917/3745
f 1402/1917/3745 1422/1938/3765 1423/1939/3766 1403/1918/3746
f 1403/1918/3746 1423/1939/3766 1424/1940/3767 1404/1919/3747
f 1404/1919/3747 1424/1940/3767 1425/1941/3768 1405/1920/3748
f 1405/1920/3748 1425/1941/3768 1426/1942/3769 1406/1921/3749
f 1406/1921/3749 1426/1942/3769 1427/1943/3770 1407/1922/3750
f 1407/1922/3750 1427/1943/3770 1428/1944/3771 1408/1923/3751
f 1408/1923/3751 1428/1944/3771 1429/1945/3772 1409/1924/3752
f 1409/1924/3752 1429/1945/3772 1430/1946/3773 1410/1925/3753
f 1410/1925/3753 1430/1946/3773 1411/1947/3754 1391/1926/3734
f 1411/1927/3754 1431/1948/3774 1432/1949/3775 1412/1928/3755
f 1412/1928/3755 1432/1949/3775 1433/1950/3776 1413/1929/3756
f 1413/1929/3756 1433/1950/3776 1434/1951/3777 1414/1930/3757
f 1414/1930/3757 1434/1951/3777 1435/1952/3778 1415/1931/3758
f 1415/1931/3758 1435/1952/3778 1436/1953/3779 1416/1932/3759
f 1416/1932/3759 1436/1953/3779 1437/1954/3780 1417/1933/3760
f 1417/1933/3760 1437/1954/3780 1438/1955/3781 1418/1934/3761
f 1418/1934/3761 1438/1955/3781 1439/1956/3782 1419/1935/3762
f 1419/1935/3762 1439/1956/3782 1440/1957/3783 1420/1936/3763
f 1420/1936/3763 1440/1957/3783 1441/1958/3784 1421/1937/3764
f 1421/1937/3764 1441/1958/3784 1442/1959/3785 1422/1938/3765
f 1422/1938/3765 1442/1959/3785 1443/1960/3786 1423/1939/3766
f 1423/1939/3766 1443/1960/3786 1444/1961/3787 1424/1940/3767
f 1424/1940/3767 1444/1961/3787 1445/1962/3788 1425/1941/3768
f 1425/1941/3768 1445/1962/3788 1446/1963/3789 1426/1942/3769
f 1426/1942/3769 1446/1963/3789 1447/1964/3790 1427/1943/3770
f 1427/1943/3770 1447/1964/3790 1448/1965/3791 1428/1944/3771
f 1428/1944/3771 1448/1965/3791 1449/1966/3792 1429/1945/3772
f 1429/1945/3772 1449/1966/3792 1450/1967/3793 1430/1946/3773
f 1430/1946/3773 1450/1967/3793 1431/1968/3774 1411/1947/3754
f 1431/1948/3774 1451/1969/3794 1452/1970/3795 1432/1949/3775
f 1432/1949/3775 1452/1970/3795 1453/1971/3796 1433/1950/3776
f 1433/1950/3776 1453/1971/3796 1454/1972/3797 1434/1951/3777
f 1434/1951/3777 1454/1972/3797 1455/1973/3798 1435/1952/3778
f 1435/1952/3778 1455/1973/3798 1456/1974/3799 1436/1953/3779
f 1436/1953/3779 1456/1974/3799 1457/1975/3800 1437/1954/3780
f 1437/1954/3780 1457/1975/3800 1458/1976/3801 1438/1955/3781
f 1438/1955/3781 1458/1976/3801 1459/1977/3802 1439/1956/3782
f 1439/1956/3782 1459/1977/3802 1460/1978/3803 1440/1957/3783
f 1440/1957/3783 1460/1978/3803 1461/1979/3804 1441/1958/3784
f 1441/1958/3784 1461/1979/3804 1462/1980/3805 1442/1959/3785
f 1442/1959/3785 1462/1980/3805 1463/1981/3806 1443/1960/3786
f 1443/1960/3786 1463/1981/3806 1464/1982/3807 1444/1961/3787
f 1444/1961/3787 1464/1982/3807 1465/1983/3808 1445/1962/3788
f 1445/1962/3788 1465/1983/3808 1466/1984/3809 1446/1963/3789
f 1446/1963/3789 1466/1984/3809 1467/1985/3810 1447/1964/3790
f 1447/1964/3790 1467/1985/3810 1468/1986/3811 1448/1965/3791
f 1448/1965/3791 1468/1986/3811 1469/1987/3812 1449/1966/3792
f 1449/1966/3792 1469/1987/3812 1470/1988/3813 1450/1967/3793
f 1450/1967/3793 1470/1988/3813 1451/1989/3794 1431/1968/3774
f 1451/1969/3794 1471/1990/3814 1472/1991/3815 1452/1970/3795
f 1452/1970/3795 1472/1991/3815 1473/1992/3816 1453/1971/3796
f 1453/1971/3796 1473/1992/3816 1474/1993/3817 1454/1972/3797
f 1454/1972/3797 1474/1993/3817 1475/1994/3818 1455/1973/3798
f 1455/1973/3798 1475/1994/3818 1476/1995/3819 1456/1974/3799
f 1456/1974/3799 1476/1995/3819 1477/1996/3820 1457/1975/3800
f 1457/1975/3800 1477/1996/3820 1478/1997/3821 1458/1976/3801
f 1458/1976/3801 1478/1997/3821 1479/1998/3822 1459/1977/3802
f 1459/1977/3802 1479/1998/3822 1480/1999/3823 1460/1978/3803
f 1460/1978/3803 1480/1999/3823 1481/2000/3824 1461/1979/3804
f 1461/1979/3804 1481/2000/3824 1482/2001/3825 1462/1980/3805
f 1462/1980/3805 1482/2001/3825 1483/2002/3826 1463/1981/3806
f 1463/1981/3806 1483/2002/3826 1484/2003/3827 1464/1982/3807
f 1464/1982/3807 1484/2003/3827 1485/2004/3828 1465/1983/3808
f 1465/1983/3808 1485/2004/3828 1486/2005/3829 1466/1984/3809
f 1466/1984/3809 1486/2005/3829 1487/2006/3830 1467/1985/3810
f 1467/1985/3810 1487/2006/3830 1488/2007/3831 1468/1986/3811
f 1468/1986/3811 1488/2007/3831 1489/2008/3832 1469/1987/3812
f 1469/1987/3812 1489/2008/3832 1490/2009/3833 1470/1988/3813
f 1470/1988/3813 1490/2009/3833 1471/2010/3814 1451/1989/3794
f 1471/1990/3814 1491/2011/3834 1492/2012/3835 1472/1991/3815
f 1472/1991/3815 1492/2012/3835 1493/2013/3836 1473/1992/3816
f 1473/1992/3816 1493/2013/3836 1494/2014/3837 1474/1993/3817
f 1474/1993/3817 1494/2014/3837 1495/2015/3838 1475/1994/3818
f 1475/1994/3818 1495/2015/3838 1496/2016/3839 1476/1995/3819
f 1476/1995/3819 1496/2016/3839 1497/2017/3840 1477/1996/3820
f 1477/1996/3820 1497/2017/3840 1498/2018/3841 1478/1997/3821
f 1478/1997/3821 1498/2018/3841 1499/2019/3842 1479/1998/3822
f 1479/1998/3822 1499/2019/3842 1500/2020/3843 1480/1999/3823
f 1480/1999/3823 1500/2020/3843 1501/2021/3844 1481/2000/3824
f 1481/2000/3824 1501/2021/3844 1502/2022/3845 1482/2001/3825
f 1482/2001/3825 1502/2022/3845 1503/2023/3846 1483/2002/3826
f 1483/2002/3826 1503/2023/3846 1504/2024/3847 1484/2003/3827
f 1484/2003/3827 1504/2024/3847 1505/2025/3848 1485/2004/3828
f 1485/2004/3828 1505/2025/3848 1506/2026/3849 1486/2005/3829
f 1486/2005/3829 1506/2026/3849 1507/2027/3850 1487/2006/3830
f 1487/2006/3830 1507/2027/3850 1508/2028/3851 1488/2007/3831
f 1488/2007/3831 1508/2028/3851 1509/2029/3852 1489/2008/3832
f 1489/2008/3832 1509/2029/3852 1510/2030/3853 1490/2009/3833
f 1490/2009/3833 1510/2030/3853 1491/2031/3834 1471/2010/3814
f 1491/2011/3834 1511/2032/3854 1512/2033/3855 1492/2012/3835
f 1492/2012/3835 1512/2033/3855 1513/2034/3856 1493/2013/3836
f 1493/2013/3836 1513/2034/3856 1514/2035/3857 1494/2014/3837
f 1494/2014/3837 1514/2035/3857 1515/2036/3858 1495/2015/3838
f 1495/2015/3838 1515/2036/3858 1516/2037/3859 1496/2016/3839
f 1496/2016/3839 1516/2037/3859 1517/2038/3860 1497/2017/3840
f 1497/2017/3840 1517/2038/3860 1518/2039/3861 1498/2018/3841
f 1498/2018/3841 1518/2039/3861 1519/2040/3862 1499/2019/3842
f 1499/2019/3842 1519/2040/3862 1520/2041/3863 1500/2020/3843
f 1500/2020/3843 1520/2041/3863 1521/2042/3864 1501/2021/3844
f 1501/2021/3844 1521/2042/3864 1522/2043/3865 1502/2022/3845
f 1502/2022/3845 1522/2043/3865 1523/2044/3866 1503/2023/3846
f 1503/2023/3846 1523/2044/3866 1524/2045/3867 1504/2024/3847
f 1504/2024/3847 1524/2045/3867 1525/2046/3868 1505/2025/3848
f 1505/2025/3848 1525/2046/3868 1526/2047/3869 1506/2026/3849
f 1506/2026/3849 1526/2047/3869 1527/2048/3870 1507/2027/3850
f 1507/2027/3850 1527/2048/3870 1528/2049/3871 1508/2028/3851
f 1508/2028/3851 1528/2049/3871 1529/2050/3872 1509/2029/3852
f 1509/2029/3852 1529/2050/3872 1530/2051/3873 1510/2030/3853
f 1510/2030/3853 1530/2051/3873 1511/2052/3854 1491/2031/3834
f 1511/2032/3854 1531/2053/3874 1532/2054/3875 1512/2033/3855
f 1512/2033/3855 1532/2054/3875 1533/2055/3876 1513/2034/3856
f 1513/2034/3856 1533/2055/3876 1534/2056/3877 1514/2035/3857
f 1514/2035/3857 1534/2056/3877 1535/2057/3878 1515/2036/3858
f 1515/2036/3858 1535/2057/3878 1536/2058/3879 1516/2037/3859
f 1516/2037/3859 1536/2058/3879 1537/2059/3880 1517/2038/3860
f 1517/2038/3860 1537/2059/3880 1538/2060/3881 1518/2039/3861
f 1518/2039/3861 1538/2060/3881 1539/2061/3882 1519/2040/3862
f 1519/2040/3862 1539/2061/3882 1540/2062/3883 1520/2041/3863
f 1520/2041/3863 1540/2062/3883 1541/2063/3884 1521/2042/3864
f 1521/2042/3864 1541/2063/3884 1542/2064/3885 1522/2043/3865
f 1522/2043/3865 1542/2064/3885 1543/2065/3886 1523/2044/3866
f 1523/2044/3866 1543/2065/3886 1544/2066/3887 1524/2045/3867
f 1524/2045/3867 1544/2066/3887 1545/2067/3888 1525/2046/3868
f 1525/2046/3868 1545/2067/3888 1546/2068/3889 1526/2047/3869
f 1526/2047/3869 1546/2068/3889 1547/2069/3890 1527/2048/3870
f 1527/2048/3870 1547/2069/3890 1548/2070/3891 1528/2049/3871
f 1528/2049/3871 1548/2070/3891 1549/2071/3892 1529/2050/3872
f 1529/2050/3872 1549/2071/3892 1550/2072/3893 1530/2051/3873
f 1530/2051/3873 1550/2072/3893 1531/2073/3874 1511/2052/3854
f 1531/2053/3874 1551/2074/3894 1552/2075/3895 1532/2054/3875
f 1532/2054/3875 1552/2075/3895 1553/2076/3896 1533/2055/3876
f 1533/2055/3876 1553/2076/3896 1554/2077/3897 1534/2056/3877
f 1534/2056/3877 1554/2077/3897 1555/2078/3898 1535/2057/3878
f 1535/2057/3878 1555/2078/3898 1556/2079/3899 1536/2058/3879
f 1536/2058/3879 1556/2079/3899 1557/2080/3900 1537/2059/3880
f 1537/2059/3880 1557/2080/3900 1558/2081/3901 1538/2060/3881
f 1538/2060/3881 1558/2081/3901 1559/2082/3902 1539/2061/3882
f 1539/2061/3882 1559/2082/3902 1560/2083/3903 1540/2062/3883
f 1540/2062/3883 1560/2083/3903 1561/2084/3904 1541/2063/3884
f 1541/2063/3884 1561/2084/3904 1562/2085/3905 1542/2064/3885
f 1542/2064/3885 1562/2085/3905 1563/2086/3906 1543/2065/3886
f 1543/2065/3886 1563/2086/3906 1564/2087/3907 1544/2066/3887
f 1544/2066/3887 1564/2087/3907 1565/2088/3908 1545/2067/3888
f 1545/2067/3888 1565/2088/3908 1566/2089/3909 1546/2068/3889
f 1546/2068/3889 1566/2089/3909 1567/2090/3910 1547/2069/3890
f 1547/2069/3890 1567/2090/3910 1568/2091/3911 1548/2070/3891
f 1548/2070/3891 1568/2091/3911 1569/2092/3912 1549/2071/3892
f 1549/2071/3892 1569/2092/3912 1570/2093/3913 1550/2072/3893
f 1550/2072/3893 1570/2093/3913 1551/2094/3894 1531/2073/3874
f 1551/2074/3894 1571/2095/3914 1572/2096/3915 1552/2075/3895
f 1552/2075/3895 1572/2096/3915 1573/2097/3916 1553/2076/3896
f 1553/2076/3896 1573/2097/3916 1574/2098/3917 1554/2077/3897
f 1554/2077/3897 1574/2098/3917 1575/2099/3918 1555/2078/3898
f 1555/2078/3898 1575/2099/3918 1576/2100/3919 1556/2079/3899
f 1556/2079/3899 1576/2100/3919 1577/2101/3920 1557/2080/3900
f 1557/2080/3900 1577/2101/3920 1578/2102/3921 1558/2081/3901
f 1558/2081/3901 1578/2102/3921 1579/2103/3922 1559/2082/3902
f 1559/2082/3902 1579/2103/3922 1580/2104/3923 1560/2083/3903
f 1560/2083/3903 1580/2104/3923 1581/2105/3924 1561/2084/3904
f 1561/2084/3904 1581/2105/3924 1582/2106/3925 1562/2085/3905
f 1562/2085/3905 1582/2106/3925 1583/2107/3926 1563/2086/3906
f 1563/2086/3906 1583/2107/3926 1584/2108/3927 1564/2087/3907
f 1564/2087/3907 1584/2108/3927 1585/2109/3928 1565/2088/3908
f 1565/2088/3908 1585/2109/3928 1586/2110/3929 1566/2089/3909
f 1566/2089/3909 1586/2110/3929 1587/2111/3930 1567/2090/3910
f 1567/2090/3910 1587/2111/3930 1588/2112/3931 1568/2091/3911
f 1568/2091/3911 1588/2112/3931 1589/2113/3932 1569/2092/3912
f 1569/2092/3912 1589/2113/3932 1590/2114/3933 1570/2093/3913
f 1570/2093/3913 1590/2114/3933 1571/2115/3914 1551/2094/3894
f 1571/2095/3914 1591/2116/3934 1592/2117/3935 1572/2096/3915
f 1572/2096/3915 1592/2117/3935 1593/2118/3936 1573/2097/3916
f 1573/2097/3916 1593/2118/3936 1594/2119/3937 1574/2098/3917
f 1574/2098/3917 1594/2119/3937 1595/2120/3938 1575/2099/3918
f 1575/2099/3918 1595/2120/3938 1596/2121/3939 1576/2100/3919
f 1576/2100/3919 1596/2121/3939 1597/2122/3940 1577/2101/3920
f 1577/2101/3920 1597/2122/3940 1598/2123/3941 1578/2102/3921
f 1578/2102/3921 1598/2123/3941 1599/2124/3942 1579/2103/3922
f 1579/2103/3922 1599/2124/3942 1600/2125/3943 1580/2104/3923
f 1580/2104/3923 1600/2125/3943 1601/2126/3944 1581/2105/3924
f 1581/2105/3924 1601/2126/3944 1602/2127/3945 1582/2106/3925
f 1582/2106/3925 1602/2127/3945 1603/2128/3946 1583/2107/3926
f 1583/2107/3926 1603/2128/3946 1604/2129/3947 1584/2108/3927
f 1584/2108/3927 1604/2129/3947 1605/2130/3948 1585/2109/3928
f 1585/2109/3928 1605/2130/3948 1606/2131/3949 1586/2110/3929
f 1586/2110/3929 1606/2131/3949 1607/2132/3950 1587/2111/3930
f 1587/2111/3930 1607/2132/3950 1608/2133/3951 1588/2112/3931
f 1588/2112/3931 1608/2133/3951 1609/2134/3952 1589/2113/3932
f 1589/2113/3932 1609/2134/3952 1610/2135/3953 1590/2114/3933
f 1590/2114/3933 1610/2135/3953 1591/2136/3934 1571/2115/3914
f 1591/2116/3934 1611/2137/3954 1612/2138/3955 1592/2117/3935
f 1592/2117/3935 1612/2138/3955 1613/2139/3956 1593/2118/3936
f 1593/2118/3936 1613/2139/3956 1614/2140/3957 1594/2119/3937
f 1594/2119/3937 1614/2140/3957 1615/2141/3958 1595/2120/3938
f 1595/2120/3938 1615/2141/3958 1616/2142/3959 1596/2121/3939
f 1596/2121/3939 1616/2142/3959 1617/2143/3960 1597/2122/3940
f 1597/2122/3940 1617/2143/3960 1618/2144/3961 1598/2123/3941
f 1598/2123/3941 1618/2144/3961 1619/2145/3962 1599/2124/3942
f 1599/2124/3942 1619/2145/3962 1620/2146/3963 1600/2125/3943
f 1600/2125/3943 1620/2146/3963 1621/2147/3964 1601/2126/3944
f 1601/2126/3944 1621/2147/3964 1622/2148/3965 1602/2127/3945
f 1602/2127/3945 1622/2148/3965 1623/2149/3966 1603/2128/3946
f 1603/2128/3946 1623/2149/3966 1624/2150/3967 1604/2129/3947
f 1604/2129/3947 1624/2150/3967 1625/2151/3968 1605/2130/3948
f 1605/2130/3948 1625/2151/3968 1626/2152/3969 1606/2131/3949
f 1606/2131/3949 1626/2152/3969 1627/2153/3970 1607/2132/3950
f 1607/2132/3950 1627/2153/3970 1628/2154/3971 1608/2133/3951
f 1608/2133/3951 1628/2154/3971 1629/2155/3972 1609/2134/3952
f 1609/2134/3952 1629/2155/3972 1630/2156/3973 1610/2135/3953
f 1610/2135/3953 1630/2156/3973 1611/2157/3954 1591/2136/3934
f 1611/2137/3954 1631/2158/3974 1632/2159/3975 1612/2138/3955
f 1612/2138/3955 1632/2159/3975 1633/2160/3976 1613/2139/3956
f 1613/2139/3956 1633/2160/3976 1634/2161/3977 1614/2140/3957
f 1614/2140/3957 1634/2161/3977 1635/2162/3978 1615/2141/3958
f 1615/2141/3958 1635/2162/3978 1636/2163/3979 1616/2142/3959
f 1616/2142/3959 1636/2163/3979 1637/2164/3980 1617/2143/3960
f 1617/2143/3960 1637/2164/3980 1638/2165/3981 1618/2144/3961
f 1618/2144/3961 1638/2165/3981 1639/2166/3982 1619/2145/3962
f 1619/2145/3962 1639/2166/3982 1640/2167/3983 1620/2146/3963
f 1620/2146/3963 1640/2167/3983 1641/2168/3984 1621/2147/3964
f 1621/2147/3964 1641/2168/3984 1642/2169/3985 1622/2148/3965
f 1622/2148/3965 1642/2169/3985 1643/2170/3986 1623/2149/3966
f 1623/2149/3966 1643/2170/3986 1644/2171/3987 1624/2150/3967
f 1624/2150/3967 1644/2171/3987 1645/2172/3988 1625/2151/3968
f 1625/2151/3968 1645/2172/3988 1646/2173/3989 1626/2152/3969
f 1626/2152/3969 1646/2173/3989 1647/2174/3990 1627/2153/3970
f 1627/2153/3970 1647/2174/3990 1648/2175/3991 1628/2154/3971
f 1628/2154/3971 1648/2175/3991 1649/2176/3992 1629/2155/3972
f 1629/2155/3972 1649/2176/3992 1650/2177/3993 1630/2156/3973
f 1630/2156/3973 1650/2177/3993 1631/2178/3974 1611/2157/3954
f 1631/2158/3974 1651/2179/3994 1652/2180/3995 1632/2159/3975
f 1632/2159/3975 1652/2180/3995 1653/2181/3996 1633/2160/3976
f 1633/2160/3976 1653/2181/3996 1654/2182/3997 1634/2161/3977
f 1634/2161/3977 1654/2182/3997 1655/2183/3998 1635/2162/3978
f 1635/2162/3978 1655/2183/3998 1656/2184/3999 1636/2163/3979
f 1636/2163/3979 1656/2184/3999 1657/2185/4000 1637/2164/3980
f 1637/2164/3980 1657/2185/4000 1658/2186/4001 1638/2165/3981
f 1638/2165/3981 1658/2186/4001 1659/2187/4002 1639/2166/3982
f 1639/2166/3982 1659/2187/4002 1660/2188/4003 1640/2167/3983
f 1640/2167/3983 1660/2188/4003 1661/2189/4004 1641/2168/3984
f 1641/2168/3984 1661/2189/4004 1662/2190/4005 1642/2169/3985
f 1642/2169/3985 1662/2190/4005 1663/2191/4006 1643/2170/3986
f 1643/2170/3986 1663/2191/4006 1664/2192/4007 1644/2171/3987
f 1644/2171/3987 1664/2192/4007 1665/2193/4008 1645/2172/3988
f 1645/2172/3988 1665/2193/4008 1666/2194/4009 1646/2173/3989
f 1646/2173/3989 1666/2194/4009 1667/2195/4010 1647/2174/3990
f 1647/2174/3990 1667/2195/4010 1668/2196/4011 1648/2175/3991
f 1648/2175/3991 1668/2196/4011 1669/2197/4012 1649/2176/3992
f 1649/2176/3992 1669/2197/4012 1670/2198/4013 1650/2177/3993
f 1650/2177/3993 1670/2198/4013 1651/2199/3994 1631/2178/3974
f 1651/2179/3994 1671/2200/4014 1672/2201/4015 1652/2180/3995
f 1652/2180/3995 1672/2201/4015 1673/2202/4016 1653/2181/3996
f 1653/2181/3996 1673/2202/4016 1674/2203/4017 1654/2182/3997
f 1654/2182/3997 1674/2203/4017 1675/2204/4018 1655/2183/3998
f 1655/2183/3998 1675/2204/4018 1676/2205/4019 1656/2184/3999
f 1656/2184/3999 1676/2205/4019 1677/2206/4020 1657/2185/4000
f 1657/2185/4000 1677/2206/4020 1678/2207/4021 1658/2186/4001
f 1658/2186/4001 1678/2207/4021 1679/2208/4022 1659/2187/4002
f 1659/2187/4002 1679/2208/4022 1680/2209/4023 1660/2188/4003
f 1660/2188/4003 1680/2209/4023 1681/2210/4024 1661/2189/4004
f 1661/2189/4004 1681/2210/4024 1682/2211/4025 1662/2190/4005
f 1662/2190/4005 1682/2211/4025 1683/2212/4026 1663/2191/4006
f 1663/2191/4006 1683/2212/4026 1684/2213/4027 1664/2192/4007
f 1664/2192/4007 1684/2213/4027 1685/2214/4028 1665/2193/4008
f 1665/2193/4008 1685/2214/4028 1686/2215/4029 1666/2194/4009
f 1666/2194/4009 1686/2215/4029 1687/2216/4030 1667/2195/4010
f 1667/2195/4010 1687/2216/4030 1688/2217/4031 1668/2196/4011
f 1668/2196/4011 1688/2217/4031 1689/2218/4032 1669/2197/4012
f 1669/2197/4012 1689/2218/4032 1690/2219/4033 1670/2198/4013
f 1670/2198/4013 1690/2219/4033 1671/2220/4014 1651/2199/3994
f 1671/2200/4014 1691/2221/4034 1692/2222/4035 1672/2201/4015
f 1672/2201/4015 1692/2222/4035 1693/2223/4036 1673/2202/4016
f 1673/2202/4016 1693/2223/4036 1694/2224/4037 1674/2203/4017
f 1674/2203/4017 1694/2224/4037 1695/2225/4038 1675/2204/4018
f 1675/2204/4018 1695/2225/4038 1696/2226/4039 1676/2205/4019
f 1676/2205/4019 1696/2226/4039 1697/2227/4040 1677/2206/4020
f 1677/2206/4020 1697/2227/4040 1698/2228/4041 1678/2207/4021
f 1678/2207/4021 1698/2228/4041 1699/2229/4042 1679/2208/4022
f 1679/2208/4022 1699/2229/4042 1700/2230/4043 1680/2209/4023
f 1680/2209/4023 1700/2230/4043 1701/2231/4044 1681/2210/4024
f 1681/2210/4024 1701/2231/4044 1702/2232/4045 1682/2211/4025
f 1682/2211/4025 1702/2232/4045 1703/2233/4046 1683/2212/4026
f 1683/2212/4026 1703/2233/4046 1704/2234/4047 1684/2213/4027
f 1684/2213/4027 1704/2234/4047 1705/2235/4048 1685/2214/4028
f 1685/2214/4028 1705/2235/4048 1706/2236/4049 1686/2215/4029
f 1686/2215/4029 1706/2236/4049 1707/2237/4050 1687/2216/4030
f 1687/2216/4030 1707/2237/4050 1708/2238/4051 1688/2217/4031
f 1688/2217/4031 1708/2238/4051 1709/2239/4052 1689/2218/4032
f 1689/2218/4032 1709/2239/4052 1710/2240/4053 1690/2219/4033
f 1690/2219/4033 1710/2240/4053 1691/2241/4034 1671/2220/4014
f 1691/2221/4034 1711/2242/4054 1712/2243/4055 1692/2222/4035
f 1692/2222/4035 1712/2243/4055 1713/2244/4056 1693/2223/4036
f 1693/2223/4036 1713/2244/4056 1714/2245/4057 1694/2224/4037
f 1694/2224/4037 1714/2245/4057 1715/2246/4058 1695/2225/4038
f 1695/2225/4038 1715/2246/4058 1716/2247/4059 1696/2226/4039
f 1696/2226/4039 1716/2247/4059 1717/2248/4060 1697/2227/4040
f 1697/2227/4040 1717/2248/4060 1718/2249/4061 1698/2228/4041
f 1698/2228/4041 1718/2249/4061 1719/2250/4062 1699/2229/4042
f 1699/2229/4042 1719/2250/4062 1720/2251/4063 1700/2230/4043
f 1700/2230/4043 1720/2251/4063 1721/2252/4064 1701/2231/4044
f 1701/2231/4044 1721/2252/4064 1722/2253/4065 1702/2232/4045
f 1702/2232/4045 1722/2253/4065 1723/2254/4066 1703/2233/4046
f 1703/2233/4046 1723/2254/4066 1724/2255/4067 1704/2234/4047
f 1704/2234/4047 1724/2255/4067 1725/2256/4068 1705/2235/4048
f 1705/2235/4048 1725/2256/4068 1726/2257/4069 1706/2236/4049
f 1706/2236/4049 1726/2257/4069 1727/2258/4070 1707/2237/4050
f 1707/2237/4050 1727/2258/4070 1728/2259/4071 1708/2238/4051
f 1708/2238/4051 1728/2259/4071 1729/2260/4072 1709/2239/4052
f 1709/2239/4052 1729/2260/4072 1730/2261/4073 1710/2240/4053
f 1710/2240/4053 1730/2261/4073 1711/2262/4054 1691/2241/4034
f 1352/1867/3697 1731/2263/4074 1351/1864/3694
f 1353/1869/3699 1731/2264/4074 1352/1867/3697
f 1354/1871/3701 1731/2265/4074 1353/1869/3699
f 1355/1873/3703 1731/2266/4074 1354/1871/3701
f 1356/1875/3705 1731/2267/4074 1355/1873/3703
f 1357/1877/3707 1731/2268/4074 1356/1875/3705
f 1358/1879/3709 1731/2269/4074 1357/1877/3707
f 1359/1881/3711 1731/2270/4074 1358/1879/3709
f 1360/1883/3713 1731/2271/4074 1359/1881/3711
f 1361/1885/3715 1731/2272/4074 1360/1883/3713
f 1362/1887/3717 1731/2273/4074 1361/1885/3715
f 1363/1889/3719 1731/2274/4074 1362/1887/3717
f 1364/1891/3721 1731/2275/4074 1363/1889/3719
f 1365/1893/3723 1731/2276/4074 1364/1891/3721
f 1366/1895/3725 1731/2277/4074 1365/1893/3723
f 1367/1897/3727 1731/2278/4074 1366/1895/3725
f 1368/1899/3729 1731/2279/4074 1367/1897/3727
f 1369/1901/3731 1731/2280/4074 1368/1899/3729
f 1370/1903/3733 1731/2281/4074 1369/1901/3731
f 1351/1905/3694 1731/2282/4074 1370/1903/3733
f 1711/2242/4054 1732/2283/4075 1712/2243/4055
f 1712/2243/4055 1732/2284/4075 1713/2244/4056
f 1713/2244/4056 1732/2285/4075 1714/2245/4057
f 1714/2245/4057 1732/2286/4075 1715/2246/4058
f 1715/2246/4058 1732/2287/4075 1716/2247/4059
f 1716/2247/4059 1732/2288/4075 1717/2248/4060
f 1717/2248/4060 1732/2289/4075 1718/2249/4061
f 1718/2249/4061 1732/2290/4075 1719/2250/4062
f 1719/2250/4062 1732/2291/4075 1720/2251/4063
f 1720/2251/4063 1732/2292/4075 1721/2252/4064
f 1721/2252/4064 1732/2293/4075 1722/2253/4065
f 1722/2253/4065 1732/2294/4075 1723/2254/4066
f 1723/2254/4066 1732/2295/4075 1724/2255/4067
f 1724/2255/4067 1732/2296/4075 1725/2256/4068
f 1725/2256/4068 1732/2297/4075 1726/2257/4069
f 1726/2257/4069 1732/2298/4075 1727/2258/4070
f 1727/2258/4070 1732/2299/4075 1728/2259/4071
f 1728/2259/4071 1732/2300/4075 1729/2260/4072
f 1729/2260/4072 1732/2301/4075 1730/2261/4073
f 1730/2261/4073 1732/2302/4075 1711/2262/4054
s 446
f 1733/2303/4076 1753/2304/4077 1754/2305/4078 1734/2306/4079
f 1734/2306/4079 1754/2305/4078 1755/2307/4080 1735/2308/4081
f 1735/2308/4081 1755/2307/4080 1756/2309/4082 1736/2310/4083
f 1736/2310/4083 1756/2309/4082 1757/2311/4084 1737/2312/4085
f 1737/2312/4085 1757/2311/4084 1758/2313/4086 1738/2314/4087
f 1738/2314/4087 1758/2313/4086 1759/2315/4088 1739/2316/4089
f 1739/2316/4089 1759/2315/4088 1760/2317/4090 1740/2318/4091
f 1740/2318/4091 1760/2317/4090 1761/2319/4092 1741/2320/4093
f 1741/2320/4093 1761/2319/4092 1762/2321/4094 1742/2322/4095
f 1742/2322/4095 1762/2321/4094 1763/2323/4096 1743/2324/4097
f 1743/2324/4097 1763/2323/4096 1764/2325/4098 1744/2326/4099
f 1744/2326/4099 1764/2325/4098 1765/2327/4100 1745/2328/4101
f 1745/2328/4101 1765/2327/4100 1766/2329/4102 1746/2330/4103
f 1746/2330/4103 1766/2329/4102 1767/2331/4104 1747/2332/4105
f 1747/2332/4105 1767/2331/4104 1768/2333/4106 1748/2334/4107
f 1748/2334/4107 1768/2333/4106 1769/2335/4108 1749/2336/4109
f 1749/2336/4109 1769/2335/4108 1770/2337/4110 1750/2338/4111
f 1750/2338/4111 1770/2337/4110 1771/2339/4112 1751/2340/4113
f 1751/2340/4113 1771/2339/4112 1772/2341/4114 1752/2342/4115
f 1752/2342/4115 1772/2341/4114 1753/2343/4077 1733/2344/4076
f 1753/2304/4077 1773/2345/4116 1774/2346/4117 1754/2305/4078
f 1754/2305/4078 1774/2346/4117 1775/2347/4118 1755/2307/4080
f 1755/2307/4080 1775/2347/4118 1776/2348/4119 1756/2309/4082
f 1756/2309/4082 1776/2348/4119 1777/2349/4120 1757/2311/4084
f 1757/2311/4084 1777/2349/4120 1778/2350/4121 1758/2313/4086
f 1758/2313/4086 1778/2350/4121 1779/2351/4122 1759/2315/4088
f 1759/2315/4088 1779/2351/4122 1780/2352/4123 1760/2317/4090
f 1760/2317/4090 1780/2352/4123 1781/2353/4124 1761/2319/4092
f 1761/2319/4092 1781/2353/4124 1782/2354/4125 1762/2321/4094
f 1762/2321/4094 1782/2354/4125 1783/2355/4126 1763/2323/4096
f 1763/2323/4096 1783/2355/4126 1784/2356/4127 1764/2325/4098
f 1764/2325/4098 1784/2356/4127 1785/2357/4128 1765/2327/4100
f 1765/2327/4100 1785/2357/4128 1786/2358/4129 1766/2329/4102
f 1766/2329/4102 1786/2358/4129 1787/2359/4130 1767/2331/4104
f 1767/2331/4104 1787/2359/4130 1788/2360/4131 1768/2333/4106
f 1768/2333/4106 1788/2360/4131 1789/2361/4132 1769/2335/4108
f 1769/2335/4108 1789/2361/4132 1790/2362/4133 1770/2337/4110
f 1770/2337/4110 1790/2362/4133 1791/2363/4134 1771/2339/4112
f 1771/2339/4112 1791/2363/4134 1792/2364/4135 1772/2341/4114
f 1772/2341/4114 1792/2364/4135 1773/2365/4116 1753/2343/4077
f 1773/2345/4116 1793/2366/4136 1794/2367/4137 1774/2346/4117
f 1774/2346/4117 1794/2367/4137 1795/2368/4138 1775/2347/4118
f 1775/2347/4118 1795/2368/4138 1796/2369/4139 1776/2348/4119
f 1776/2348/4119 1796/2369/4139 1797/2370/4140 1777/2349/4120
f 1777/2349/4120 1797/2370/4140 1798/2371/4141 1778/2350/4121
f 1778/2350/4121 1798/2371/4141 1799/2372/4142 1779/2351/4122
f 1779/2351/4122 1799/2372/4142 1800/2373/4143 1780/2352/4123
f 1780/2352/4123 1800/2373/4143 1801/2374/4144 1781/2353/4124
f 1781/2353/4124 1801/2374/4144 1802/2375/4145 1782/2354/4125
f 1782/2354/4125 1802/2375/4145 1803/2376/4146 1783/2355/4126
f 1783/2355/4126 1803/2376/4146 1804/2377/4147 1784/2356/4127
f 1784/2356/4127 1804/2377/4147 1805/2378/4148 1785/2357/4128
f 1785/2357/4128 1805/2378/4148 1806/2379/4149 1786/2358/4129
f 1786/2358/4129 1806/2379/4149 1807/2380/4150 1787/2359/4130
f 1787/2359/4130 1807/2380/4150 1808/2381/4151 1788/2360/4131
f 1788/2360/4131 1808/2381/4151 1809/2382/4152 1789/2361/4132
f 1789/2361/4132 1809/2382/4152 1810/2383/4153 1790/2362/4133
f 1790/2362/4133 1810/2383/4153 1811/2384/4154 1791/2363/4134
f 1791/2363/4134 1811/2384/4154 1812/2385/4155 1792/2364/4135
f 1792/2364/4135 1812/2385/4155 1793/2386/4136 1773/2365/4116
f 1793/2366/4136 1813/2387/4156 1814/2388/4157 1794/2367/4137
f 1794/2367/4137 1814/2388/4157 1815/2389/4158 1795/2368/4138
f 1795/2368/4138 1815/2389/4158 1816/2390/4159 1796/2369/4139
f 1796/2369/4139 1816/2390/4159 1817/2391/4160 1797/2370/4140
f 1797/2370/4140 1817/2391/4160 1818/2392/4161 1798/2371/4141
f 1798/2371/4141 1818/2392/4161 1819/2393/4162 1799/2372/4142
f 1799/2372/4142 1819/2393/4162 1820/2394/4163 1800/2373/4143
f 1800/2373/4143 1820/2394/4163 1821/2395/4164 1801/2374/4144
f 1801/2374/4144 1821/2395/4164 1822/2396/4165 1802/2375/4145
f 1802/2375/4145 1822/2396/4165 1823/2397/4166 1803/2376/4146
f 1803/2376/4146 1823/2397/4166 1824/2398/4167 1804/2377/4147
f 1804/2377/4147 1824/2398/4167 1825/2399/4168 1805/2378/4148
f 1805/2378/4148 1825/2399/4168 1826/2400/4169 1806/2379/4149
f 1806/2379/4149 1826/2400/4169 1827/2401/4170 1807/2380/4150
f 1807/2380/4150 1827/2401/4170 1828/2402/4171 1808/2381/4151
f 1808/2381/4151 1828/2402/4171 1829/2403/4172 1809/2382/4152
f 1809/2382/4152 1829/2403/4172 1830/2404/4173 1810/2383/4153
f 1810/2383/4153 1830/2404/4173 1831/2405/4174 1811/2384/4154
f 1811/2384/4154 1831/2405/4174 1832/2406/4175 1812/2385/4155
f 1812/2385/4155 1832/2406/4175 1813/2407/4156 1793/2386/4136
f 1813/2387/4156 1833/2408/4176 1834/2409/4177 1814/2388/4157
f 1814/2388/4157 1834/2409/4177 1835/2410/4178 1815/2389/4158
f 1815/2389/4158 1835/2410/4178 1836/2411/4179 1816/2390/4159
f 1816/2390/4159 1836/2411/4179 1837/2412/4180 1817/2391/4160
f 1817/2391/4160 1837/2412/4180 1838/2413/4181 1818/2392/4161
f 1818/2392/4161 1838/2413/4181 1839/2414/4182 1819/2393/4162
f 1819/2393/4162 1839/2414/4182 1840/2415/4183 1820/2394/4163
f 1820/2394/4163 1840/2415/4183 1841/2416/4184 1821/2395/4164
f 1821/2395/4164 1841/2416/4184 1842/2417/4185 1822/2396/4165
f 1822/2396/4165 1842/2417/4185 1843/2418/4186 1823/2397/4166
f 1823/2397/4166 1843/2418/4186 1844/2419/4187 1824/2398/4167
f 1824/2398/4167 1844/2419/4187 1845/2420/4188 1825/2399/4168
f 1825/2399/4168 1845/2420/4188 1846/2421/4189 1826/2400/4169
f 1826/2400/4169 1846/2421/4189 1847/2422/4190 1827/2401/4170
f 1827/2401/4170 1847/2422/4190 1848/2423/4191 1828/2402/4171
f 1828/2402/4171 1848/2423/4191 1849/2424/4192 1829/2403/4172
f 1829/2403/4172 1849/2424/4192 1850/2425/4193 1830/2404/4173
f 1830/2404/4173 1850/2425/4193 1851/2426/4194 1831/2405/4174
f 1831/2405/4174 1851/2426/4194 1852/2427/4195 1832/2406/4175
f 1832/2406/4175 1852/2427/4195 1833/2428/4176 1813/2407/4156
f 1833/2408/4176 1853/2429/4196 1854/2430/4197 1834/2409/4177
f 1834/2409/4177 1854/2430/4197 1855/2431/4198 1835/2410/4178
f 1835/2410/4178 1855/2431/4198 1856/2432/4199 1836/2411/4179
f 1836/2411/4179 1856/2432/4199 1857/2433/4200 1837/2412/4180
f 1837/2412/4180 1857/2433/4200 1858/2434/4201 1838/2413/4181
f 1838/2413/4181 1858/2434/4201 1859/2435/4202 1839/2414/4182
f 1839/2414/4182 1859/2435/4202 1860/2436/4203 1840/2415/4183
f 1840/2415/4183 1860/2436/4203 1861/2437/4204 1841/2416/4184
f 1841/2416/4184 1861/2437/4204 1862/2438/4205 1842/2417/4185
f 1842/2417/4185 1862/2438/4205 1863/2439/4206 1843/2418/4186
f 1843/2418/4186 1863/2439/4206 1864/2440/4207 1844/2419/4187
f 1844/2419/4187 1864/2440/4207 1865/2441/4208 1845/2420/4188
f 1845/2420/4188 1865/2441/4208 1866/2442/4209 1846/2421/4189
f 1846/2421/4189 1866/2442/4209 1867/2443/4210 1847/2422/4190
f 1847/2422/4190 1867/2443/4210 1868/2444/4211 1848/2423/4191
f 1848/2423/4191 1868/2444/4211 1869/2445/4212 1849/2424/4192
f 1849/2424/4192 1869/2445/4212 1870/2446/4213 1850/2425/4193
f 1850/2425/4193 1870/2446/4213 1871/2447/4214 1851/2426/4194
f 1851/2426/4194 1871/2447/4214 1872/2448/4215 1852/2427/4195
f 1852/2427/4195 1872/2448/4215 1853/2449/4196 1833/2428/4176
f 1853/2429/4196 1873/2450/4216 1874/2451/4217 1854/2430/4197
f 1854/2430/4197 1874/2451/4217 1875/2452/4218 1855/2431/4198
f 1855/2431/4198 1875/2452/4218 1876/2453/4219 1856/2432/4199
f 1856/2432/4199 1876/2453/4219 1877/2454/4220 1857/2433/4200
f 1857/2433/4200 1877/2454/4220 1878/2455/4221 1858/2434/4201
f 1858/2434/4201 1878/2455/4221 1879/2456/4222 1859/2435/4202
f 1859/2435/4202 1879/2456/4222 1880/2457/4223 1860/2436/4203
f 1860/2436/4203 1880/2457/4223 1881/2458/4224 1861/2437/4204
f 1861/2437/4204 1881/2458/4224 1882/2459/4225 1862/2438/4205
f 1862/2438/4205 1882/2459/4225 1883/2460/4226 1863/2439/4206
f 1863/2439/4206 1883/2460/4226 1884/2461/4227 1864/2440/4207
f 1864/2440/4207 1884/2461/4227 1885/2462/4228 1865/2441/4208
f 1865/2441/4208 1885/2462/4228 1886/2463/4229 1866/2442/4209
f 1866/2442/4209 1886/2463/4229 1887/2464/4230 1867/2443/4210
f 1867/2443/4210 1887/2464/4230 1888/2465/4231 1868/2444/4211
f 1868/2444/4211 1888/2465/4231 1889/2466/4232 1869/2445/4212
f 1869/2445/4212 1889/2466/4232 1890/2467/4233 1870/2446/4213
f 1870/2446/4213 1890/2467/4233 1891/2468/4234 1871/2447/4214
f 1871/2447/4214 1891/2468/4234 1892/2469/4235 1872/2448/4215
f 1872/2448/4215 1892/2469/4235 1873/2470/4216 1853/2449/4196
f 1873/2450/4216 1893/2471/4236 1894/2472/4237 1874/2451/4217
f 1874/2451/4217 1894/2472/4237 1895/2473/4238 1875/2452/4218
f 1875/2452/4218 1895/2473/4238 1896/2474/4239 1876/2453/4219
f 1876/2453/4219 1896/2474/4239 1897/2475/4240 1877/2454/4220
f 1877/2454/4220 1897/2475/4240 1898/2476/4241 1878/2455/4221
f 1878/2455/4221 1898/2476/4241 1899/2477/4242 1879/2456/4222
f 1879/2456/4222 1899/2477/4242 1900/2478/4243 1880/2457/4223
f 1880/2457/4223 1900/2478/4243 1901/2479/4244 1881/2458/4224
f 1881/2458/4224 1901/2479/4244 1902/2480/4245 1882/2459/4225
f 1882/2459/4225 1902/2480/4245 1903/2481/4246 1883/2460/4226
f 1883/2460/4226 1903/2481/4246 1904/2482/4247 1884/2461/4227
f 1884/2461/4227 1904/2482/4247 1905/2483/4248 1885/2462/4228
f 1885/2462/4228 1905/2483/4248 1906/2484/4249 1886/2463/4229
f 1886/2463/4229 1906/2484/4249 1907/2485/4250 1887/2464/4230
f 1887/2464/4230 1907/2485/4250 1908/2486/4251 1888/2465/4231
f 1888/2465/4231 1908/2486/4251 1909/2487/4252 1889/2466/4232
f 1889/2466/4232 1909/2487/4252 1910/2488/4253 1890/2467/4233
f 1890/2467/4233 1910/2488/4253 1911/2489/4254 1891/2468/4234
f 1891/2468/4234 1911/2489/4254 1912/2490/4255 1892/2469/4235
f 1892/2469/4235 1912/2490/4255 1893/2491/4236 1873/2470/4216
f 1893/2471/4236 1913/2492/4256 1914/2493/4257 1894/2472/4237
f 1894/2472/4237 1914/2493/4257 1915/2494/4258 1895/2473/4238
f 1895/2473/4238 1915/2494/4258 1916/2495/4259 1896/2474/4239
f 1896/2474/4239 1916/2495/4259 1917/2496/4260 1897/2475/4240
f 1897/2475/4240 1917/2496/4260 1918/2497/4261 1898/2476/4241
f 1898/2476/4241 1918/2497/4261 1919/2498/4262 1899/2477/4242
f 1899/2477/4242 1919/2498/4262 1920/2499/4263 1900/2478/4243
f 1900/2478/4243 1920/2499/4263 1921/2500/4264 1901/2479/4244
f 1901/2479/4244 1921/2500/4264 1922/2501/4265 1902/2480/4245
f 1902/2480/4245 1922/2501/4265 1923/2502/4266 1903/2481/4246
f 1903/2481/4246 1923/2502/4266 1924/2503/4267 1904/2482/4247
f 1904/2482/4247 1924/2503/4267 1925/2504/4268 1905/2483/4248
f 1905/2483/4248 1925/2504/4268 1926/2505/4269 1906/2484/4249
f 1906/2484/4249 1926/2505/4269 1927/2506/4270 1907/2485/4250
f 1907/2485/4250 1927/2506/4270 1928/2507/4271 1908/2486/4251
f 1908/2486/4251 1928/2507/4271 1929/2508/4272 1909/2487/4252
f 1909/2487/4252 1929/2508/4272 1930/2509/4273 1910/2488/4253
f 1910/2488/4253 1930/2509/4273 1931/2510/4274 1911/2489/4254
f 1911/2489/4254 1931/2510/4274 1932/2511/4275 1912/2490/4255
f 1912/2490/4255 1932/2511/4275 1913/2512/4256 1893/2491/4236
f 1913/2492/4256 1933/2513/4276 1934/2514/4277 1914/2493/4257
f 1914/2493/4257 1934/2514/4277 1935/2515/4278 1915/2494/4258
f 1915/2494/4258 1935/2515/4278 1936/2516/4279 1916/2495/4259
f 1916/2495/4259 1936/2516/4279 1937/2517/4280 1917/2496/4260
f 1917/2496/4260 1937/2517/4280 1938/2518/4281 1918/2497/4261
f 1918/2497/4261 1938/2518/4281 1939/2519/4282 1919/2498/4262
f 1919/2498/4262 1939/2519/4282 1940/2520/4283 1920/2499/4263
f 1920/2499/4263 1940/2520/4283 1941/2521/4284 1921/2500/4264
f 1921/2500/4264 1941/2521/4284 1942/2522/4285 1922/2501/4265
f 1922/2501/4265 1942/2522/4285 1943/2523/4286 1923/2502/4266
f 1923/2502/4266 1943/2523/4286 1944/2524/4287 1924/2503/4267
f 1924/2503/4267 1944/2524/4287 1945/2525/4288 1925/2504/4268
f 1925/2504/4268 1945/2525/4288 1946/2526/4289 1926/2505/4269
f 1926/2505/4269 1946/2526/4289 1947/2527/4290 1927/2506/4270
f 1927/2506/4270 1947/2527/4290 1948/2528/4291 1928/2507/4271
f 1928/2507/4271 1948/2528/4291 1949/2529/4292 1929/2508/4272
f 1929/2508/4272 1949/2529/4292 1950/2530/4293 1930/2509/4273
f 1930/2509/4273 1950/2530/4293 1951/2531/4294 1931/2510/4274
f 1931/2510/4274 1951/2531/4294 1952/2532/4295 1932/2511/4275
f 1932/2511/4275 1952/2532/4295 1933/2533/4276 1913/2512/4256
f 1933/2513/4276 1953/2534/4296 1954/2535/4297 1934/2514/4277
f 1934/2514/4277 1954/2535/4297 1955/2536/4298 1935/2515/4278
f 1935/2515/4278 1955/2536/4298 1956/2537/4299 1936/2516/4279
f 1936/2516/4279 1956/2537/4299 1957/2538/4300 1937/2517/4280
f 1937/2517/4280 1957/2538/4300 1958/2539/4301 1938/2518/4281
f 1938/2518/4281 1958/2539/4301 1959/2540/4302 1939/2519/4282
f 1939/2519/4282 1959/2540/4302 1960/2541/4303 1940/2520/4283
f 1940/2520/4283 1960/2541/4303 1961/2542/4304 1941/2521/4284
f 1941/2521/4284 1961/2542/4304 1962/2543/4305 1942/2522/4285
f 1942/2522/4285 1962/2543/4305 1963/2544/4306 1943/2523/4286
f 1943/2523/4286 1963/2544/4306 1964/2545/4307 1944/2524/4287
f 1944/2524/4287 1964/2545/4307 1965/2546/4308 1945/2525/4288
f 1945/2525/4288 1965/2546/4308 1966/2547/4309 1946/2526/4289
f 1946/2526/4289 1966/2547/4309 1967/2548/4310 1947/2527/4290
f 1947/2527/4290 1967/2548/4310 1968/2549/4311 1948/2528/4291
f 1948/2528/4291 1968/2549/4311 1969/2550/4312 1949/2529/4292
f 1949/2529/4292 1969/2550/4312 1970/2551/4313 1950/2530/4293
f 1950/2530/4293 1970/2551/4313 1971/2552/4314 1951/2531/4294
f 1951/2531/4294 1971/2552/4314 1972/2553/4315 1952/2532/4295
f 1952/2532/4295 1972/2553/4315 1953/2554/4296 1933/2533/4276
f 1953/2534/4296 1973/2555/4316 1974/2556/4317 1954/2535/4297
f 1954/2535/4297 1974/2556/4317 1975/2557/4318 1955/2536/4298
f 1955/2536/4298 1975/2557/4318 1976/2558/4319 1956/2537/4299
f 1956/2537/4299 1976/2558/4319 1977/2559/4320 1957/2538/4300
f 1957/2538/4300 1977/2559/4320 1978/2560/4321 1958/2539/4301
f 1958/2539/4301 1978/2560/4321 1979/2561/4322 1959/2540/4302
f 1959/2540/4302 1979/2561/4322 1980/2562/4323 1960/2541/4303
f 1960/2541/4303 1980/2562/4323 1981/2563/4324 1961/2542/4304
f 1961/2542/4304 1981/2563/4324 1982/2564/4325 1962/2543/4305
f 1962/2543/4305 1982/2564/4325 1983/2565/4326 1963/2544/4306
f 1963/2544/4306 1983/2565/4326 1984/2566/4327 1964/2545/4307
f 1964/2545/4307 1984/2566/4327 1985/2567/4328 1965/2546/4308
f 1965/2546/4308 1985/2567/4328 1986/2568/4329 1966/2547/4309
f 1966/2547/4309 1986/2568/4329 1987/2569/4330 1967/2548/4310
f 1967/2548/4310 1987/2569/4330 1988/2570/4331 1968/2549/4311
f 1968/2549/4311 1988/2570/4331 1989/2571/4332 1969/2550/4312
f 1969/2550/4312 1989/2571/4332 1990/2572/4333 1970/2551/4313
f 1970/2551/4313 1990/2572/4333 1991/2573/4334 1971/2552/4314
f 1971/2552/4314 1991/2573/4334 1992/2574/4335 1972/2553/4315
f 1972/2553/4315 1992/2574/4335 1973/2575/4316 1953/2554/4296
f 1973/2555/4316 1993/2576/4336 1994/2577/4337 1974/2556/4317
f 1974/2556/4317 1994/2577/4337 1995/2578/4338 1975/2557/4318
f 1975/2557/4318 1995/2578/4338 1996/2579/4339 1976/2558/4319
f 1976/2558/4319 1996/2579/4339 1997/2580/4340 1977/2559/4320
f 1977/2559/4320 1997/2580/4340 1998/2581/4341 1978/2560/4321
f 1978/2560/4321 1998/2581/4341 1999/2582/4342 1979/2561/4322
f 1979/2561/4322 1999/2582/4342 2000/2583/4343 1980/2562/4323
f 1980/2562/4323 2000/2583/4343 2001/2584/4344 1981/2563/4324
f 1981/2563/4324 2001/2584/4344 2002/2585/4345 1982/2564/4325
f 1982/2564/4325 2002/2585/4345 2003/2586/4346 1983/2565/4326
f 1983/2565/4326 2003/2586/4346 2004/2587/4347 1984/2566/4327
f 1984/2566/4327 2004/2587/4347 2005/2588/4348 1985/2567/4328
f 1985/2567/4328 2005/2588/4348 2006/2589/4349 1986/2568/4329
f 1986/2568/4329 2006/2589/4349 2007/2590/4350 1987/2569/4330
f 1987/2569/4330 2007/2590/4350 2008/2591/4351 1988/2570/4331
f 1988/2570/4331 2008/2591/4351 2009/2592/4352 1989/2571/4332
f 1989/2571/4332 2009/2592/4352 2010/2593/4353 1990/2572/4333
f 1990/2572/4333 2010/2593/4353 2011/2594/4354 1991/2573/4334
f 1991/2573/4334 2011/2594/4354 2012/2595/4355 1992/2574/4335
f 1992/2574/4335 2012/2595/4355 1993/2596/4336 1973/2575/4316
f 1993/2576/4336 2013/2597/4356 2014/2598/4357 1994/2577/4337
f 1994/2577/4337 2014/2598/4357 2015/2599/4358 1995/2578/4338
f 1995/2578/4338 2015/2599/4358 2016/2600/4359 1996/2579/4339
f 1996/2579/4339 2016/2600/4359 2017/2601/4360 1997/2580/4340
f 1997/2580/4340 2017/2601/4360 2018/2602/4361 1998/2581/4341
f 1998/2581/4341 2018/2602/4361 2019/2603/4362 1999/2582/4342
f 1999/2582/4342 2019/2603/4362 2020/2604/4363 2000/2583/4343
f 2000/2583/4343 2020/2604/4363 2021/2605/4364 2001/2584/4344
f 2001/2584/4344 2021/2605/4364 2022/2606/4365 2002/2585/4345
f 2002/2585/4345 2022/2606/4365 2023/2607/4366 2003/2586/4346
f 2003/2586/4346 2023/2607/4366 2024/2608/4367 2004/2587/4347
f 2004/2587/4347 2024/2608/4367 2025/2609/4368 2005/2588/4348
f 2005/2588/4348 2025/2609/4368 2026/2610/4369 2006/2589/4349
f 2006/2589/4349 2026/2610/4369 2027/2611/4370 2007/2590/4350
f 2007/2590/4350 2027/2611/4370 2028/2612/4371 2008/2591/4351
f 2008/2591/4351 2028/2612/4371 2029/2613/4372 2009/2592/4352
f 2009/2592/4352 2029/2613/4372 2030/2614/4373 2010/2593/4353
f 2010/2593/4353 2030/2614/4373 2031/2615/4374 2011/2594/4354
f 2011/2594/4354 2031/2615/4374 2032/2616/4375 2012/2595/4355
f 2012/2595/4355 2032/2616/4375 2013/2617/4356 1993/2596/4336
f 2013/2597/4356 2033/2618/4376 2034/2619/4377 2014/2598/4357
f 2014/2598/4357 2034/2619/4377 2035/2620/4378 2015/2599/4358
f 2015/2599/4358 2035/2620/4378 2036/2621/4379 2016/2600/4359
f 2016/2600/4359 2036/2621/4379 2037/2622/4380 2017/2601/4360
f 2017/2601/4360 2037/2622/4380 2038/2623/4381 2018/2602/4361
f 2018/2602/4361 2038/2623/4381 2039/2624/4382 2019/2603/4362
f 2019/2603/4362 2039/2624/4382 2040/2625/4383 2020/2604/4363
f 2020/2604/4363 2040/2625/4383 2041/2626/4384 2021/2605/4364
f 2021/2605/4364 2041/2626/4384 2042/2627/4385 2022/2606/4365
f 2022/2606/4365 2042/2627/4385 2043/2628/4386 2023/2607/4366
f 2023/2607/4366 2043/2628/4386 2044/2629/4387 2024/2608/4367
f 2024/2608/4367 2044/2629/4387 2045/2630/4388 2025/2609/4368
f 2025/2609/4368 2045/2630/4388 2046/2631/4389 2026/2610/4369
f 2026/2610/4369 2046/2631/4389 2047/2632/4390 2027/2611/4370
f 2027/2611/4370 2047/2632/4390 2048/2633/4391 2028/2612/4371
f 2028/2612/4371 2048/2633/4391 2049/2634/4392 2029/2613/4372
f 2029/2613/4372 2049/2634/4392 2050/2635/4393 2030/2614/4373
f 2030/2614/4373 2050/2635/4393 2051/2636/4394 2031/2615/4374
f 2031/2615/4374 2051/2636/4394 2052/2637/4395 2032/2616/4375
f 2032/2616/4375 2052/2637/4395 2033/2638/4376 2013/2617/4356
f 2033/2618/4376 2053/2639/4396 2054/2640/4397 2034/2619/4377
f 2034/2619/4377 2054/2640/4397 2055/2641/4398 2035/2620/4378
f 2035/2620/4378 2055/2641/4398 2056/2642/4399 2036/2621/4379
f 2036/2621/4379 2056/2642/4399 2057/2643/4400 2037/2622/4380
f 2037/2622/4380 2057/2643/4400 2058/2644/4401 2038/2623/4381
f 2038/2623/4381 2058/2644/4401 2059/2645/4402 2039/2624/4382
f 2039/2624/4382 2059/2645/4402 2060/2646/4403 2040/2625/4383
f 2040/2625/4383 2060/2646/4403 2061/2647/4404 2041/2626/4384
f 2041/2626/4384 2061/2647/4404 2062/2648/4405 2042/2627/4385
f 2042/2627/4385 2062/2648/4405 2063/2649/4406 2043/2628/4386
f 2043/2628/4386 2063/2649/4406 2064/2650/4407 2044/2629/4387
f 2044/2629/4387 2064/2650/4407 2065/2651/4408 2045/2630/4388
f 2045/2630/4388 2065/2651/4408 2066/2652/4409 2046/2631/4389
f 2046/2631/4389 2066/2652/4409 2067/2653/4410 2047/2632/4390
f 2047/2632/4390 2067/2653/4410 2068/2654/4411 2048/2633/4391
f 2048/2633/4391 2068/2654/4411 2069/2655/4412 2049/2634/4392
f 2049/2634/4392 2069/2655/4412 2070/2656/4413 2050/2635/4393
f 2050/2635/4393 2070/2656/4413 2071/2657/4414 2051/2636/4394
f 2051/2636/4394 2071/2657/4414 2072/2658/4415 2052/2637/4395
f 2052/2637/4395 2072/2658/4415 2053/2659/4396 2033/2638/4376
f 2053/2639/4396 2073/2660/4416 2074/2661/4417 2054/2640/4397
f 2054/2640/4397 2074/2661/4417 2075/2662/4418 2055/2641/4398
f 2055/2641/4398 2075/2662/4418 2076/2663/4419 2056/2642/4399
f 2056/2642/4399 2076/2663/4419 2077/2664/4420 2057/2643/4400
f 2057/2643/4400 2077/2664/4420 2078/2665/4421 2058/2644/4401
f 2058/2644/4401 2078/2665/4421 2079/2666/4422 2059/2645/4402
f 2059/2645/4402 2079/2666/4422 2080/2667/4423 2060/2646/4403
f 2060/2646/4403 2080/2667/4423 2081/2668/4424 2061/2647/4404
f 2061/2647/4404 2081/2668/4424 2082/2669/4425 2062/2648/4405
f 2062/2648/4405 2082/2669/4425 2083/2670/4426 2063/2649/4406
f 2063/2649/4406 2083/2670/4426 2084/2671/4427 2064/2650/4407
f 2064/2650/4407 2084/2671/4427 2085/2672/4428 2065/2651/4408
f 2065/2651/4408 2085/2672/4428 2086/2673/4429 2066/2652/4409
f 2066/2652/4409 2086/2673/4429 2087/2674/4430 2067/2653/4410
f 2067/2653/4410 2087/2674/4430 2088/2675/4431 2068/2654/4411
f 2068/2654/4411 2088/2675/4431 2089/2676/4432 2069/2655/4412
f 2069/2655/4412 2089/2676/4432 2090/2677/4433 2070/2656/4413
f 2070/2656/4413 2090/2677/4433 2091/2678/4434 2071/2657/4414
f 2071/2657/4414 2091/2678/4434 2092/2679/4435 2072/2658/4415
f 2072/2658/4415 2092/2679/4435 2073/2680/4416 2053/2659/4396
f 2073/2660/4416 2093/2681/4436 2094/2682/4437 2074/2661/4417
f 2074/2661/4417 2094/2682/4437 2095/2683/4438 2075/2662/4418
f 2075/2662/4418 2095/2683/4438 2096/2684/4439 2076/2663/4419
f 2076/2663/4419 2096/2684/4439 2097/2685/4440 2077/2664/4420
f 2077/2664/4420 2097/2685/4440 2098/2686/4441 2078/2665/4421
f 2078/2665/4421 2098/2686/4441 2099/2687/4442 2079/2666/4422
f 2079/2666/4422 2099/2687/4442 2100/2688/4443 2080/2667/4423
f 2080/2667/4423 2100/2688/4443 2101/2689/4444 2081/2668/4424
f 2081/2668/4424 2101/2689/4444 2102/2690/4445 2082/2669/4425
f 2082/2669/4425 2102/2690/4445 2103/2691/4446 2083/2670/4426
f 2083/2670/4426 2103/2691/4446 2104/2692/4447 2084/2671/4427
f 2084/2671/4427 2104/2692/4447 2105/2693/4448 2085/2672/4428
f 2085/2672/4428 2105/2693/4448 2106/2694/4449 2086/2673/4429
f 2086/2673/4429 2106/2694/4449 2107/2695/4450 2087/2674/4430
f 2087/2674/4430 2107/2695/4450 2108/2696/4451 2088/2675/4431
f 2088/2675/4431 2108/2696/4451 2109/2697/4452 2089/2676/4432
f 2089/2676/4432 2109/2697/4452 2110/2698/4453 2090/2677/4433
f 2090/2677/4433 2110/2698/4453 2111/2699/4454 2091/2678/4434
f 2091/2678/4434 2111/2699/4454 2112/2700/4455 2092/2679/4435
f 2092/2679/4435 2112/2700/4455 2093/2701/4436 2073/2680/4416
f 1734/2306/4079 2113/2702/4456 1733/2303/4076
f 1735/2308/4081 2113/2703/4456 1734/2306/4079
f 1736/2310/4083 2113/2704/4456 1735/2308/4081
f 1737/2312/4085 2113/2705/4456 1736/2310/4083
f 1738/2314/4087 2113/2706/4456 1737/2312/4085
f 1739/2316/4089 2113/2707/4456 1738/2314/4087
f 1740/2318/4091 2113/2708/4456 1739/2316/4089
f 1741/2320/4093 2113/2709/4456 1740/2318/4091
f 1742/2322/4095 2113/2710/4456 1741/2320/4093
f 1743/2324/4097 2113/2711/4456 1742/2322/4095
f 1744/2326/4099 2113/2712/4456 1743/2324/4097
f 1745/2328/4101 2113/2713/4456 1744/2326/4099
f 1746/2330/4103 2113/2714/4456 1745/2328/4101
f 1747/2332/4105 2113/2715/4456 1746/2330/4103
f 1748/2334/4107 2113/2716/4456 1747/2332/4105
f 1749/2336/4109 2113/2717/4456 1748/2334/4107
f 1750/2338/4111 2113/2718/4456 1749/2336/4109
f 1751/2340/4113 2113/2719/4456 1750/2338/4111
f 1752/2342/4115 2113/2720/4456 1751/2340/4113
f 1733/2344/4076 2113/2721/4456 1752/2342/4115
f 2093/2681/4436 2114/2722/4457 2094/2682/4437
f 2094/2682/4437 2114/2723/4457 2095/2683/4438
f 2095/2683/4438 2114/2724/4457 2096/2684/4439
f 2096/2684/4439 2114/2725/4457 2097/2685/4440
f 2097/2685/4440 2114/2726/4457 2098/2686/4441
f 2098/2686/4441 2114/2727/4457 2099/2687/4442
f 2099/2687/4442 2114/2728/4457 2100/2688/4443
f 2100/2688/4443 2114/2729/4457 2101/2689/4444
f 2101/2689/4444 2114/2730/4457 2102/2690/4445
f 2102/2690/4445 2114/2731/4457 2103/2691/4446
f 2103/2691/4446 2114/2732/4457 2104/2692/4447
f 2104/2692/4447 2114/2733/4457 2105/2693/4448
f 2105/2693/4448 2114/2734/4457 2106/2694/4449
f 2106/2694/4449 2114/2735/4457 2107/2695/4450
f 2107/2695/4450 2114/2736/4457 2108/2696/4451
f 2108/2696/4451 2114/2737/4457 2109/2697/4452
f 2109/2697/4452 2114/2738/4457 2110/2698/4453
f 2110/2698/4453 2114/2739/4457 2111/2699/4454
f 2111/2699/4454 2114/2740/4457 2112/2700/4455
f 2112/2700/4455 2114/2741/4457 2093/2701/4436
